team1,seed1,team2,seed2,team1_win_prob
Duke,1,Ohio State,8,0.8067957661131434
Duke,1,St. John's,5,0.7009007779864068
Duke,1,Kansas,4,0.6473611339456902
Duke,1,Louisville,6,0.8074436014267737
Duke,1,Michigan State,3,0.7282547419027031
Duke,1,UCLA,7,0.7700143915256227
Duke,1,UConn,2,0.6568206403041366
Duke,1,Arizona,1,0.5016838667485598
Duke,1,Villanova,8,0.8460342421185965
Duke,1,Wisconsin,5,0.7060031599722192
Duke,1,Arkansas,4,0.6571041053630298
Duke,1,BYU,6,0.7263697617647212
Duke,1,Gonzaga,3,0.8435732260650021
Duke,1,Miami (FL),7,0.874261675070544
Duke,1,Purdue,2,0.488355413028011
Duke,1,Florida,1,0.645491982339338
Duke,1,Clemson,8,0.8225592546720345
Duke,1,Vanderbilt,5,0.6967882860019894
Duke,1,Nebraska,4,0.801498681227488
Duke,1,North Carolina,6,0.8159553859006178
Duke,1,Illinois,3,0.7911327453397251
Duke,1,Saint Mary's,7,0.7987746138186024
Duke,1,Houston,2,0.6095107306794462
Duke,1,Michigan,1,0.42365440417781647
Duke,1,Georgia,8,0.8930954742012998
Duke,1,Texas Tech,5,0.7300877687189725
Duke,1,Alabama,4,0.6996277060607998
Duke,1,Tennessee,6,0.7824220588313475
Duke,1,Virginia,3,0.7109817658013341
Duke,1,Kentucky,7,0.751176205796074
Duke,1,Iowa State,2,0.6659232469514081
Duke,1,Siena,16,0.9941750863571872
Duke,1,TCU,9,0.8626142624736832
Duke,1,Northern Iowa,12,0.8363282890700522
Duke,1,California Baptist,13,0.9803951029963744
Duke,1,South Florida,11,0.8516840705112121
Duke,1,North Dakota State,14,0.8687261455718406
Duke,1,UCF,10,0.8515051838426781
Duke,1,Furman,15,0.8998556647022254
Duke,1,LIU,16,0.9927134768987174
Duke,1,Utah State,9,0.6764009251082542
Duke,1,High Point,12,0.5150727011285551
Duke,1,Hawaii,13,0.958721898700071
Duke,1,Texas,11,0.7911433332802335
Duke,1,Kennesaw State,14,0.460958264984937
Duke,1,Missouri,10,0.8988456710128175
Duke,1,Queens,15,0.9871445756207756
Duke,1,Prairie View A&M,16,0.7437885502421024
Duke,1,Iowa,9,0.8672274903603528
Duke,1,McNeese,12,0.6504401693072207
Duke,1,Troy,13,0.8446305334929338
Duke,1,VCU,11,0.9270032109427295
Duke,1,Penn,14,0.9202539907353308
Duke,1,Texas A&M,10,0.9071637643035748
Duke,1,Idaho,15,0.7849062026859137
Duke,1,Howard,16,0.9762228908340697
Duke,1,Saint Louis,9,0.7876066263050944
Duke,1,Akron,12,0.8168736963878311
Duke,1,Hofstra,13,0.8413753048828133
Duke,1,Miami (OH),11,0.6583106106820034
Duke,1,Wright State,14,0.886008989270233
Duke,1,Santa Clara,10,0.8308006743598817
Duke,1,Tennessee State,15,0.9432450900043915
Ohio State,8,Duke,1,0.193204233886857
Ohio State,8,St. John's,5,0.35945468403330927
Ohio State,8,Kansas,4,0.3053683594766923
Ohio State,8,Louisville,6,0.5010403476380145
Ohio State,8,Michigan State,3,0.3908985222832351
Ohio State,8,UCLA,7,0.44499100498704774
Ohio State,8,UConn,2,0.31428433360882096
Ohio State,8,Arizona,1,0.19425630796994736
Ohio State,8,Villanova,8,0.5681990024724448
Ohio State,8,Wisconsin,5,0.3651056072055623
Ohio State,8,Arkansas,4,0.31455546856017585
Ohio State,8,BYU,6,0.38863793184200357
Ohio State,8,Gonzaga,3,0.5635878152928884
Ohio State,8,Miami (FL),7,0.6247722590139617
Ohio State,8,Purdue,2,0.1860460612343056
Ohio State,8,Florida,1,0.3036364231238168
Ohio State,8,Clemson,8,0.5260915471243853
Ohio State,8,Vanderbilt,5,0.35496797431850535
Ohio State,8,Nebraska,4,0.49159200782065693
Ohio State,8,North Carolina,6,0.5149602235372688
Ohio State,8,Illinois,3,0.4756303609027211
Ohio State,8,Saint Mary's,7,0.48733533305382715
Ohio State,8,Houston,2,0.2720856156177212
Ohio State,8,Michigan,1,0.14968011580545726
Ohio State,8,Georgia,8,0.6667305374882038
Ohio State,8,Texas Tech,5,0.3931107833766195
Ohio State,8,Alabama,4,0.3580593584829738
Ohio State,8,Tennessee,6,0.4626980497058696
Ohio State,8,Virginia,3,0.37071149187481633
Ohio State,8,Kentucky,7,0.41959712202958127
Ohio State,8,Iowa State,2,0.3231093190172058
Ohio State,8,Siena,16,0.976117720128233
Ohio State,8,TCU,9,0.600572794872635
Ohio State,8,Northern Iowa,12,0.5502883576871164
Ohio State,8,California Baptist,13,0.9229310143216591
Ohio State,8,South Florida,11,0.5789704135506689
Ohio State,8,North Dakota State,14,0.6131137081539781
Ohio State,8,UCF,10,0.578625338988345
Ohio State,8,Furman,15,0.6827197839631309
Ohio State,8,LIU,16,0.9702606270261915
Ohio State,8,Utah State,9,0.333578960027568
Ohio State,8,High Point,12,0.20277925370170183
Ohio State,8,Hawaii,13,0.8476059434748598
Ohio State,8,Texas,11,0.4756463420392051
Ohio State,8,Kennesaw State,14,0.16997446955571827
Ohio State,8,Missouri,10,0.6802979226034287
Ohio State,8,Queens,15,0.9484231548110069
Ohio State,8,Prairie View A&M,16,0.41009588376507333
Ohio State,8,Iowa,9,0.6100069419337008
Ohio State,8,McNeese,12,0.3082426084096559
Ohio State,8,Troy,13,0.5655629706089076
Ohio State,8,VCU,11,0.7525425426648659
Ohio State,8,Penn,14,0.7342864352160449
Ohio State,8,Texas A&M,10,0.7006013832287077
Ohio State,8,Idaho,15,0.46634280026280106
Ohio State,8,Howard,16,0.9076811564703078
Ohio State,8,Saint Louis,9,0.47034383645669237
Ohio State,8,Akron,12,0.5164904339636794
Ohio State,8,Hofstra,13,0.5595101078005765
Ohio State,8,Miami (OH),11,0.31571211242954733
Ohio State,8,Wright State,14,0.6505106957963439
Ohio State,8,Santa Clara,10,0.5404091050911385
Ohio State,8,Tennessee State,15,0.7991934875560918
St. John's,5,Duke,1,0.2990992220135936
St. John's,5,Ohio State,8,0.6405453159666913
St. John's,5,Kansas,4,0.43926854523505005
St. John's,5,Louisville,6,0.641502903657536
St. John's,5,Michigan State,3,0.5334984598045247
St. John's,5,UCLA,7,0.5882659477116848
St. John's,5,UConn,2,0.44956381600421974
St. John's,5,Arizona,1,0.30051315102603365
St. John's,5,Villanova,8,0.7010365371164459
St. John's,5,Wisconsin,5,0.5061146264845786
St. John's,5,Arkansas,4,0.4498750901969786
St. John's,5,BYU,6,0.5311323066711956
St. John's,5,Gonzaga,3,0.6970876653701186
St. John's,5,Miami (FL),7,0.7479268394832954
St. John's,5,Purdue,2,0.28942511611902694
St. John's,5,Florida,1,0.4372552223789024
St. John's,5,Clemson,8,0.6642279383052926
St. John's,5,Vanderbilt,5,0.49511499487271526
St. John's,5,Nebraska,4,0.6327648788973408
St. John's,5,North Carolina,6,0.6542085901503598
St. John's,5,Illinois,3,0.6177894099855837
St. John's,5,Saint Mary's,7,0.628797667609241
St. John's,5,Houston,2,0.39979126714481544
St. John's,5,Michigan,1,0.23877988719384713
St. John's,5,Georgia,8,0.7809423452130299
St. John's,5,Texas Tech,5,0.5358078318831432
St. John's,5,Alabama,4,0.49848367741258964
St. John's,5,Tennessee,6,0.605454801103715
St. John's,5,Virginia,3,0.5121391226997701
St. John's,5,Kentucky,7,0.5629896318119141
St. John's,5,Iowa State,2,0.4596411657853641
St. John's,5,Siena,16,0.9864560416024913
St. John's,5,TCU,9,0.7282148131415097
St. John's,5,Northern Iowa,12,0.6855869139977155
St. John's,5,California Baptist,13,0.9552373306876218
St. John's,5,South Florida,11,0.710184446633778
St. John's,5,North Dakota State,14,0.7384931476941475
St. John's,5,UCF,10,0.7098930278900134
St. John's,5,Furman,15,0.7931520417056276
St. John's,5,LIU,16,0.983090483913464
St. John's,5,Utah State,9,0.47145349997661584
St. John's,5,High Point,12,0.3118934887558702
St. John's,5,Hawaii,13,0.9083520942124971
St. John's,5,Texas,11,0.6178045400150088
St. John's,5,Kennesaw State,14,0.2673564593444093
St. John's,5,Missouri,10,0.7913154693829877
St. John's,5,Queens,15,0.9703863729659603
St. John's,5,Prairie View A&M,16,0.5533369791854765
St. John's,5,Iowa,9,0.7359596091935351
St. John's,5,McNeese,12,0.44260007384453937
St. John's,5,Troy,13,0.6987815420945885
St. John's,5,VCU,11,0.8442176639413517
St. John's,5,Penn,14,0.8312078826144221
St. John's,5,Texas A&M,10,0.8065731183681494
St. John's,5,Idaho,15,0.6089496003271752
St. John's,5,Howard,16,0.9460060338550678
St. John's,5,Saint Louis,9,0.6127692572111694
St. John's,5,Akron,12,0.6555933046167246
St. John's,5,Hofstra,13,0.6935791430168984
St. John's,5,Miami (OH),11,0.4512017763961322
St. John's,5,Wright State,14,0.7683497844265612
St. John's,5,Santa Clara,10,0.6769349470869634
St. John's,5,Tennessee State,15,0.8764239319223689
Kansas,4,Duke,1,0.3526388660543104
Kansas,4,Ohio State,8,0.6946316405233082
Kansas,4,St. John's,5,0.5607314547649507
Kansas,4,Louisville,6,0.695513634186687
Kansas,4,Michigan State,3,0.5934692950221339
Kansas,4,UCLA,7,0.645869654029191
Kansas,4,UConn,2,0.5104229756866543
Kansas,4,Arizona,1,0.3541779977499612
Kansas,4,Villanova,8,0.7495792964081808
Kansas,4,Wisconsin,5,0.5667469353086356
Kansas,4,Arkansas,4,0.5107372890085979
Kansas,4,BYU,6,0.5911742252583457
Kansas,4,Gonzaga,3,0.7460393273296558
Kansas,4,Miami (FL),7,0.7911244973531744
Kansas,4,Purdue,2,0.34207822856372994
Kansas,4,Florida,1,0.49795551442723734
Kansas,4,Clemson,8,0.7163289066823862
Kansas,4,Vanderbilt,5,0.5559128010159785
Kansas,4,Nebraska,4,0.6874506714303109
Kansas,4,North Carolina,6,0.7071788660207894
Kansas,4,Illinois,3,0.6735547536024026
Kansas,4,Saint Mary's,7,0.6837789939558954
Kansas,4,Houston,2,0.45953773737714043
Kansas,4,Michigan,1,0.28592688049676546
Kansas,4,Georgia,8,0.8198449725334407
Kansas,4,Texas Tech,5,0.5957067672746866
Kansas,4,Alabama,4,0.5592369523403441
Kansas,4,Tennessee,6,0.6620352855180934
Kansas,4,Virginia,3,0.5726563207808543
Kansas,4,Kentucky,7,0.6218564623978564
Kansas,4,Iowa State,2,0.5205743355093141
Kansas,4,Siena,16,0.989358647854823
Kansas,4,TCU,9,0.7737687292949247
Kansas,4,Northern Iowa,12,0.7356924451894004
Kansas,4,California Baptist,13,0.9645902590878116
Kansas,4,South Florida,11,0.7577551235572088
Kansas,4,North Dakota State,14,0.7828380563137214
Kansas,4,UCF,10,0.7574952049503979
Kansas,4,Furman,15,0.830357361322605
Kansas,4,LIU,16,0.9867046417209574
Kansas,4,Utah State,9,0.532409705741338
Kansas,4,High Point,12,0.36652571202572465
Kansas,4,Hawaii,13,0.9267502381787944
Kansas,4,Texas,11,0.6735688425417597
Kansas,4,Kennesaw State,14,0.31779031119627943
Kansas,4,Missouri,10,0.8287798178841702
Kansas,4,Queens,15,0.9766513563141467
Kansas,4,Prairie View A&M,16,0.6126093623971587
Kansas,4,Iowa,9,0.7806065077491307
Kansas,4,McNeese,12,0.5033786401106705
Kansas,4,Troy,13,0.7475585979058577
Kansas,4,VCU,11,0.8737005210696943
Kansas,4,Penn,14,0.8627526420797311
Kansas,4,Texas A&M,10,0.8418457713846973
Kansas,4,Idaho,15,0.6653059567380377
Kansas,4,Howard,16,0.957201374290866
Kansas,4,Saint Louis,9,0.6688744694846762
Kansas,4,Akron,12,0.7084459946017443
Kansas,4,Hofstra,13,0.7428886678529869
Kansas,4,Miami (OH),11,0.5120763888827684
Kansas,4,Wright State,14,0.8089416160168237
Kansas,4,Santa Clara,10,0.7278719926114191
Kansas,4,Tennessee State,15,0.9005297114445904
Louisville,6,Duke,1,0.19255639857322662
Louisville,6,Ohio State,8,0.49895965236198603
Louisville,6,St. John's,5,0.3584970963424645
Louisville,6,Kansas,4,0.30448636581331356
Louisville,6,Michigan State,3,0.38990815786726635
Louisville,6,UCLA,7,0.44396348488692994
Louisville,6,UConn,2,0.31338820617476926
Louisville,6,Arizona,1,0.19360579147776869
Louisville,6,Villanova,8,0.5671777200517233
Louisville,6,Wisconsin,5,0.36414152348581774
Louisville,6,Arkansas,4,0.31365892165926396
Louisville,6,BYU,6,0.3876496497222142
Louisville,6,Gonzaga,3,0.5625640229545884
Louisville,6,Miami (FL),7,0.6237961895886401
Louisville,6,Purdue,2,0.18541671192911208
Louisville,6,Florida,1,0.30275725151675686
Louisville,6,Clemson,8,0.5250539197687665
Louisville,6,Vanderbilt,5,0.3540157332805139
Louisville,6,Nebraska,4,0.4905519907584636
Louisville,6,North Carolina,6,0.5139207425397153
Louisville,6,Illinois,3,0.4745925898704616
Louisville,6,Saint Mary's,7,0.4862957076679979
Louisville,6,Houston,2,0.2712622122223248
Louisville,6,Michigan,1,0.14915124175207226
Louisville,6,Georgia,8,0.6658052306398438
Louisville,6,Texas Tech,5,0.39211842230327054
Louisville,6,Alabama,4,0.3571034156339732
Louisville,6,Tennessee,6,0.46166365294170486
Louisville,6,Virginia,3,0.3697412260592578
Louisville,6,Kentucky,7,0.41858401518491783
Louisville,6,Iowa State,2,0.32219985206097806
Louisville,6,Siena,16,0.9760205175502139
Louisville,6,TCU,9,0.5995741212625488
Louisville,6,Northern Iowa,12,0.549258318312577
Louisville,6,California Baptist,13,0.9226344954192738
Louisville,6,South Florida,11,0.577955684234471
Louisville,6,North Dakota State,14,0.6121261394465416
Louisville,6,UCF,10,0.5776103847497674
Louisville,6,Furman,15,0.6818176847440047
Louisville,6,LIU,16,0.9701403148969956
Louisville,6,Utah State,9,0.33265450633030524
Louisville,6,High Point,12,0.20210735505985528
Louisville,6,Hawaii,13,0.8470676375350573
Louisville,6,Texas,11,0.4746085676979834
Louisville,6,Kennesaw State,14,0.16938817267104833
Louisville,6,Missouri,10,0.6793921711303503
Louisville,6,Queens,15,0.9482192128563158
Louisville,6,Prairie View A&M,16,0.4090895481035012
Louisville,6,Iowa,9,0.609016500070641
Louisville,6,McNeese,12,0.30735598634033484
Louisville,6,Troy,13,0.564540231684085
Louisville,6,VCU,11,0.7517667838274722
Louisville,6,Penn,14,0.7334737144938719
Louisville,6,Texas A&M,10,0.6997277644739094
Louisville,6,Idaho,15,0.4653073117088323
Louisville,6,Howard,16,0.9073318556809676
Louisville,6,Saint Louis,9,0.46930727663464106
Louisville,6,Akron,12,0.5154511466318037
Louisville,6,Hofstra,13,0.5584842434813625
Louisville,6,Miami (OH),11,0.31481378296696044
Louisville,6,Wright State,14,0.6495640251606775
Louisville,6,Santa Clara,10,0.5393753787407454
Louisville,6,Tennessee State,15,0.7985248215166554
Michigan State,3,Duke,1,0.2717452580972973
Michigan State,3,Ohio State,8,0.6091014777167655
Michigan State,3,St. John's,5,0.4665015401954759
Michigan State,3,Kansas,4,0.40653070497786675
Michigan State,3,Louisville,6,0.6100918421327343
Michigan State,3,UCLA,7,0.555422980665249
Michigan State,3,UConn,2,0.41662879033393496
Michigan State,3,Arizona,1,0.27308025791691853
Michigan State,3,Villanova,8,0.6721760980593087
Michigan State,3,Wisconsin,5,0.47259371209781725
Michigan State,3,Arkansas,4,0.41693453370787625
Michigan State,3,BYU,6,0.49762393502300517
Michigan State,3,Gonzaga,3,0.6680265399824342
Michigan State,3,Miami (FL),7,0.7217966115100563
Michigan State,3,Purdue,2,0.2626243842894408
Michigan State,3,Florida,1,0.40455917308481143
Michigan State,3,Clemson,8,0.6336709795126109
Michigan State,3,Vanderbilt,5,0.4616416429370829
Michigan State,3,Nebraska,4,0.6010643205948635
Michigan State,3,North Carolina,6,0.6232569896505127
Michigan State,3,Illinois,3,0.5856426529047422
Michigan State,3,Saint Mary's,7,0.5969727730338098
Michigan State,3,Houston,2,0.36806435381360425
Michigan State,3,Michigan,1,0.21524827475647654
Michigan State,3,Georgia,8,0.757123169739666
Michigan State,3,Texas Tech,5,0.5023205059330744
Michigan State,3,Alabama,4,0.46499233039233423
Michigan State,3,Tennessee,6,0.5729876786321062
Michigan State,3,Virginia,3,0.4786058638854291
Michigan State,3,Kentucky,7,0.5297422028197256
Michigan State,3,Iowa State,2,0.42653996573572445
Michigan State,3,Siena,16,0.984540986982997
Michigan State,3,TCU,9,0.7008584809470666
Michigan State,3,Northern Iowa,12,0.6559669631348132
Michigan State,3,California Baptist,13,0.9491356983086231
Michigan State,3,South Florida,11,0.6818062734391795
Michigan State,3,North Dakota State,14,0.7117618802357827
Michigan State,3,UCF,10,0.6814991168810476
Michigan State,3,Furman,15,0.7702699384741143
Michigan State,3,LIU,16,0.9807088608265194
Michigan State,3,Utah State,9,0.4381914612406213
Michigan State,3,High Point,12,0.28384328354995736
Michigan State,3,Hawaii,13,0.8965516162950036
Michigan State,3,Texas,11,0.585658202003965
Michigan State,3,Kennesaw State,14,0.2419035876866478
Michigan State,3,Missouri,10,0.7682895522479173
Michigan State,3,Queens,15,0.9662768168458846
Michigan State,3,Prairie View A&M,16,0.5199813224278501
Michigan State,3,Iowa,9,0.7090713874481966
Michigan State,3,McNeese,12,0.40979539895788997
Michigan State,3,Troy,13,0.6698059489822552
Michigan State,3,VCU,11,0.825743486030877
Michigan State,3,Penn,14,0.8115353021242745
Michigan State,3,Texas A&M,10,0.784772815160649
Michigan State,3,Idaho,15,0.5765689379231351
Michigan State,3,Howard,16,0.9387267912178001
Michigan State,3,Saint Louis,9,0.5804869868229395
Michigan State,3,Akron,12,0.6246945445408245
Michigan State,3,Hofstra,13,0.6643434925238954
Michigan State,3,Miami (OH),11,0.41823793106979446
Michigan State,3,Wright State,14,0.7436108946356301
Michigan State,3,Santa Clara,10,0.6469196875690872
Michigan State,3,Tennessee State,15,0.8611408715667239
UCLA,7,Duke,1,0.22998560847437777
UCLA,7,Ohio State,8,0.5550089950129529
UCLA,7,St. John's,5,0.4117340522883157
UCLA,7,Kansas,4,0.3541303459708095
UCLA,7,Louisville,6,0.5560365151130707
UCLA,7,Michigan State,3,0.4445770193347517
UCLA,7,UConn,2,0.3637245511458688
UCLA,7,Arizona,1,0.23118058059705537
UCLA,7,Villanova,8,0.6213864440592253
UCLA,7,Wisconsin,5,0.4176709424229757
UCLA,7,Arkansas,4,0.3640156962356915
UCLA,7,BYU,6,0.44223138423105257
UCLA,7,Gonzaga,3,0.6169603470650263
UCLA,7,Miami (FL),7,0.6749773580461637
UCLA,7,Purdue,2,0.22183939850435544
UCLA,7,Florida,1,0.35226209895131455
UCLA,7,Clemson,8,0.5806375953207339
UCLA,7,Vanderbilt,5,0.40700942971128845
UCLA,7,Nebraska,4,0.5466873773202187
UCLA,7,North Carolina,6,0.5697396504442738
UCLA,7,Illinois,3,0.5308045359187717
UCLA,7,Saint Mary's,7,0.5424626580086596
UCLA,7,Houston,2,0.31796570641069527
UCLA,7,Michigan,1,0.18002444154975528
UCLA,7,Georgia,8,0.7138925181713626
UCLA,7,Texas Tech,5,0.44687019330704736
UCLA,7,Alabama,4,0.4102657696928913
UCLA,7,Tennessee,6,0.5178535828417232
UCLA,7,Virginia,3,0.4235454998171929
UCLA,7,Kentucky,7,0.47414876932147737
UCLA,7,Iowa State,2,0.3731822746590208
UCLA,7,Siena,16,0.9807607614648025
UCLA,7,TCU,9,0.6522133639300903
UCLA,7,Northern Iowa,12,0.6041449628509986
UCLA,7,California Baptist,13,0.9372495487382323
UCLA,7,South Florida,11,0.6316911002395441
UCLA,7,North Dakota State,14,0.664039900047748
UCLA,7,UCF,10,0.6313617231829909
UCLA,7,Furman,15,0.7285403316837882
UCLA,7,LIU,16,0.9760143866121261
UCLA,7,Utah State,9,0.38435312651576115
UCLA,7,High Point,12,0.2408393333609418
UCLA,7,Hawaii,13,0.8740085870947027
UCLA,7,Texas,11,0.5308204942490158
UCLA,7,Kennesaw State,14,0.20344864953535416
UCLA,7,Missouri,10,0.726328025380699
UCLA,7,Queens,15,0.9582199417576344
UCLA,7,Prairie View A&M,16,0.46440064738914644
UCLA,7,Iowa,9,0.66111604489347
UCLA,7,McNeese,12,0.3572275295364481
UCLA,7,Troy,13,0.6188573048852357
UCLA,7,VCU,11,0.7913610565740331
UCLA,7,Penn,14,0.7751129595213596
UCLA,7,Texas A&M,10,0.7448048109147476
UCLA,7,Idaho,15,0.5215111020865236
UCLA,7,Howard,16,0.9246014784714539
UCLA,7,Saint Louis,9,0.5255193560628938
UCLA,7,Akron,12,0.5712409320526719
UCLA,7,Hofstra,13,0.613038929819373
UCLA,7,Miami (OH),11,0.36525729535676865
UCLA,7,Wright State,14,0.6989315227015049
UCLA,7,Santa Clara,10,0.5945771712488024
UCLA,7,Tennessee State,15,0.8323244562244542
UConn,2,Duke,1,0.34317935969586394
UConn,2,Ohio State,8,0.6857156663911795
UConn,2,St. John's,5,0.5504361839957809
UConn,2,Kansas,4,0.4895770243133463
UConn,2,Louisville,6,0.6866117938252313
UConn,2,Michigan State,3,0.5833712096660656
UConn,2,UCLA,7,0.6362754488541317
UConn,2,Arizona,1,0.3446991883708061
UConn,2,Villanova,8,0.7416710129199285
UConn,2,Wisconsin,5,0.5564811357068566
UConn,2,Arkansas,4,0.5003144540898359
UConn,2,BYU,6,0.5810593746497393
UConn,2,Gonzaga,3,0.7380583176104034
UConn,2,Miami (FL),7,0.7841504069576667
UConn,2,Purdue,2,0.3327563946647701
UConn,2,Florida,1,0.4875336013576255
UConn,2,Clemson,8,0.7077799322260919
UConn,2,Vanderbilt,5,0.5455961149372504
UConn,2,Nebraska,4,0.6784220956743121
UConn,2,North Carolina,6,0.6984702127462948
UConn,2,Illinois,3,0.6643207747637146
UConn,2,Saint Mary's,7,0.6746945446309011
UConn,2,Houston,2,0.4492004579128945
UConn,2,Michigan,1,0.27748983378334735
UConn,2,Georgia,8,0.8136038875929323
UConn,2,Texas Tech,5,0.5856254540378438
UConn,2,Alabama,4,0.5489348310674386
UConn,2,Tennessee,6,0.6526435020714163
UConn,2,Virginia,3,0.5624224338987428
UConn,2,Kentucky,7,0.6120025073609547
UConn,2,Iowa State,2,0.5101600749642258
UConn,2,Siena,16,0.9889105689216809
UConn,2,TCU,9,0.7663862703111274
UConn,2,Northern Iowa,12,0.7275050401591219
UConn,2,California Baptist,13,0.9631381073210891
UConn,2,South Florida,11,0.7500189266479685
UConn,2,North Dakota State,14,0.7756657467531939
UConn,2,UCF,10,0.7497534486813089
UConn,2,Furman,15,0.8244024542714652
UConn,2,LIU,16,0.9861463745118143
UConn,2,Utah State,9,0.5220164792123592
UConn,2,High Point,12,0.3568990640031816
UConn,2,Hawaii,13,0.9238687477249525
UConn,2,Texas,11,0.6643350636243521
UConn,2,Kennesaw State,14,0.3088196691308739
UConn,2,Missouri,10,0.8227813534597499
UConn,2,Queens,15,0.9756813593892717
UConn,2,Prairie View A&M,16,0.602668404457358
UConn,2,Iowa,9,0.773381831365062
UConn,2,McNeese,12,0.4929546720054835
UConn,2,Troy,13,0.7396086685706796
UConn,2,VCU,11,0.8690270929520907
UConn,2,Penn,14,0.8577400728332794
UConn,2,Texas A&M,10,0.836214593548405
UConn,2,Idaho,15,0.6559578299185561
UConn,2,Howard,16,0.9554601965147151
UConn,2,Saint Louis,9,0.6595750132681093
UConn,2,Akron,12,0.6997590267616928
UConn,2,Hofstra,13,0.7348438360927958
UConn,2,Miami (OH),11,0.5016542460885578
UConn,2,Wright State,14,0.8024138406183182
UConn,2,Santa Clara,10,0.7195346879967393
UConn,2,Tennessee State,15,0.8967316971839303
Arizona,1,Duke,1,0.49831613325144075
Arizona,1,Ohio State,8,0.805743692030053
Arizona,1,St. John's,5,0.6994868489739668
Arizona,1,Kansas,4,0.6458220022500394
Arizona,1,Louisville,6,0.8063942085222318
Arizona,1,Michigan State,3,0.726919742083082
Arizona,1,UCLA,7,0.7688194194029451
Arizona,1,UConn,2,0.6553008116291945
Arizona,1,Villanova,8,0.8451548284939007
Arizona,1,Wisconsin,5,0.7046031857673691
Arizona,1,Arkansas,4,0.6555848737851121
Arizona,1,BYU,6,0.7250289980929733
Arizona,1,Gonzaga,3,0.8426823695401203
Arizona,1,Miami (FL),7,0.8735193861352084
Arizona,1,Purdue,2,0.486672591571167
Arizona,1,Florida,1,0.6439491795169948
Arizona,1,Clemson,8,0.8215740355613385
Arizona,1,Vanderbilt,5,0.6953633657766152
Arizona,1,Nebraska,4,0.8004248976580903
Arizona,1,North Carolina,6,0.8149417489156299
Arizona,1,Illinois,3,0.7900175784101151
Arizona,1,Saint Mary's,7,0.7976898140479319
Arizona,1,Houston,2,0.6079064563710495
Arizona,1,Michigan,1,0.4220106413700009
Arizona,1,Georgia,8,0.8924506919255454
Arizona,1,Texas Tech,5,0.7287584200051449
Arizona,1,Alabama,4,0.6982103501394673
Arizona,1,Tennessee,6,0.7812732425489646
Arizona,1,Virginia,3,0.709595747336381
Arizona,1,Kentucky,7,0.7499151427479142
Arizona,1,Iowa State,2,0.6644231346564413
Arizona,1,Siena,16,0.9941359511137733
Arizona,1,TCU,9,0.8618140818986855
Arizona,1,Northern Iowa,12,0.8354042229292868
Arizona,1,California Baptist,13,0.9802652234002929
Arizona,1,South Florida,11,0.8508312375191517
Arizona,1,North Dakota State,14,0.8679561135737597
Arizona,1,UCF,10,0.8506515026075626
Arizona,1,Furman,15,0.8992470559666023
Arizona,1,LIU,16,0.9926645941468301
Arizona,1,Utah State,9,0.6749248940796939
Arizona,1,High Point,12,0.5133901937749754
Arizona,1,Hawaii,13,0.9584545217335019
Arizona,1,Texas,11,0.7900282078773866
Arizona,1,Kennesaw State,14,0.4592851048010088
Arizona,1,Missouri,10,0.8982316184041392
Arizona,1,Queens,15,0.9870588200740003
Arizona,1,Prairie View A&M,16,0.7425028804337293
Arizona,1,Iowa,9,0.8664500189129579
Arizona,1,McNeese,12,0.6489071879480725
Arizona,1,Troy,13,0.843744583027083
Arizona,1,VCU,11,0.9265461189988454
Arizona,1,Penn,14,0.9197582947052939
Arizona,1,Texas A&M,10,0.9065949590602683
Arizona,1,Idaho,15,0.7837668778576812
Arizona,1,Howard,16,0.9760660457086818
Arizona,1,Saint Louis,9,0.7864777141401152
Arizona,1,Akron,12,0.8158639756978301
Arizona,1,Hofstra,13,0.840474298212168
Arizona,1,Miami (OH),11,0.6567939326599009
Arizona,1,Wright State,14,0.8853269536456508
Arizona,1,Santa Clara,10,0.8298517493122677
Arizona,1,Tennessee State,15,0.9428834352206529
Villanova,8,Duke,1,0.15396575788140393
Villanova,8,Ohio State,8,0.43180099752755574
Villanova,8,St. John's,5,0.29896346288355463
Villanova,8,Kansas,4,0.25042070359181967
Villanova,8,Louisville,6,0.4328222799482773
Villanova,8,Michigan State,3,0.32782390194069183
Villanova,8,UCLA,7,0.37861355594077534
Villanova,8,UConn,2,0.258328987080072
Villanova,8,Arizona,1,0.15484517150609972
Villanova,8,Wisconsin,5,0.3041149119422536
Villanova,8,Arkansas,4,0.25857005183660564
Villanova,8,BYU,6,0.3257330085813056
Villanova,8,Gonzaga,3,0.4953074128466446
Villanova,8,Miami (FL),7,0.5585667137034501
Villanova,8,Purdue,2,0.14799468809050778
Villanova,8,Florida,1,0.24888874740646597
Villanova,8,Clemson,8,0.45759068917479084
Villanova,8,Vanderbilt,5,0.2948842055287943
Villanova,8,Nebraska,4,0.42356831416219703
Villanova,8,North Carolina,6,0.44654305851355325
Villanova,8,Illinois,3,0.40804268517016695
Villanova,8,Saint Mary's,7,0.41941474222004554
Villanova,8,Houston,2,0.22121954659474752
Villanova,8,Michigan,1,0.11798838442422598
Villanova,8,Georgia,8,0.603226636009182
Villanova,8,Texas Tech,5,0.32987251989556243
Villanova,8,Alabama,4,0.297693821317217
Villanova,8,Tennessee,6,0.3955617919737654
Villanova,8,Virginia,3,0.30924046178795905
Villanova,8,Kentucky,7,0.3545875360916663
Villanova,8,Iowa State,2,0.26619270441758147
Villanova,8,Siena,16,0.9688090502248632
Villanova,8,TCU,9,0.5332870511811659
Villanova,8,Northern Iowa,12,0.4818402310909765
Villanova,8,California Baptist,13,0.9009965443124932
Villanova,8,South Florida,11,0.5110085665772782
Villanova,8,North Dakota State,14,0.5463447646116262
Villanova,8,UCF,10,0.510654869386519
Villanova,8,Furman,15,0.6205285547835475
Villanova,8,LIU,16,0.9612307087199858
Villanova,8,Utah State,9,0.2755689039137029
Villanova,8,High Point,12,0.1619865924911355
Villanova,8,Hawaii,13,0.8086774378260673
Villanova,8,Texas,11,0.4080581625849817
Villanova,8,Kennesaw State,14,0.13466632885078095
Villanova,8,Missouri,10,0.6178976641451798
Villanova,8,Queens,15,0.9332189848396111
Villanova,8,Prairie View A&M,16,0.34568161441716366
Villanova,8,Iowa,9,0.5431013886362
Villanova,8,McNeese,12,0.2529661096336492
Villanova,8,Troy,13,0.49731596328965244
Villanova,8,VCU,11,0.697983111067318
Villanova,8,Penn,14,0.6774272339225471
Villanova,8,Texas A&M,10,0.6400673207354055
Villanova,8,Idaho,15,0.3990704871382162
Villanova,8,Howard,16,0.8819615462580518
Villanova,8,Saint Louis,9,0.40293013723886545
Villanova,8,Akron,12,0.44805776808387543
Villanova,8,Hofstra,13,0.49116772105220774
Villanova,8,Miami (OH),11,0.25959879960097937
Villanova,8,Wright State,14,0.5858360097800995
Villanova,8,Santa Clara,10,0.4719003477137349
Villanova,8,Tennessee State,15,0.7515235312584413
Wisconsin,5,Duke,1,0.2939968400277813
Wisconsin,5,Ohio State,8,0.6348943927944383
Wisconsin,5,St. John's,5,0.49388537351542205
Wisconsin,5,Kansas,4,0.433253064691365
Wisconsin,5,Louisville,6,0.6358584765141828
Wisconsin,5,Michigan State,3,0.5274062879021835
Wisconsin,5,UCLA,7,0.5823290575770248
Wisconsin,5,UConn,2,0.4435188642931439
Wisconsin,5,Arizona,1,0.2953968142326314
Wisconsin,5,Villanova,8,0.695885088057747
Wisconsin,5,Arkansas,4,0.44382932785573276
Wisconsin,5,BYU,6,0.5250367444083259
Wisconsin,5,Gonzaga,3,0.6918980777806503
Wisconsin,5,Miami (FL),7,0.7432874888867612
Wisconsin,5,Purdue,2,0.28442079734442627
Wisconsin,5,Florida,1,0.43124610860795165
Wisconsin,5,Clemson,8,0.658750977987243
Wisconsin,5,Vanderbilt,5,0.489001682466312
Wisconsin,5,Nebraska,4,0.6270628548003139
Wisconsin,5,North Carolina,6,0.6486546461365398
Wisconsin,5,Illinois,3,0.6119974428681924
Wisconsin,5,Saint Mary's,7,0.6230707383823316
Wisconsin,5,Houston,2,0.39393659738134523
Wisconsin,5,Michigan,1,0.23436243338188975
Wisconsin,5,Georgia,8,0.7767292443652396
Wisconsin,5,Texas Tech,5,0.529719233683784
Wisconsin,5,Alabama,4,0.4923693339264096
Wisconsin,5,Tennessee,6,0.5995970620224588
Wisconsin,5,Virginia,3,0.5060262854482954
Wisconsin,5,Kentucky,7,0.5569627640005252
Wisconsin,5,Iowa State,2,0.4535723687948963
Wisconsin,5,Siena,16,0.9861253284334881
Wisconsin,5,TCU,9,0.7233468626926293
Wisconsin,5,Northern Iowa,12,0.6802906590212126
Wisconsin,5,California Baptist,13,0.954179734371928
Wisconsin,5,South Florida,11,0.7051243227622568
Wisconsin,5,North Dakota State,14,0.7337419816808793
Wisconsin,5,UCF,10,0.7048299306486876
Wisconsin,5,Furman,15,0.7891103540819269
Wisconsin,5,LIU,16,0.9826790343236892
Wisconsin,5,Utah State,9,0.4653630571697128
Wisconsin,5,High Point,12,0.30666834337340315
Wisconsin,5,Hawaii,13,0.9062954172022427
Wisconsin,5,Texas,11,0.6120126581833962
Wisconsin,5,Kennesaw State,14,0.26259270728228007
Wisconsin,5,Missouri,10,0.7872475220343952
Wisconsin,5,Queens,15,0.9696753367590611
Wisconsin,5,Prairie View A&M,16,0.547284036751646
Wisconsin,5,Iowa,9,0.7311791684344349
Wisconsin,5,McNeese,12,0.4365744914737622
Wisconsin,5,Troy,13,0.6936082193200895
Wisconsin,5,VCU,11,0.8409737121118903
Wisconsin,5,Penn,14,0.8277482959008078
Wisconsin,5,Texas A&M,10,0.802728446782681
Wisconsin,5,Idaho,15,0.6031097349361564
Wisconsin,5,Howard,16,0.9447429486356462
Wisconsin,5,Saint Louis,9,0.6069496156857563
Wisconsin,5,Akron,12,0.6500497042503756
Wisconsin,5,Hofstra,13,0.6883563190249242
Wisconsin,5,Miami (OH),11,0.4451526120045968
Wisconsin,5,Wright State,14,0.7639676926811302
Wisconsin,5,Santa Clara,10,0.6715627695455038
Wisconsin,5,Tennessee State,15,0.8737503377035732
Arkansas,4,Duke,1,0.3428958946369707
Arkansas,4,Ohio State,8,0.6854445314398246
Arkansas,4,St. John's,5,0.5501249098030221
Arkansas,4,Kansas,4,0.4892627109914027
Arkansas,4,Louisville,6,0.6863410783407364
Arkansas,4,Michigan State,3,0.5830654662921243
Arkansas,4,UCLA,7,0.635984303764309
Arkansas,4,UConn,2,0.49968554591016484
Arkansas,4,Arizona,1,0.34441512621488846
Arkansas,4,Villanova,8,0.7414299481633948
Arkansas,4,Wisconsin,5,0.5561706721442679
Arkansas,4,BYU,6,0.5807531539744328
Arkansas,4,Gonzaga,3,0.7378150733551441
Arkansas,4,Miami (FL),7,0.7839374346710469
Arkansas,4,Purdue,2,0.33247718096710277
Arkansas,4,Florida,1,0.4872193476740439
Arkansas,4,Clemson,8,0.7075197132053467
Arkansas,4,Vanderbilt,5,0.545284257969315
Arkansas,4,Nebraska,4,0.6781476218711898
Arkansas,4,North Carolina,6,0.6982052384299182
Arkansas,4,Illinois,3,0.6640402253867007
Arkansas,4,Saint Mary's,7,0.6744184161373389
Arkansas,4,Houston,2,0.4488892696195916
Arkansas,4,Michigan,1,0.2772377257143319
Arkansas,4,Georgia,8,0.8134130611969581
Arkansas,4,Texas Tech,5,0.5853201890259512
Arkansas,4,Alabama,4,0.5486233697961476
Arkansas,4,Tennessee,6,0.6523583003934545
Arkansas,4,Virginia,3,0.5621128566593859
Arkansas,4,Kentucky,7,0.6117037899431024
Arkansas,4,Iowa State,2,0.5098457466981939
Arkansas,4,Siena,16,0.9888967666465844
Arkansas,4,TCU,9,0.7661609974582213
Arkansas,4,Northern Iowa,12,0.7272556174370854
Arkansas,4,California Baptist,13,0.9630934249198122
Arkansas,4,South Florida,11,0.749783023797934
Arkansas,4,North Dakota State,14,0.7754468002291224
Arkansas,4,UCF,10,0.7495173789723746
Arkansas,4,Furman,15,0.8242202946136944
Arkansas,4,LIU,16,0.9861291800847541
Arkansas,4,Utah State,9,0.5217026261265719
Arkansas,4,High Point,12,0.3566104192776723
Arkansas,4,Hawaii,13,0.9237802316609605
Arkansas,4,Texas,11,0.6640545201503693
Arkansas,4,Kennesaw State,14,0.30855125267301514
Arkansas,4,Missouri,10,0.8225978739992915
Arkansas,4,Queens,15,0.9756514970059368
Arkansas,4,Prairie View A&M,16,0.6023671698589725
Arkansas,4,Iowa,9,0.7731613076533198
Arkansas,4,McNeese,12,0.4926402831354625
Arkansas,4,Troy,13,0.7393663555995091
Arkansas,4,VCU,11,0.8688838630632402
Arkansas,4,Penn,14,0.8575865224215226
Arkansas,4,Texas A&M,10,0.8360422504547079
Arkansas,4,Idaho,15,0.6556739138059305
Arkansas,4,Howard,16,0.9554066381871374
Arkansas,4,Saint Louis,9,0.6592925317479894
Arkansas,4,Akron,12,0.6994946977438828
Arkansas,4,Hofstra,13,0.7345986802053862
Arkansas,4,Miami (OH),11,0.501339794786484
Arkansas,4,Wright State,14,0.8022143431455175
Arkansas,4,Santa Clara,10,0.7192807848577591
Arkansas,4,Tennessee State,15,0.8966151602537888
BYU,6,Duke,1,0.2736302382352792
BYU,6,Ohio State,8,0.611362068157997
BYU,6,St. John's,5,0.468867693328805
BYU,6,Kansas,4,0.4088257747416549
BYU,6,Louisville,6,0.6123503502777864
BYU,6,Michigan State,3,0.5023760649769954
BYU,6,UCLA,7,0.557768615768948
BYU,6,UConn,2,0.4189406253502612
BYU,6,Arizona,1,0.2749710019070272
BYU,6,Villanova,8,0.674266991418695
BYU,6,Wisconsin,5,0.4749632555916747
BYU,6,Arkansas,4,0.4192468460255677
BYU,6,Gonzaga,3,0.6701309113539349
BYU,6,Miami (FL),7,0.7237011117154137
BYU,6,Purdue,2,0.264469072758676
BYU,6,Florida,1,0.40685074289000456
BYU,6,Clemson,8,0.6358744236797785
BYU,6,Vanderbilt,5,0.46400458514504817
BYU,6,Nebraska,4,0.6033411221281272
BYU,6,North Carolina,6,0.6254860519258372
BYU,6,Illinois,3,0.5879471315522167
BYU,6,Saint Mary's,7,0.599257357027106
BYU,6,Houston,2,0.370277753492355
BYU,6,Michigan,1,0.21685805728930457
BYU,6,Georgia,8,0.7588666254055899
BYU,6,Texas Tech,5,0.5046964673309314
BYU,6,Alabama,4,0.467357534503227
BYU,6,Tennessee,6,0.5753115004830414
BYU,6,Virginia,3,0.48097806102828133
BYU,6,Kentucky,7,0.5321091912467716
BYU,6,Iowa State,2,0.4288663664006242
BYU,6,Siena,16,0.9846849790097191
BYU,6,TCU,9,0.7028473081393833
BYU,6,Northern Iowa,12,0.6581086556583917
BYU,6,California Baptist,13,0.9495925863285347
BYU,6,South Florida,11,0.6838646324524498
BYU,6,North Dakota State,14,0.7137078283002626
BYU,6,UCF,10,0.6835585406624222
BYU,6,Furman,15,0.7719474477614351
BYU,6,LIU,16,0.980887854054319
BYU,6,Utah State,9,0.4405325924210463
BYU,6,High Point,12,0.28577925136143106
BYU,6,Hawaii,13,0.897429796337454
BYU,6,Texas,11,0.5879626550164482
BYU,6,Kennesaw State,14,0.24365082419172382
BYU,6,Missouri,10,0.7699772040706142
BYU,6,Queens,15,0.966585155555855
BYU,6,Prairie View A&M,16,0.5223531423714
BYU,6,Iowa,9,0.7110281250208522
BYU,6,McNeese,12,0.41209610146371634
BYU,6,Troy,13,0.6719045806165078
BYU,6,VCU,11,0.8271068443263554
BYU,6,Penn,14,0.8129846469534615
BYU,6,Texas A&M,10,0.7863737937572336
BYU,6,Idaho,15,0.5788875939456449
BYU,6,Howard,16,0.939271194828228
BYU,6,Saint Louis,9,0.5827997125665773
BYU,6,Akron,12,0.6269201926710538
BYU,6,Hofstra,13,0.6664595537924033
BYU,6,Miami (OH),11,0.42055225816365793
BYU,6,Wright State,14,0.7454187314978482
BYU,6,Santa Clara,10,0.6490875721919808
BYU,6,Tennessee State,15,0.8622734774980759
Gonzaga,3,Duke,1,0.15642677393499826
Gonzaga,3,Ohio State,8,0.4364121847071122
Gonzaga,3,St. John's,5,0.302912334629882
Gonzaga,3,Kansas,4,0.25396067267034467
Gonzaga,3,Louisville,6,0.4374359770454122
Gonzaga,3,Michigan State,3,0.3319734600175663
Gonzaga,3,UCLA,7,0.3830396529349743
Gonzaga,3,UConn,2,0.2619416823895971
Gonzaga,3,Arizona,1,0.15731763045988
Gonzaga,3,Villanova,8,0.5046925871533561
Gonzaga,3,Wisconsin,5,0.3081019222193502
Gonzaga,3,Arkansas,4,0.2621849266448564
Gonzaga,3,BYU,6,0.32986908864606573
Gonzaga,3,Miami (FL),7,0.5631898351567693
Gonzaga,3,Purdue,2,0.15037722582748547
Gonzaga,3,Florida,1,0.25241435304393717
Gonzaga,3,Clemson,8,0.4622532284806773
Gonzaga,3,Vanderbilt,5,0.29880216189803205
Gonzaga,3,Nebraska,4,0.4281578329946056
Gonzaga,3,North Carolina,6,0.451186666102742
Gonzaga,3,Illinois,3,0.41258438678110676
Gonzaga,3,Saint Mary's,7,0.4239923591988194
Gonzaga,3,Houston,2,0.22447034041038574
Gonzaga,3,Michigan,1,0.11995586847736835
Gonzaga,3,Georgia,8,0.6077105232586947
Gonzaga,3,Texas Tech,5,0.33403512275794434
Gonzaga,3,Alabama,4,0.3016331385815096
Gonzaga,3,Tennessee,6,0.4000584595705264
Gonzaga,3,Virginia,3,0.31326441921958437
Gonzaga,3,Kentucky,7,0.35889498520086993
Gonzaga,3,Iowa State,2,0.2698753563315118
Gonzaga,3,Siena,16,0.9693713063260433
Gonzaga,3,TCU,9,0.5379559231110939
Gonzaga,3,Northern Iowa,12,0.4865282261855495
Gonzaga,3,California Baptist,13,0.9026583842480412
Gonzaga,3,South Florida,11,0.5156979099987721
Gonzaga,3,North Dakota State,14,0.5509929925839882
Gonzaga,3,UCF,10,0.5153443877296484
Gonzaga,3,Furman,15,0.6249384857306148
Gonzaga,3,LIU,16,0.9619242049940867
Gonzaga,3,Utah State,9,0.27933189358772786
Gonzaga,3,High Point,12,0.16455087925898212
Gonzaga,3,Hawaii,13,0.8115648236513072
Gonzaga,3,Texas,11,0.4125999163922953
Gonzaga,3,Kennesaw State,14,0.13686876521595856
Gonzaga,3,Missouri,10,0.6223195605260817
Gonzaga,3,Queens,15,0.9343793419338391
Gonzaga,3,Prairie View A&M,16,0.3499395349426069
Gonzaga,3,Iowa,9,0.5477553403777229
Gonzaga,3,McNeese,12,0.25652974658851907
Gonzaga,3,Troy,13,0.5020086516394902
Gonzaga,3,VCU,11,0.7019253009911388
Gonzaga,3,Penn,14,0.6815153077526921
Gonzaga,3,Texas A&M,10,0.6443803158044538
Gonzaga,3,Idaho,15,0.4035804090984906
Gonzaga,3,Howard,16,0.8839017302315696
Gonzaga,3,Saint Louis,9,0.4074541025127264
Gonzaga,3,Akron,12,0.45270424311337726
Gonzaga,3,Hofstra,13,0.4958596217931499
Gonzaga,3,Miami (OH),11,0.2632229506015846
Gonzaga,3,Wright State,14,0.5903829744313968
Gonzaga,3,Santa Clara,10,0.4765805825232293
Gonzaga,3,Tennessee State,15,0.7550121589935659
Miami (FL),7,Duke,1,0.1257383249294563
Miami (FL),7,Ohio State,8,0.3752277409860388
Miami (FL),7,St. John's,5,0.2520731605167051
Miami (FL),7,Kansas,4,0.20887550264682603
Miami (FL),7,Louisville,6,0.3762038104113605
Miami (FL),7,Michigan State,3,0.2782033884899443
Miami (FL),7,UCLA,7,0.3250226419538369
Miami (FL),7,UConn,2,0.21584959304233386
Miami (FL),7,Arizona,1,0.12648061386479187
Miami (FL),7,Villanova,8,0.44143328629655043
Miami (FL),7,Wisconsin,5,0.25671251111323934
Miami (FL),7,Arkansas,4,0.21606256532895357
Miami (FL),7,BYU,6,0.2762988882845867
Miami (FL),7,Gonzaga,3,0.4368101648432312
Miami (FL),7,Purdue,2,0.12070578083081183
Miami (FL),7,Florida,1,0.20752733579962787
Miami (FL),7,Clemson,8,0.400017313050707
Miami (FL),7,Vanderbilt,5,0.24840699656948295
Miami (FL),7,Nebraska,4,0.36737628258097654
Miami (FL),7,North Carolina,6,0.389361886872256
Miami (FL),7,Illinois,3,0.352650260728365
Miami (FL),7,Saint Mary's,7,0.3634263284140376
Miami (FL),7,Houston,2,0.18333398030572262
Miami (FL),7,Michigan,1,0.09561147533815982
Miami (FL),7,Georgia,8,0.5457666786436586
Miami (FL),7,Texas Tech,5,0.28007112213308516
Miami (FL),7,Alabama,4,0.2509313744433232
Miami (FL),7,Tennessee,6,0.34088797831109774
Miami (FL),7,Virginia,3,0.26133917506627596
Miami (FL),7,Kentucky,7,0.30274052948682106
Miami (FL),7,Iowa State,2,0.2228086742904785
Miami (FL),7,Siena,16,0.9608565638478147
Miami (FL),7,TCU,9,0.4745216560063478
Miami (FL),7,Northern Iowa,12,0.4235985468901034
Miami (FL),7,California Baptist,13,0.8779329248654568
Miami (FL),7,South Florida,11,0.4523188860336319
Miami (FL),7,North Dakota State,14,0.4876439002108106
Miami (FL),7,UCF,10,0.45196826449712607
Miami (FL),7,Furman,15,0.5637622213060863
Miami (FL),7,LIU,16,0.9514428801173742
Miami (FL),7,Utah State,9,0.23113808069729022
Miami (FL),7,High Point,12,0.13251898696289718
Miami (FL),7,Hawaii,13,0.7696067694631799
Miami (FL),7,Texas,11,0.352664888802822
Miami (FL),7,Kennesaw State,14,0.10951914199217258
Miami (FL),7,Missouri,10,0.5610161879584097
Miami (FL),7,Queens,15,0.9169700851560936
Miami (FL),7,Prairie View A&M,16,0.2945425338645856
Miami (FL),7,Iowa,9,0.48437692520394127
Miami (FL),7,McNeese,12,0.21111755801106782
Miami (FL),7,Troy,13,0.43878773868319076
Miami (FL),7,VCU,11,0.6461971499391372
Miami (FL),7,Penn,14,0.6240152539401196
Miami (FL),7,Texas A&M,10,0.5842656260316821
Miami (FL),7,Idaho,15,0.34418786406193197
Miami (FL),7,Howard,16,0.8551763419855878
Miami (FL),7,Saint Louis,9,0.3478239452837624
Miami (FL),7,Akron,12,0.39081959898197244
Miami (FL),7,Hofstra,13,0.4327401753386835
Miami (FL),7,Miami (OH),11,0.21697168397098554
Miami (FL),7,Wright State,14,0.5278288942891267
Miami (FL),7,Santa Clara,10,0.41390041185679527
Miami (FL),7,Tennessee State,15,0.7050384251531818
Purdue,2,Duke,1,0.5116445869719897
Purdue,2,Ohio State,8,0.8139539387656949
Purdue,2,St. John's,5,0.7105748838809736
Purdue,2,Kansas,4,0.6579217714362706
Purdue,2,Louisville,6,0.8145832880708883
Purdue,2,Michigan State,3,0.7373756157105598
Purdue,2,UCLA,7,0.778160601495645
Purdue,2,UConn,2,0.6672436053352304
Purdue,2,Arizona,1,0.5133274084288336
Purdue,2,Villanova,8,0.8520053119094926
Purdue,2,Wisconsin,5,0.7155792026555742
Purdue,2,Arkansas,4,0.6675228190328978
Purdue,2,BYU,6,0.7355309272413245
Purdue,2,Gonzaga,3,0.8496227741725149
Purdue,2,Miami (FL),7,0.8792942191691885
Purdue,2,Florida,1,0.6560788578272269
Purdue,2,Clemson,8,0.8292569933134913
Purdue,2,Vanderbilt,5,0.7065397148197995
Purdue,2,Nebraska,4,0.808806601225757
Purdue,2,North Carolina,6,0.8228487117318775
Purdue,2,Illinois,3,0.7987264574743809
Purdue,2,Saint Mary's,7,0.8061585671639121
Purdue,2,Houston,2,0.6205404613810713
Purdue,2,Michigan,1,0.43506808991915547
Purdue,2,Georgia,8,0.8974626247485067
Purdue,2,Texas Tech,5,0.7391691540046607
Purdue,2,Alabama,4,0.7093259118900312
Purdue,2,Tennessee,6,0.7902484985234934
Purdue,2,Virginia,3,0.7204598536489702
Purdue,2,Kentucky,7,0.7597815120395082
Purdue,2,Iowa State,2,0.676206037768201
Purdue,2,Siena,16,0.9944387518113926
Purdue,2,TCU,9,0.8680426194423096
Purdue,2,Northern Iowa,12,0.8426057459681984
Purdue,2,California Baptist,13,0.9812707702884899
Purdue,2,South Florida,11,0.8574729421969703
Purdue,2,North Dakota State,14,0.8739482996281122
Purdue,2,UCF,10,0.8572998677474867
Purdue,2,Furman,15,0.9039763472307545
Purdue,2,LIU,16,0.9930428393081369
Purdue,2,Utah State,9,0.6865130345105473
Purdue,2,High Point,12,0.5266985440801909
Purdue,2,Hawaii,13,0.9605266394622035
Purdue,2,Texas,11,0.7987367584017047
Purdue,2,Kennesaw State,14,0.4725529394906846
Purdue,2,Missouri,10,0.9030034325322207
Purdue,2,Queens,15,0.9877225480033234
Purdue,2,Prairie View A&M,16,0.7525651917979318
Purdue,2,Iowa,9,0.8725005120237433
Purdue,2,McNeese,12,0.6609568903779929
Purdue,2,Troy,13,0.8506464314315094
Purdue,2,VCU,11,0.9300936211080706
Purdue,2,Penn,14,0.9236065902881274
Purdue,2,Texas A&M,10,0.9110134743792407
Purdue,2,Idaho,15,0.792666964348594
Purdue,2,Howard,16,0.9772805945442712
Purdue,2,Saint Louis,9,0.7952953652518393
Purdue,2,Akron,12,0.8237400571161917
Purdue,2,Hofstra,13,0.8474944870597604
Purdue,2,Miami (OH),11,0.6687111475158495
Purdue,2,Wright State,14,0.890630178068053
Purdue,2,Santa Clara,10,0.8372488803695092
Purdue,2,Tennessee State,15,0.9456881666653328
Florida,1,Duke,1,0.35450801766066253
Florida,1,Ohio State,8,0.6963635768761838
Florida,1,St. John's,5,0.5627447776210982
Florida,1,Kansas,4,0.5020444855727633
Florida,1,Louisville,6,0.6972427484832436
Florida,1,Michigan State,3,0.5954408269151892
Florida,1,UCLA,7,0.647737901048686
Florida,1,UConn,2,0.5124663986423751
Florida,1,Arizona,1,0.35605082048300574
Florida,1,Villanova,8,0.7511112525935345
Florida,1,Wisconsin,5,0.5687538913920489
Florida,1,Arkansas,4,0.5127806523259568
Florida,1,BYU,6,0.5931492571099961
Florida,1,Gonzaga,3,0.7475856469560634
Florida,1,Miami (FL),7,0.7924726642003725
Florida,1,Purdue,2,0.3439211421727737
Florida,1,Clemson,8,0.7179877446178432
Florida,1,Vanderbilt,5,0.5579307976353547
Florida,1,Nebraska,4,0.6892051129867427
Florida,1,North Carolina,6,0.7088694647257102
Florida,1,Illinois,3,0.6753503607679769
Florida,1,Saint Mary's,7,0.6855446182121537
Florida,1,Houston,2,0.461569506374552
Florida,1,Michigan,1,0.2875995213055608
Florida,1,Georgia,8,0.821049696848946
Florida,1,Texas Tech,5,0.5976748042999326
Florida,1,Alabama,4,0.5612517653297803
Florida,1,Tennessee,6,0.6638626342212304
Florida,1,Virginia,3,0.5746564470457539
Florida,1,Kentucky,7,0.6237775992462375
Florida,1,Iowa State,2,0.5226150159760892
Florida,1,Siena,16,0.9894444029742411
Florida,1,TCU,9,0.7751970857802088
Florida,1,Northern Iowa,12,0.737279579304863
Florida,1,California Baptist,13,0.9648685267466154
Florida,1,South Florida,11,0.7592531277701435
Florida,1,North Dakota State,14,0.7842251197192384
Florida,1,UCF,10,0.7589943052551321
Florida,1,Furman,15,0.8315062352508032
Florida,1,LIU,16,0.9868114994872231
Florida,1,Utah State,9,0.5344450618329093
Florida,1,High Point,12,0.3684265792857634
Florida,1,Hawaii,13,0.9273034608155153
Florida,1,Texas,11,0.6753644095623585
Florida,1,Kennesaw State,14,0.3195659319064535
Florida,1,Missouri,10,0.8299371873594921
Florida,1,Queens,15,0.9768371177913114
Florida,1,Prairie View A&M,16,0.6145483589122914
Florida,1,Iowa,9,0.7820038554353267
Florida,1,McNeese,12,0.5054229758448548
Florida,1,Troy,13,0.7490987780386081
Florida,1,VCU,11,0.8746001905149509
Florida,1,Penn,14,0.8637181322899159
Florida,1,Texas A&M,10,0.8429315592083416
Florida,1,Idaho,15,0.6671245129364685
Florida,1,Howard,16,0.9575351512813067
Florida,1,Saint Louis,9,0.6706832337172756
Florida,1,Akron,12,0.7101322762325175
Florida,1,Hofstra,13,0.7444475999446116
Florida,1,Miami (OH),11,0.5141194800155235
Florida,1,Wright State,14,0.8102023732131082
Florida,1,Santa Clara,10,0.729488820258676
Florida,1,Tennessee State,15,0.9012598667661723
Clemson,8,Duke,1,0.17744074532796583
Clemson,8,Ohio State,8,0.4739084528756153
Clemson,8,St. John's,5,0.3357720616947079
Clemson,8,Kansas,4,0.2836710933176142
Clemson,8,Louisville,6,0.47494608023123425
Clemson,8,Michigan State,3,0.36632902048738974
Clemson,8,UCLA,7,0.4193624046792667
Clemson,8,UConn,2,0.2922200677739085
Clemson,8,Arizona,1,0.178425964438662
Clemson,8,Villanova,8,0.5424093108252098
Clemson,8,Wisconsin,5,0.34124902201275753
Clemson,8,Arkansas,4,0.2924802867946538
Clemson,8,BYU,6,0.36412557632022197
Clemson,8,Gonzaga,3,0.5377467715193233
Clemson,8,Miami (FL),7,0.5999826869492936
Clemson,8,Purdue,2,0.17074300668650905
Clemson,8,Florida,1,0.28201225538215724
Clemson,8,Vanderbilt,5,0.331428007006312
Clemson,8,Nebraska,4,0.4655307078481603
Clemson,8,North Carolina,6,0.48885126943707596
Clemson,8,Illinois,3,0.4496668294704312
Clemson,8,Saint Mary's,7,0.4612949448399532
Clemson,8,Houston,2,0.2518956171900805
Clemson,8,Michigan,1,0.13686533527025332
Clemson,8,Georgia,8,0.6431295928028012
Clemson,8,Texas Tech,5,0.3684863525452129
Clemson,8,Alabama,4,0.33442067104249557
Clemson,8,Tennessee,6,0.4368523403593467
Clemson,8,Virginia,3,0.34668862856172006
Clemson,8,Kentucky,7,0.39439176967520717
Clemson,8,Iowa State,2,0.30069718216076874
Clemson,8,Siena,16,0.9735575267229769
Clemson,8,TCU,9,0.5752713256355071
Clemson,8,Northern Iowa,12,0.5243244752411784
Clemson,8,California Baptist,13,0.9151647121982478
Clemson,8,South Florida,11,0.553318307442149
Clemson,8,North Dakota State,14,0.5880617517235598
Clemson,8,UCF,10,0.5529684417305879
Clemson,8,Furman,15,0.6596731669958253
Clemson,8,LIU,16,0.967093716878012
Clemson,8,Utah State,9,0.3107740276553792
Clemson,8,High Point,12,0.18641504795439529
Clemson,8,Hawaii,13,0.8336174736189611
Clemson,8,Texas,11,0.4496826863532936
Clemson,8,Kennesaw State,14,0.15574042926900641
Clemson,8,Missouri,10,0.6571637264153991
Clemson,8,Queens,15,0.9430672504913481
Clemson,8,Prairie View A&M,16,0.38508260084439305
Clemson,8,Iowa,9,0.584890017545399
Clemson,8,McNeese,12,0.28642532863671
Clemson,8,Troy,13,0.5397433697714266
Clemson,8,VCU,11,0.7325811132927922
Clemson,8,Penn,14,0.7134131779681542
Clemson,8,Texas A&M,10,0.6782415004746228
Clemson,8,Idaho,15,0.440460396335463
Clemson,8,Howard,16,0.8985470399858786
Clemson,8,Saint Louis,9,0.4444243017179905
Clemson,8,Akron,12,0.49038233441615364
Clemson,8,Hofstra,13,0.5336274152772866
Clemson,8,Miami (OH),11,0.29359052631519766
Clemson,8,Wright State,14,0.6264047431532448
Clemson,8,Santa Clara,10,0.5143781957684191
Clemson,8,Tennessee State,15,0.7819046045075142
Vanderbilt,5,Duke,1,0.30321171399801106
Vanderbilt,5,Ohio State,8,0.6450320256814952
Vanderbilt,5,St. John's,5,0.5048850051272854
Vanderbilt,5,Kansas,4,0.4440871989840221
Vanderbilt,5,Louisville,6,0.6459842667194867
Vanderbilt,5,Michigan State,3,0.5383583570629177
Vanderbilt,5,UCLA,7,0.5929905702887122
Vanderbilt,5,UConn,2,0.4544038850627503
Vanderbilt,5,Arizona,1,0.3046366342233854
Vanderbilt,5,Villanova,8,0.7051157944712062
Vanderbilt,5,Wisconsin,5,0.5109983175336886
Vanderbilt,5,Arkansas,4,0.45471574203068565
Vanderbilt,5,BYU,6,0.5359954148549525
Vanderbilt,5,Gonzaga,3,0.7011978381019685
Vanderbilt,5,Miami (FL),7,0.7515930034305175
Vanderbilt,5,Purdue,2,0.2934602851802011
Vanderbilt,5,Florida,1,0.44206920236464586
Vanderbilt,5,Clemson,8,0.6685719929936885
Vanderbilt,5,Nebraska,4,0.637293712768058
Vanderbilt,5,North Carolina,6,0.6586156484175668
Vanderbilt,5,Illinois,3,0.6223927151234016
Vanderbilt,5,Saint Mary's,7,0.6333470769389874
Vanderbilt,5,Houston,2,0.4044892545252035
Vanderbilt,5,Michigan,1,0.242349782134016
Vanderbilt,5,Georgia,8,0.7842668336758413
Vanderbilt,5,Texas Tech,5,0.5406643847191198
Vanderbilt,5,Alabama,4,0.5033687823534408
Vanderbilt,5,Tennessee,6,0.6101129087850033
Vanderbilt,5,Virginia,3,0.5170200906835604
Vanderbilt,5,Kentucky,7,0.5677911982648511
Vanderbilt,5,Iowa State,2,0.46449817373051644
Vanderbilt,5,Siena,16,0.986714648279433
Vanderbilt,5,TCU,9,0.7320649658312343
Vanderbilt,5,Northern Iowa,12,0.6897836928351779
Vanderbilt,5,California Baptist,13,0.9560654752589314
Vanderbilt,5,South Florida,11,0.714189772566383
Vanderbilt,5,North Dakota State,14,0.7422492323970064
Vanderbilt,5,UCF,10,0.7139007588256082
Vanderbilt,5,Furman,15,0.7963395555075657
Vanderbilt,5,LIU,16,0.9834122715467546
Vanderbilt,5,Utah State,9,0.4763252993749287
Vanderbilt,5,High Point,12,0.3161025595153106
Vanderbilt,5,Hawaii,13,0.9099658960609122
Vanderbilt,5,Texas,11,0.6224077743037372
Vanderbilt,5,Kennesaw State,14,0.2712013780698554
Vanderbilt,5,Missouri,10,0.7945239527959697
Vanderbilt,5,Queens,15,0.9709427738140726
Vanderbilt,5,Prairie View A&M,16,0.558161368205208
Vanderbilt,5,Iowa,9,0.7397392591623116
Vanderbilt,5,McNeese,12,0.4474261123236712
Vanderbilt,5,Troy,13,0.7028785273771758
Vanderbilt,5,VCU,11,0.8467702851216331
Vanderbilt,5,Penn,14,0.8339317453273285
Vanderbilt,5,Texas A&M,10,0.8096034609842626
Vanderbilt,5,Idaho,15,0.6135927803487485
Vanderbilt,5,Howard,16,0.9469954880332132
Vanderbilt,5,Saint Louis,9,0.6173955795824166
Vanderbilt,5,Akron,12,0.6599918869918316
Vanderbilt,5,Hofstra,13,0.6977162783287856
Vanderbilt,5,Miami (OH),11,0.45604486950254847
Vanderbilt,5,Wright State,14,0.7718095398439193
Vanderbilt,5,Santa Clara,10,0.6811935096294187
Vanderbilt,5,Tennessee State,15,0.8785247620009972
Nebraska,4,Duke,1,0.19850131877251237
Nebraska,4,Ohio State,8,0.5084079921793436
Nebraska,4,St. John's,5,0.3672351211026597
Nebraska,4,Kansas,4,0.31254932856968953
Nebraska,4,Louisville,6,0.509448009241537
Nebraska,4,Michigan State,3,0.3989356794051371
Nebraska,4,UCLA,7,0.4533126226797819
Nebraska,4,UConn,2,0.32157790432568856
Nebraska,4,Arizona,1,0.19957510234191006
Nebraska,4,Villanova,8,0.5764316858378036
Nebraska,4,Wisconsin,5,0.37293714519968674
Nebraska,4,Arkansas,4,0.32185237812881073
Nebraska,4,BYU,6,0.39665887787187337
Nebraska,4,Gonzaga,3,0.5718421670053951
Nebraska,4,Miami (FL),7,0.632623717419024
Nebraska,4,Purdue,2,0.19119339877424346
Nebraska,4,Florida,1,0.31079488701325775
Nebraska,4,Clemson,8,0.5344692921518402
Nebraska,4,Vanderbilt,5,0.36270628723194265
Nebraska,4,North Carolina,6,0.5233564641039218
Nebraska,4,Illinois,3,0.4840252602022632
Nebraska,4,Saint Mary's,7,0.4957415113823976
Nebraska,4,Houston,2,0.27879804850907064
Nebraska,4,Michigan,1,0.15401169194299666
Nebraska,4,Georgia,8,0.6741619208378394
Nebraska,4,Texas Tech,5,0.40116346862428814
Nebraska,4,Alabama,4,0.36582684246185426
Nebraska,4,Tennessee,6,0.4710697477837236
Nebraska,4,Virginia,3,0.37859157264492765
Nebraska,4,Kentucky,7,0.42780990446071016
Nebraska,4,Iowa State,2,0.33050897828656783
Nebraska,4,Siena,16,0.9768893892129821
Nebraska,4,TCU,9,0.6086134064307681
Nebraska,4,Northern Iowa,12,0.5585972445534441
Nebraska,4,California Baptist,13,0.9252896848988446
Nebraska,4,South Florida,11,0.5871469494907832
Nebraska,4,North Dakota State,14,0.6210611550450635
Nebraska,4,UCF,10,0.5868037937309307
Nebraska,4,Furman,15,0.6899604263802385
Nebraska,4,LIU,16,0.9712159661123433
Nebraska,4,Utah State,9,0.3410975645960809
Nebraska,4,High Point,12,0.20827108901731498
Nebraska,4,Hawaii,13,0.8518999882385685
Nebraska,4,Texas,11,0.48404126303210493
Nebraska,4,Kennesaw State,14,0.17477263036398574
Nebraska,4,Missouri,10,0.6875685415200776
Nebraska,4,Queens,15,0.9500438761962857
Nebraska,4,Prairie View A&M,16,0.4182567126554278
Nebraska,4,Iowa,9,0.6179784433636926
Nebraska,4,McNeese,12,0.31546047221643236
Nebraska,4,Troy,13,0.5738082148054003
Nebraska,4,VCU,11,0.7587528170436347
Nebraska,4,Penn,14,0.7407970635475374
Nebraska,4,Texas A&M,10,0.7076087183915142
Nebraska,4,Idaho,15,0.47472217901327
Nebraska,4,Howard,16,0.9104612650300778
Nebraska,4,Saint Louis,9,0.4787306146539386
Nebraska,4,Akron,12,0.5248846249866901
Nebraska,4,Hofstra,13,0.5677824373572428
Nebraska,4,Miami (OH),11,0.3230232087447179
Nebraska,4,Wright State,14,0.6581182977359777
Nebraska,4,Santa Clara,10,0.5487508430340485
Nebraska,4,Tennessee State,15,0.804537085660991
North Carolina,6,Duke,1,0.18404461409938278
North Carolina,6,Ohio State,8,0.48503977646273183
North Carolina,6,St. John's,5,0.34579140984964074
North Carolina,6,Kansas,4,0.2928211339792111
North Carolina,6,Louisville,6,0.4860792574602853
North Carolina,6,Michigan State,3,0.3767430103494879
North Carolina,6,UCLA,7,0.4302603495557269
North Carolina,6,UConn,2,0.30152978725370566
North Carolina,6,Arizona,1,0.18505825108437055
North Carolina,6,Villanova,8,0.5534569414864473
North Carolina,6,Wisconsin,5,0.35134535386346083
North Carolina,6,Arkansas,4,0.3017947615700823
North Carolina,6,BYU,6,0.37451394807416344
North Carolina,6,Gonzaga,3,0.5488133338972586
North Carolina,6,Miami (FL),7,0.6106381131277445
North Carolina,6,Purdue,2,0.17715128826812301
North Carolina,6,Florida,1,0.2911305352742903
North Carolina,6,Clemson,8,0.5111487305629246
North Carolina,6,Vanderbilt,5,0.34138435158243374
North Carolina,6,Nebraska,4,0.4766435358960789
North Carolina,6,Illinois,3,0.46072740862447936
North Carolina,6,Saint Mary's,7,0.4723960295994251
North Carolina,6,Houston,2,0.2603932922566734
North Carolina,6,Michigan,1,0.1422201931870058
North Carolina,6,Georgia,8,0.6532998330567484
North Carolina,6,Texas Tech,5,0.37892499748343417
North Carolina,6,Alabama,4,0.34442060376346373
North Carolina,6,Tennessee,6,0.4478542250319429
North Carolina,6,Virginia,3,0.35685871523096774
North Carolina,6,Kentucky,7,0.40509352959631484
North Carolina,6,Iowa State,2,0.31015862274926537
North Carolina,6,Siena,16,0.9746818030366395
North Carolina,6,TCU,9,0.5861309388468806
North Carolina,6,Northern Iowa,12,0.5354347680074638
North Carolina,6,California Baptist,13,0.9185640483262121
North Carolina,6,South Florida,11,0.5643141166721671
North Carolina,6,North Dakota State,14,0.5988223961655659
North Carolina,6,UCF,10,0.5639660765183578
North Carolina,6,Furman,15,0.6696141409916778
North Carolina,6,LIU,16,0.9684839235705112
North Carolina,6,Utah State,9,0.32040726174926387
North Carolina,6,High Point,12,0.19327443728710547
North Carolina,6,Hawaii,13,0.839712088229812
North Carolina,6,Texas,11,0.4607433290021059
North Carolina,6,Kennesaw State,14,0.16169543068267908
North Carolina,6,Missouri,10,0.6671410150507835
North Carolina,6,Queens,15,0.9454152222972904
North Carolina,6,Prairie View A&M,16,0.39569680543830477
North Carolina,6,Iowa,9,0.5956765488672372
North Carolina,6,McNeese,12,0.29562754525549567
North Carolina,6,Troy,13,0.550802061174986
North Carolina,6,VCU,11,0.7412278439366901
North Carolina,6,Penn,14,0.7224448686663508
North Carolina,6,Texas A&M,10,0.6878967029305659
North Carolina,6,Idaho,15,0.45148029913554005
North Carolina,6,Howard,16,0.9025413332847495
North Carolina,6,Saint Louis,9,0.45546265118533247
North Carolina,6,Akron,12,0.5015317219331584
North Carolina,6,Hofstra,13,0.5447090995393816
North Carolina,6,Miami (OH),11,0.3029252201001154
North Carolina,6,Wright State,14,0.6367824298333437
North Carolina,6,Santa Clara,10,0.5255105690941767
North Carolina,6,Tennessee State,15,0.789414950985353
Illinois,3,Duke,1,0.20886725466027536
Illinois,3,Ohio State,8,0.5243696390972795
Illinois,3,St. John's,5,0.38221059001441693
Illinois,3,Kansas,4,0.3264452463975979
Illinois,3,Louisville,6,0.5254074101295392
Illinois,3,Michigan State,3,0.4143573470952584
Illinois,3,UCLA,7,0.4691954640812289
Illinois,3,UConn,2,0.3356792252362859
Illinois,3,Arizona,1,0.2099824215898854
Illinois,3,Villanova,8,0.5919573148298336
Illinois,3,Wisconsin,5,0.3880025571318082
Illinois,3,Arkansas,4,0.33595977461329984
Illinois,3,BYU,6,0.41205286844778394
Illinois,3,Gonzaga,3,0.5874156132188939
Illinois,3,Miami (FL),7,0.6473497392716356
Illinois,3,Purdue,2,0.20127354252561958
Illinois,3,Florida,1,0.32464963923202356
Illinois,3,Clemson,8,0.5503331705295694
Illinois,3,Vanderbilt,5,0.37760728487659906
Illinois,3,Nebraska,4,0.5159747397977374
Illinois,3,North Carolina,6,0.5392725913755212
Illinois,3,Saint Mary's,7,0.5117194401920511
Illinois,3,Houston,2,0.2918303995871158
Illinois,3,Michigan,1,0.16252544548469483
Illinois,3,Georgia,8,0.6880439634676755
Illinois,3,Texas Tech,5,0.4166115644641491
Illinois,3,Alabama,4,0.3807794418093558
Illinois,3,Tennessee,6,0.487020493496931
Illinois,3,Virginia,3,0.39374197628026686
Illinois,3,Kentucky,7,0.4435241282929332
Illinois,3,Iowa State,2,0.3448028868079717
Illinois,3,Siena,16,0.9782893442728686
Illinois,3,TCU,9,0.6237294288991724
Illinois,3,Northern Iowa,12,0.5742938058356835
Illinois,3,California Baptist,13,0.9295900704310835
Illinois,3,South Florida,11,0.6025506259376201
Illinois,3,North Dakota State,14,0.6359839661499694
Illinois,3,UCF,10,0.6022115993052409
Illinois,3,Furman,15,0.7034654469286084
Illinois,3,LIU,16,0.9729500797880625
Illinois,3,Utah State,9,0.35560617275616824
Illinois,3,High Point,12,0.2190078044679614
Illinois,3,Hawaii,13,0.8597845961411443
Illinois,3,Texas,11,0.5000160191653329
Illinois,3,Kennesaw State,14,0.18418418363626438
Illinois,3,Missouri,10,0.70113261946529
Illinois,3,Queens,15,0.9529917795118774
Illinois,3,Prairie View A&M,16,0.4338861190929488
Illinois,3,Iowa,9,0.6329509061997073
Illinois,3,McNeese,12,0.3294237972600977
Illinois,3,Troy,13,0.5893615018022992
Illinois,3,VCU,11,0.7702590835072741
Illinois,3,Penn,14,0.7528808068528522
Illinois,3,Texas A&M,10,0.7206562367397935
Illinois,3,Idaho,15,0.49068186791758733
Illinois,3,Howard,16,0.9155372734308798
Illinois,3,Saint Louis,9,0.49469814875025064
Illinois,3,Akron,12,0.5407944973873712
Illinois,3,Hofstra,13,0.5833959702603384
Illinois,3,Miami (OH),11,0.3371564101875939
Illinois,3,Wright State,14,0.6723516661608204
Illinois,3,Santa Clara,10,0.5645245804960346
Illinois,3,Tennessee State,15,0.8143938460883235
Saint Mary's,7,Duke,1,0.20122538618139804
Saint Mary's,7,Ohio State,8,0.5126646669461734
Saint Mary's,7,St. John's,5,0.3712023323907594
Saint Mary's,7,Kansas,4,0.31622100604410525
Saint Mary's,7,Louisville,6,0.5137042923320028
Saint Mary's,7,Michigan State,3,0.40302722696619087
Saint Mary's,7,UCLA,7,0.45753734199134105
Saint Mary's,7,UConn,2,0.32530545536909944
Saint Mary's,7,Arizona,1,0.20231018595206848
Saint Mary's,7,Villanova,8,0.5805852577799551
Saint Mary's,7,Wisconsin,5,0.37692926161766904
Saint Mary's,7,Arkansas,4,0.3255815838626616
Saint Mary's,7,BYU,6,0.40074264297289464
Saint Mary's,7,Gonzaga,3,0.5760076408011812
Saint Mary's,7,Miami (FL),7,0.636573671585963
Saint Mary's,7,Purdue,2,0.19384143283608832
Saint Mary's,7,Florida,1,0.3144553817878468
Saint Mary's,7,Clemson,8,0.5387050551600474
Saint Mary's,7,Vanderbilt,5,0.3666529230610132
Saint Mary's,7,Nebraska,4,0.504258488617603
Saint Mary's,7,North Carolina,6,0.5276039704005756
Saint Mary's,7,Illinois,3,0.48828055980794954
Saint Mary's,7,Houston,2,0.28223601463101833
Saint Mary's,7,Michigan,1,0.15624423910994484
Saint Mary's,7,Georgia,8,0.6778926613045794
Saint Mary's,7,Texas Tech,5,0.4052624592996556
Saint Mary's,7,Alabama,4,0.36978773100942874
Saint Mary's,7,Tennessee,6,0.4753160722456771
Saint Mary's,7,Virginia,3,0.38260728542502254
Saint Mary's,7,Kentucky,7,0.43198475590246527
Saint Mary's,7,Iowa State,2,0.3342890424095859
Saint Mary's,7,Siena,16,0.9772708576767872
Saint Mary's,7,TCU,9,0.6126634546086613
Saint Mary's,7,Northern Iowa,12,0.5627930567338405
Saint Mary's,7,California Baptist,13,0.9264587506144105
Saint Mary's,7,South Florida,11,0.5912699517740818
Saint Mary's,7,North Dakota State,14,0.6250617475545377
Saint Mary's,7,UCF,10,0.5909278353718146
Saint Mary's,7,Furman,15,0.693592492813024
Saint Mary's,7,LIU,16,0.9716883672441528
Saint Mary's,7,Utah State,9,0.34493633668209933
Saint Mary's,7,High Point,12,0.21109391750956163
Saint Mary's,7,Hawaii,13,0.8540362953669871
Saint Mary's,7,Texas,11,0.488296570184678
Saint Mary's,7,Kennesaw State,14,0.17724307524530275
Saint Mary's,7,Missouri,10,0.6912160882351228
Saint Mary's,7,Queens,15,0.9508461659791664
Saint Mary's,7,Prairie View A&M,16,0.42240716011551
Saint Mary's,7,Iowa,9,0.6219917725047989
Saint Mary's,7,McNeese,12,0.31915047156959153
Saint Mary's,7,Troy,13,0.5779686776328142
Saint Mary's,7,VCU,11,0.7618571483611845
Saint Mary's,7,Penn,14,0.7440545073937668
Saint Mary's,7,Texas A&M,10,0.7111206006538987
Saint Mary's,7,Idaho,15,0.4789716132017614
Saint Mary's,7,Howard,16,0.911840257787686
Saint Mary's,7,Saint Louis,9,0.4829829379603272
Saint Mary's,7,Akron,12,0.5291307655514225
Saint Mary's,7,Hofstra,13,0.5719578432366369
Saint Mary's,7,Miami (OH),11,0.32675944385165356
Saint Mary's,7,Wright State,14,0.6619406187485475
Saint Mary's,7,Santa Clara,10,0.5529653481862442
Saint Mary's,7,Tennessee State,15,0.8072019729980808
Houston,2,Duke,1,0.39048926932055444
Houston,2,Ohio State,8,0.7279143843822792
Houston,2,St. John's,5,0.6002087328551852
Houston,2,Kansas,4,0.5404622626228602
Houston,2,Louisville,6,0.7287377877776757
Houston,2,Michigan State,3,0.6319356461863962
Houston,2,UCLA,7,0.6820342935893052
Houston,2,UConn,2,0.5507995420871061
Houston,2,Arizona,1,0.3920935436289511
Houston,2,Villanova,8,0.7787804534052529
Houston,2,Wisconsin,5,0.6060634026186553
Houston,2,Arkansas,4,0.551110730380409
Houston,2,BYU,6,0.6297222465076456
Houston,2,Gonzaga,3,0.7755296595896147
Houston,2,Miami (FL),7,0.8166660196942778
Houston,2,Purdue,2,0.37945953861892934
Houston,2,Florida,1,0.5384304936254487
Houston,2,Clemson,8,0.74810438280992
Houston,2,Vanderbilt,5,0.595510745474797
Houston,2,Nebraska,4,0.7212019514909298
Houston,2,North Carolina,6,0.7396067077433272
Houston,2,Illinois,3,0.7081696004128847
Houston,2,Saint Mary's,7,0.7177639853689822
Houston,2,Michigan,1,0.32015806404564623
Houston,2,Georgia,8,0.842573374554862
Houston,2,Texas Tech,5,0.634091939134995
Houston,2,Alabama,4,0.5987524315078412
Houston,2,Tennessee,6,0.6973227093550259
Houston,2,Virginia,3,0.6118038421622395
Houston,2,Kentucky,7,0.6591793340464757
Houston,2,Iowa State,2,0.5608340246828013
Houston,2,Siena,16,0.9909375597267308
Houston,2,TCU,9,0.8008984209299389
Houston,2,Northern Iowa,12,0.7660074292218492
Houston,2,California Baptist,13,0.9697317509147582
Houston,2,South Florida,11,0.786274741959777
Houston,2,North Dakota State,14,0.8091484102549444
Houston,2,UCF,10,0.7860367832519809
Houston,2,Furman,15,0.8519989359491353
Houston,2,LIU,16,0.9886728335801644
Houston,2,Utah State,9,0.5724917145182096
Houston,2,High Point,12,0.4049343001109632
Houston,2,Hawaii,13,0.9370274023365551
Houston,2,Texas,11,0.7081828426662121
Houston,2,Kennesaw State,14,0.3539453543865923
Houston,2,Missouri,10,0.8505864295363945
Houston,2,Queens,15,0.9800777477163998
Houston,2,Prairie View A&M,16,0.6503317214020995
Houston,2,Iowa,9,0.807120612324923
Houston,2,McNeese,12,0.5438169423283712
Houston,2,Troy,13,0.776925261725107
Houston,2,VCU,11,0.8905416254630386
Houston,2,Penn,14,0.8808544916382982
Houston,2,Texas A&M,10,0.862264856491195
Houston,2,Idaho,15,0.7004064232370992
Houston,2,Howard,16,0.9633749954953225
Houston,2,Saint Louis,9,0.703767328331892
Houston,2,Akron,12,0.7407849469247352
Houston,2,Hofstra,13,0.772633358651076
Houston,2,Miami (OH),11,0.5524361622958585
Houston,2,Wright State,14,0.8327649942734171
Houston,2,Santa Clara,10,0.7587898611372633
Houston,2,Tennessee State,15,0.9141448854703776
Michigan,1,Duke,1,0.576345595822184
Michigan,1,Ohio State,8,0.8503198841945431
Michigan,1,St. John's,5,0.7612201128061534
Michigan,1,Kansas,4,0.714073119503235
Michigan,1,Louisville,6,0.850848758247928
Michigan,1,Michigan State,3,0.7847517252435239
Michigan,1,UCLA,7,0.8199755584502452
Michigan,1,UConn,2,0.7225101662166531
Michigan,1,Arizona,1,0.5779893586299997
Michigan,1,Villanova,8,0.8820116155757743
Michigan,1,Wisconsin,5,0.7656375666181108
Michigan,1,Arkansas,4,0.7227622742856685
Michigan,1,BYU,6,0.7831419427106958
Michigan,1,Gonzaga,3,0.880044131522632
Michigan,1,Miami (FL),7,0.9043885246618405
Michigan,1,Purdue,2,0.5649319100808452
Michigan,1,Florida,1,0.7124004786944397
Michigan,1,Clemson,8,0.863134664729747
Michigan,1,Vanderbilt,5,0.7576502178659845
Michigan,1,Nebraska,4,0.8459883080570036
Michigan,1,North Carolina,6,0.8577798068129945
Michigan,1,Illinois,3,0.8374745545153055
Michigan,1,Saint Mary's,7,0.8437557608900556
Michigan,1,Houston,2,0.6798419359543543
Michigan,1,Georgia,8,0.9191271848580391
Michigan,1,Texas Tech,5,0.7863154786740069
Michigan,1,Alabama,4,0.7601159115818787
Michigan,1,Tennessee,6,0.8302819217578727
Michigan,1,Virginia,3,0.7699353933314327
Michigan,1,Kentucky,7,0.8041890452811448
Michigan,1,Iowa State,2,0.730585087929477
Michigan,1,Siena,16,0.9957116625167644
Michigan,1,TCU,9,0.8951972883361241
Michigan,1,Northern Iowa,12,0.8742365250108215
Michigan,1,California Baptist,13,0.985513786470186
Michigan,1,South Florida,11,0.8865183250277493
Michigan,1,North Dakota State,14,0.9000276412722772
Michigan,1,UCF,10,0.8863758474467599
Michigan,1,Furman,15,0.9243806200714499
Michigan,1,LIU,16,0.9946335353492197
Michigan,1,Utah State,9,0.7398270986961112
Michigan,1,High Point,12,0.5909994322612196
Michigan,1,Hawaii,13,0.9693222164792774
Michigan,1,Texas,11,0.8374832758603613
Michigan,1,Kennesaw State,14,0.537753988705868
Michigan,1,Missouri,10,0.9235969689639655
Michigan,1,Queens,15,0.9905180687181092
Michigan,1,Prairie View A&M,16,0.7979519986158525
Michigan,1,Iowa,9,0.8988447221113319
Michigan,1,McNeese,12,0.7168244638657655
Michigan,1,Troy,13,0.8808897344263898
Michigan,1,VCU,11,0.945284091528182
Michigan,1,Penn,14,0.9401159172307578
Michigan,1,Texas A&M,10,0.9300381420092048
Michigan,1,Idaho,15,0.8323367299250322
Michigan,1,Howard,16,0.9824113628923893
Michigan,1,Saint Louis,9,0.8345671870918224
Michigan,1,Akron,12,0.858525613099972
Michigan,1,Hofstra,13,0.8782847173337658
Michigan,1,Miami (OH),11,0.7238348498947282
Michigan,1,Wright State,14,0.9135993508725436
Michigan,1,Santa Clara,10,0.8697898420981408
Michigan,1,Tennessee State,15,0.9576443002538874
Georgia,8,Duke,1,0.10690452579870051
Georgia,8,Ohio State,8,0.33326946251179684
Georgia,8,St. John's,5,0.2190576547869705
Georgia,8,Kansas,4,0.18015502746655976
Georgia,8,Louisville,6,0.33419476936015685
Georgia,8,Michigan State,3,0.2428768302603346
Georgia,8,UCLA,7,0.28610748182863793
Georgia,8,UConn,2,0.18639611240706808
Georgia,8,Arizona,1,0.1075493080744548
Georgia,8,Villanova,8,0.39677336399081853
Georgia,8,Wisconsin,5,0.22327075563476076
Georgia,8,Arkansas,4,0.1865869388030423
Georgia,8,BYU,6,0.24113337459441056
Georgia,8,Gonzaga,3,0.39228947674130593
Georgia,8,Miami (FL),7,0.45423332135634203
Georgia,8,Purdue,2,0.10253737525149362
Georgia,8,Florida,1,0.17895030315105437
Georgia,8,Clemson,8,0.3568704071971993
Georgia,8,Vanderbilt,5,0.21573316632415918
Georgia,8,Nebraska,4,0.3258380791621612
Georgia,8,North Carolina,6,0.3467001669432521
Georgia,8,Illinois,3,0.31195603653232507
Georgia,8,Saint Mary's,7,0.3221073386954212
Georgia,8,Houston,2,0.15742662544513839
Georgia,8,Michigan,1,0.08087281514196104
Georgia,8,Texas Tech,5,0.24458776338213525
Georgia,8,Alabama,4,0.21802182213915625
Georgia,8,Tennessee,6,0.30092012128088363
Georgia,8,Virginia,3,0.22747916422992145
Georgia,8,Kentucky,7,0.2654440515602733
Georgia,8,Iowa State,2,0.19263888345620536
Georgia,8,Siena,16,0.9533367741527932
Georgia,8,TCU,9,0.42908573826678464
Georgia,8,Northern Iowa,12,0.37951701116141534
Georgia,8,California Baptist,13,0.8568560220070366
Georgia,8,South Florida,11,0.407360838408635
Georgia,8,North Dakota State,14,0.4420083980253128
Georgia,8,UCF,10,0.4070191674313
Georgia,8,Furman,15,0.5182080808629499
Georgia,8,LIU,16,0.9422233837114892
Georgia,8,Utah State,9,0.20013086156319884
Georgia,8,High Point,12,0.11280058436308556
Georgia,8,Hawaii,13,0.7354615364182405
Georgia,8,Texas,11,0.3119697900785313
Georgia,8,Kennesaw State,14,0.09285671349430275
Georgia,8,Missouri,10,0.5154217710068252
Georgia,8,Queens,15,0.9018802713365354
Georgia,8,Prairie View A&M,16,0.25788248180606166
Georgia,8,Iowa,9,0.43878532450957647
Georgia,8,McNeese,12,0.18215978282884623
Georgia,8,Troy,13,0.394206573514214
Georgia,8,VCU,11,0.6031922924664422
Georgia,8,Penn,14,0.5800663263147798
Georgia,8,Texas A&M,10,0.5391021461390506
Georgia,8,Idaho,15,0.3040115627036713
Georgia,8,Howard,16,0.830926846589791
Georgia,8,Saint Louis,9,0.3074221711227548
Georgia,8,Akron,12,0.348089206532004
Georgia,8,Hofstra,13,0.388348268387976
Georgia,8,Miami (OH),11,0.18740168196918952
Georgia,8,Wright State,14,0.4819703628612944
Georgia,8,Santa Clara,10,0.3701799527382923
Georgia,8,Tennessee State,15,0.6654832790221267
Texas Tech,5,Duke,1,0.2699122312810279
Texas Tech,5,Ohio State,8,0.6068892166233811
Texas Tech,5,St. John's,5,0.4641921681168573
Texas Tech,5,Kansas,4,0.404293232725314
Texas Tech,5,Louisville,6,0.60788157769673
Texas Tech,5,Michigan State,3,0.4976794940669262
Texas Tech,5,UCLA,7,0.5531298066929532
Texas Tech,5,UConn,2,0.41437454596215684
Texas Tech,5,Arizona,1,0.27124157999485554
Texas Tech,5,Villanova,8,0.6701274801044381
Texas Tech,5,Wisconsin,5,0.4702807663162166
Texas Tech,5,Arkansas,4,0.4146798109740495
Texas Tech,5,BYU,6,0.49530353266906924
Texas Tech,5,Gonzaga,3,0.6659648772420562
Texas Tech,5,Miami (FL),7,0.7199288778669153
Texas Tech,5,Purdue,2,0.26083084599533984
Texas Tech,5,Florida,1,0.4023251957000679
Texas Tech,5,Clemson,8,0.6315136474547878
Texas Tech,5,Vanderbilt,5,0.45933561528088085
Texas Tech,5,Nebraska,4,0.5988365313757125
Texas Tech,5,North Carolina,6,0.6210750025165663
Texas Tech,5,Illinois,3,0.5833884355358515
Texas Tech,5,Saint Mary's,7,0.594737540700345
Texas Tech,5,Houston,2,0.3659080608650056
Texas Tech,5,Michigan,1,0.21368452132599358
Texas Tech,5,Georgia,8,0.7554122366178652
Texas Tech,5,Alabama,4,0.46268395001192575
Texas Tech,5,Tennessee,6,0.5707150802824434
Texas Tech,5,Virginia,3,0.47629006629183535
Texas Tech,5,Kentucky,7,0.5274292692255514
Texas Tech,5,Iowa State,2,0.4242710961450215
Texas Tech,5,Siena,16,0.9843990760379364
Texas Tech,5,TCU,9,0.6989088152758473
Texas Tech,5,Northern Iowa,12,0.6538692119755517
Texas Tech,5,California Baptist,13,0.9486857129546049
Texas Tech,5,South Florida,11,0.6797891671453612
Texas Tech,5,North Dakota State,14,0.709853858597835
Texas Tech,5,UCF,10,0.6794809788036567
Texas Tech,5,Furman,15,0.7686233149527872
Texas Tech,5,LIU,16,0.9805324672423872
Texas Tech,5,Utah State,9,0.4359077255788623
Texas Tech,5,High Point,12,0.2819602464236284
Texas Tech,5,Hawaii,13,0.8956875577232821
Texas Tech,5,Texas,11,0.5834040090525006
Texas Tech,5,Kennesaw State,14,0.24020546036732268
Texas Tech,5,Missouri,10,0.7666330345594403
Texas Tech,5,Queens,15,0.9659730387201731
Texas Tech,5,Prairie View A&M,16,0.5176640926029652
Texas Tech,5,Iowa,9,0.707152883556874
Texas Tech,5,McNeese,12,0.4075522977522944
Texas Tech,5,Troy,13,0.6677498407610071
Texas Tech,5,VCU,11,0.8244038341549282
Texas Tech,5,Penn,14,0.8101115389268759
Texas Tech,5,Texas A&M,10,0.7832008850727684
Texas Tech,5,Idaho,15,0.5743012389727495
Texas Tech,5,Howard,16,0.938190717287266
Texas Tech,5,Saint Louis,9,0.5782249213300732
Texas Tech,5,Akron,12,0.6225158406128658
Texas Tech,5,Hofstra,13,0.6622705205658186
Texas Tech,5,Miami (OH),11,0.4159811884801062
Texas Tech,5,Wright State,14,0.7418372315597359
Texas Tech,5,Santa Clara,10,0.6447966425589048
Texas Tech,5,Tennessee State,15,0.8600272194069282
Alabama,4,Duke,1,0.3003722939392008
Alabama,4,Ohio State,8,0.6419406415170268
Alabama,4,St. John's,5,0.501516322587411
Alabama,4,Kansas,4,0.44076304765965646
Alabama,4,Louisville,6,0.6428965843660274
Alabama,4,Michigan State,3,0.5350076696076663
Alabama,4,UCLA,7,0.5897342303071094
Alabama,4,UConn,2,0.45106516893256215
Alabama,4,Arizona,1,0.3017896498605332
Alabama,4,Villanova,8,0.7023061786827836
Alabama,4,Wisconsin,5,0.507630666073591
Alabama,4,Arkansas,4,0.45137663020385316
Alabama,4,BYU,6,0.5326424654967736
Alabama,4,Gonzaga,3,0.6983668614184909
Alabama,4,Miami (FL),7,0.7490686255566773
Alabama,4,Purdue,2,0.2906740881099692
Alabama,4,Florida,1,0.43874823467022034
Alabama,4,Clemson,8,0.6655793289575049
Alabama,4,Vanderbilt,5,0.49663121764655965
Alabama,4,Nebraska,4,0.6341731575381463
Alabama,4,North Carolina,6,0.6555793962365367
Alabama,4,Illinois,3,0.6192205581906447
Alabama,4,Saint Mary's,7,0.6302122689905718
Alabama,4,Houston,2,0.4012475684921594
Alabama,4,Michigan,1,0.23988408841812175
Alabama,4,Georgia,8,0.7819781778608441
Alabama,4,Texas Tech,5,0.5373160499880749
Alabama,4,Tennessee,6,0.6069027471987196
Alabama,4,Virginia,3,0.5136544399475831
Alabama,4,Kentucky,7,0.5644813192851152
Alabama,4,Iowa State,2,0.46114797786212713
Alabama,4,Siena,16,0.9865368386415848
Alabama,4,TCU,9,0.7294135839457607
Alabama,4,Northern Iowa,12,0.6868928627799502
Alabama,4,California Baptist,13,0.9554959621530051
Alabama,4,South Florida,11,0.7114312304100397
Alabama,4,North Dakota State,14,0.7396627908198967
Alabama,4,UCF,10,0.711140555426604
Alabama,4,Furman,15,0.7941453584767086
Alabama,4,LIU,16,0.9831910162111304
Alabama,4,Utah State,9,0.4729651416726581
Alabama,4,High Point,12,0.3131966835900663
Alabama,4,Hawaii,13,0.9088557734438344
Alabama,4,Texas,11,0.6192356664842765
Alabama,4,Kennesaw State,14,0.2685461888876742
Alabama,4,Missouri,10,0.7923152963009912
Alabama,4,Queens,15,0.9705601732957727
Alabama,4,Prairie View A&M,16,0.5548355622346248
Alabama,4,Iowa,9,0.7371365505956022
Alabama,4,McNeese,12,0.44409693393501143
Alabama,4,Troy,13,0.7000566628116824
Alabama,4,VCU,11,0.8450136738547893
Alabama,4,Penn,14,0.8320571449096085
Alabama,4,Texas A&M,10,0.8075176257760114
Alabama,4,Idaho,15,0.6103929740275001
Alabama,4,Howard,16,0.9463150046881385
Alabama,4,Saint Louis,9,0.614207464372679
Alabama,4,Akron,12,0.6569614997222356
Alabama,4,Hofstra,13,0.6948666699758528
Alabama,4,Miami (OH),11,0.4527041005610382
Alabama,4,Wright State,14,0.7694275814668475
Alabama,4,Santa Clara,10,0.6782599678815472
Alabama,4,Tennessee State,15,0.8770793369674207
Tennessee,6,Duke,1,0.2175779411686529
Tennessee,6,Ohio State,8,0.537301950294131
Tennessee,6,St. John's,5,0.39454519889628564
Tennessee,6,Kansas,4,0.3379647144819071
Tennessee,6,Louisville,6,0.5383363470582957
Tennessee,6,Michigan State,3,0.42701232136789435
Tennessee,6,UCLA,7,0.4821464171582774
Tennessee,6,UConn,2,0.34735649792858414
Tennessee,6,Arizona,1,0.21872675745103598
Tennessee,6,Villanova,8,0.6044382080262352
Tennessee,6,Wisconsin,5,0.40040293797754184
Tennessee,6,Arkansas,4,0.34764169960654595
Tennessee,6,BYU,6,0.42468849951695925
Tennessee,6,Gonzaga,3,0.5999415404294742
Tennessee,6,Miami (FL),7,0.6591120216889028
Tennessee,6,Purdue,2,0.20975150147650706
Tennessee,6,Florida,1,0.3361373657787702
Tennessee,6,Clemson,8,0.5631476596406538
Tennessee,6,Vanderbilt,5,0.3898870912149972
Tennessee,6,Nebraska,4,0.528930252216277
Tennessee,6,North Carolina,6,0.5521457749680576
Tennessee,6,Illinois,3,0.5129795065030696
Tennessee,6,Saint Mary's,7,0.5246839277543234
Tennessee,6,Houston,2,0.30267729064497456
Tennessee,6,Michigan,1,0.16971807824212762
Tennessee,6,Georgia,8,0.6990798787191168
Tennessee,6,Texas Tech,5,0.4292849197175572
Tennessee,6,Alabama,4,0.39309725280128094
Tennessee,6,Virginia,3,0.40620403795802223
Tennessee,6,Kentucky,7,0.45637572336625265
Tennessee,6,Iowa State,2,0.35662716269445993
Tennessee,6,Siena,16,0.9793653283047203
Tennessee,6,TCU,9,0.635836351517057
Tennessee,6,Northern Iowa,12,0.5869379762423095
Tennessee,6,California Baptist,13,0.9329140911598641
Tennessee,6,South Florida,11,0.6149182815308177
Tennessee,6,North Dakota State,14,0.6479191605554695
Tennessee,6,UCF,10,0.6145830565563706
Tennessee,6,Furman,15,0.7141824320914587
Tennessee,6,LIU,16,0.9742837228069899
Tennessee,6,Utah State,9,0.36759307185722767
Tennessee,6,High Point,12,0.22801950720121714
Tennessee,6,Hawaii,13,0.8659288064858657
Tennessee,6,Texas,11,0.5129955148602477
Tennessee,6,Kennesaw State,14,0.19211545073026054
Tennessee,6,Missouri,10,0.7118993860041167
Tennessee,6,Queens,15,0.9552641830994586
Tennessee,6,Prairie View A&M,16,0.44668261355033384
Tennessee,6,Iowa,9,0.6449300261527259
Tennessee,6,McNeese,12,0.3409951601241079
Tennessee,6,Troy,13,0.6018683926709324
Tennessee,6,VCU,11,0.7793193710558618
Tennessee,6,Penn,14,0.7624150472261323
Tennessee,6,Texas A&M,10,0.7309895189430614
Tennessee,6,Idaho,15,0.503663146574131
Tennessee,6,Howard,16,0.9194672460139904
Tennessee,6,Saint Louis,9,0.5076797691992697
Tennessee,6,Akron,12,0.5536603528848334
Tennessee,6,Hofstra,13,0.5959599935826432
Tennessee,6,Miami (OH),11,0.34885808468763474
Tennessee,6,Wright State,14,0.6836875077690281
Tennessee,6,Santa Clara,10,0.5772453160517221
Tennessee,6,Tennessee State,15,0.8221155544920369
Virginia,3,Duke,1,0.28901823419866635
Virginia,3,Ohio State,8,0.6292885081251842
Virginia,3,St. John's,5,0.4878608773002305
Virginia,3,Kansas,4,0.4273436792191463
Virginia,3,Louisville,6,0.6302587739407427
Virginia,3,Michigan State,3,0.5213941361145715
Virginia,3,UCLA,7,0.5764545001828077
Virginia,3,UConn,2,0.4375775661012578
Virginia,3,Arizona,1,0.29040425266361947
Virginia,3,Villanova,8,0.6907595382120415
Virginia,3,Wisconsin,5,0.49397371455170513
Virginia,3,Arkansas,4,0.4378871433406146
Virginia,3,BYU,6,0.5190219389717193
Virginia,3,Gonzaga,3,0.6867355807804162
Virginia,3,Miami (FL),7,0.7386608249337245
Virginia,3,Purdue,2,0.2795401463510302
Virginia,3,Florida,1,0.42534355295424664
Virginia,3,Clemson,8,0.6533113714382806
Virginia,3,Vanderbilt,5,0.4829799093164403
Virginia,3,Nebraska,4,0.6214084273550728
Virginia,3,North Carolina,6,0.6431412847690329
Virginia,3,Illinois,3,0.6062580237197337
Virginia,3,Saint Mary's,7,0.617392714574978
Virginia,3,Houston,2,0.3881961578377612
Virginia,3,Michigan,1,0.23006460666856776
Virginia,3,Georgia,8,0.772520835770079
Virginia,3,Texas Tech,5,0.5237099337081653
Virginia,3,Alabama,4,0.48634556005241747
Virginia,3,Tennessee,6,0.5937959620419783
Virginia,3,Kentucky,7,0.5510065153691154
Virginia,3,Iowa State,2,0.4476047212416351
Virginia,3,Siena,16,0.9857916073207533
Virginia,3,TCU,9,0.7184969226796806
Virginia,3,Northern Iowa,12,0.6750250203922844
Virginia,3,California Baptist,13,0.9531141732036754
Virginia,3,South Florida,11,0.7000873795436445
Virginia,3,North Dakota State,14,0.7290060039079233
Virginia,3,UCF,10,0.6997900997317186
Virginia,3,Furman,15,0.785070739754764
Virginia,3,LIU,16,0.982263911946531
Virginia,3,Utah State,9,0.45937069428337224
Virginia,3,High Point,12,0.30156681352363823
Virginia,3,Hawaii,13,0.9042280640609164
Virginia,3,Texas,11,0.6062733193062319
Virginia,3,Kennesaw State,14,0.2579516010303277
Virginia,3,Missouri,10,0.7831820292387337
Virginia,3,Queens,15,0.9689584063913568
Virginia,3,Prairie View A&M,16,0.5413048300699594
Virginia,3,Iowa,9,0.7264146025022461
Virginia,3,McNeese,12,0.43065422745097126
Virginia,3,Troy,13,0.6884614748262459
Virginia,3,VCU,11,0.8377232482312442
Virginia,3,Penn,14,0.8242839898947466
Virginia,3,Texas A&M,10,0.7988832053757804
Virginia,3,Idaho,15,0.5973253491888117
Virginia,3,Howard,16,0.9434709340636321
Virginia,3,Saint Louis,9,0.6011841866780178
Virginia,3,Akron,12,0.644546238121815
Virginia,3,Hofstra,13,0.6831616526444736
Virginia,3,Miami (OH),11,0.4392067016231861
Virginia,3,Wright State,14,0.7595931931815643
Virginia,3,Santa Clara,10,0.666223910540429
Virginia,3,Tennessee State,15,0.8710671089730327
Kentucky,7,Duke,1,0.24882379420392645
Kentucky,7,Ohio State,8,0.5804028779704192
Kentucky,7,St. John's,5,0.4370103681880865
Kentucky,7,Kansas,4,0.3781435376021441
Kentucky,7,Louisville,6,0.5814159848150827
Kentucky,7,Michigan State,3,0.47025779718027494
Kentucky,7,UCLA,7,0.5258512306785234
Kentucky,7,UConn,2,0.38799749263904587
Kentucky,7,Arizona,1,0.25008485725208635
Kentucky,7,Villanova,8,0.6454124639083342
Kentucky,7,Wisconsin,5,0.4430372359994754
Kentucky,7,Arkansas,4,0.38829621005689824
Kentucky,7,BYU,6,0.46789080875322897
Kentucky,7,Gonzaga,3,0.6411050147991305
Kentucky,7,Miami (FL),7,0.6972594705131795
Kentucky,7,Purdue,2,0.24021848796049233
Kentucky,7,Florida,1,0.3762224007537631
Kentucky,7,Clemson,8,0.6056082303247935
Kentucky,7,Vanderbilt,5,0.43220880173514953
Kentucky,7,Nebraska,4,0.5721900955392905
Kentucky,7,North Carolina,6,0.5949064704036858
Kentucky,7,Illinois,3,0.5564758717070674
Kentucky,7,Saint Mary's,7,0.5680152440975353
Kentucky,7,Houston,2,0.34082066595352495
Kentucky,7,Michigan,1,0.1958109547188557
Kentucky,7,Georgia,8,0.7345559484397273
Kentucky,7,Texas Tech,5,0.47257073077444905
Kentucky,7,Alabama,4,0.4355186807148853
Kentucky,7,Tennessee,6,0.543624276633748
Kentucky,7,Virginia,3,0.44899348463088523
Kentucky,7,Iowa State,2,0.39769187991815663
Kentucky,7,Siena,16,0.9826195140599406
Kentucky,7,TCU,9,0.6753053564682289
Kentucky,7,Northern Iowa,12,0.6286111667774195
Kentucky,7,California Baptist,13,0.9430680105859665
Kentucky,7,South Florida,11,0.6554258185835087
Kentucky,7,North Dakota State,14,0.6867238217039148
Kentucky,7,UCF,10,0.655106078382073
Kentucky,7,Furman,15,0.748518524057466
Kentucky,7,LIU,16,0.9783215628971634
Kentucky,7,Utah State,9,0.40911754333372646
Kentucky,7,High Point,12,0.2602660566670075
Kentucky,7,Hawaii,13,0.8849713106336887
Kentucky,7,Texas,11,0.5564916864411154
Kentucky,7,Kennesaw State,14,0.22073629515556226
Kentucky,7,Missouri,10,0.7464123611283653
Kentucky,7,Queens,15,0.9621724271388432
Kentucky,7,Prairie View A&M,16,0.4902158612017133
Kentucky,7,Iowa,9,0.6839034094301303
Kentucky,7,McNeese,12,0.38132674225725544
Kentucky,7,Troy,13,0.6429515988834444
Kentucky,7,VCU,11,0.8079347767094066
Kentucky,7,Penn,14,0.7926391807436042
Kentucky,7,Texas A&M,10,0.7639738027959774
Kentucky,7,Idaho,15,0.5472572159947673
Kentucky,7,Howard,16,0.9315070127080196
Kentucky,7,Saint Louis,9,0.5512353854208919
Kentucky,7,Akron,12,0.596382147921208
Kentucky,7,Hofstra,13,0.6372854607031965
Kentucky,7,Miami (OH),11,0.38956989689781957
Kentucky,7,Wright State,14,0.720252058686462
Kentucky,7,Santa Clara,10,0.6192620494852242
Kentucky,7,Tennessee State,15,0.8462762549710604
Iowa State,2,Duke,1,0.33407675304859236
Iowa State,2,Ohio State,8,0.6768906809827947
Iowa State,2,St. John's,5,0.5403588342146365
Iowa State,2,Kansas,4,0.47942566449068647
Iowa State,2,Louisville,6,0.6778001479390224
Iowa State,2,Michigan State,3,0.5734600342642762
Iowa State,2,UCLA,7,0.6268177253409798
Iowa State,2,UConn,2,0.4898399250357747
Iowa State,2,Arizona,1,0.33557686534355924
Iowa State,2,Villanova,8,0.7338072955824191
Iowa State,2,Wisconsin,5,0.5464276312051044
Iowa State,2,Arkansas,4,0.4901542533018066
Iowa State,2,BYU,6,0.5711336335993763
Iowa State,2,Gonzaga,3,0.7301246436684887
Iowa State,2,Miami (FL),7,0.7771913257095221
Iowa State,2,Purdue,2,0.3237939622317996
Iowa State,2,Florida,1,0.47738498402391133
Iowa State,2,Clemson,8,0.6993028178392318
Iowa State,2,Vanderbilt,5,0.5355018262694842
Iowa State,2,Nebraska,4,0.6694910217134328
Iowa State,2,North Carolina,6,0.6898413772507351
Iowa State,2,Illinois,3,0.6551971131920289
Iowa State,2,Saint Mary's,7,0.6657109575904147
Iowa State,2,Houston,2,0.43916597531719936
Iowa State,2,Michigan,1,0.26941491207052354
Iowa State,2,Georgia,8,0.8073611165437949
Iowa State,2,Texas Tech,5,0.5757289038549791
Iowa State,2,Alabama,4,0.5388520221378735
Iowa State,2,Tennessee,6,0.6433728373055406
Iowa State,2,Virginia,3,0.5523952787583655
Iowa State,2,Kentucky,7,0.6023081200818439
Iowa State,2,Siena,16,0.9884558539310334
Iowa State,2,TCU,9,0.7590304637853175
Iowa State,2,Northern Iowa,12,0.7193732625310479
Iowa State,2,California Baptist,13,0.9616675724407453
Iowa State,2,South Florida,11,0.7423210379846993
Iowa State,2,North Dakota State,14,0.7685138698916228
Iowa State,2,UCF,10,0.7420501965355
Iowa State,2,Furman,15,0.8184406411771856
Iowa State,2,LIU,16,0.9855799682591886
Iowa State,2,Utah State,9,0.5118670223413375
Iowa State,2,High Point,12,0.347625150112512
Iowa State,2,Hawaii,13,0.9209601975335118
Iowa State,2,Texas,11,0.6552115888537197
Iowa State,2,Kennesaw State,14,0.30021187318589326
Iowa State,2,Missouri,10,0.8167767338300378
Iowa State,2,Queens,15,0.9746980682446613
Iowa State,2,Prairie View A&M,16,0.5928959354374712
Iowa State,2,Iowa,9,0.766179091175191
Iowa State,2,McNeese,12,0.4827995219551018
Iowa State,2,Troy,13,0.731704882024287
Iowa State,2,VCU,11,0.8643310258084549
Iowa State,2,Penn,14,0.8527078994496107
Iowa State,2,Texas A&M,10,0.8305714005487301
Iowa State,2,Idaho,15,0.6467277407551622
Iowa State,2,Howard,16,0.9536980908885707
Iowa State,2,Saint Louis,9,0.6503902455735964
Iowa State,2,Akron,12,0.6911507646940929
Iowa State,2,Hofstra,13,0.7268488345159252
Iowa State,2,Miami (OH),11,0.4914935992470304
Iowa State,2,Wright State,14,0.7958903135796657
Iowa State,2,Santa Clara,10,0.7112594605488741
Iowa State,2,Tennessee State,15,0.8929065708220575
Siena,16,Duke,1,0.005824913642812848
Siena,16,Ohio State,8,0.02388227987176714
Siena,16,St. John's,5,0.013543958397508788
Siena,16,Kansas,4,0.010641352145177125
Siena,16,Louisville,6,0.02397948244978615
Siena,16,Michigan State,3,0.015459013017002967
Siena,16,UCLA,7,0.019239238535197482
Siena,16,UConn,2,0.011089431078319096
Siena,16,Arizona,1,0.0058640488862268724
Siena,16,Villanova,8,0.031190949775137047
Siena,16,Wisconsin,5,0.013874671566511832
Siena,16,Arkansas,4,0.01110323335341573
Siena,16,BYU,6,0.015315020990280879
Siena,16,Gonzaga,3,0.03062869367395684
Siena,16,Miami (FL),7,0.03914343615218527
Siena,16,Purdue,2,0.005561248188607387
Siena,16,Florida,1,0.010555597025759072
Siena,16,Clemson,8,0.026442473277023266
Siena,16,Vanderbilt,5,0.013285351720567018
Siena,16,Nebraska,4,0.023110610787017913
Siena,16,North Carolina,6,0.025318196963360563
Siena,16,Illinois,3,0.021710655727131368
Siena,16,Saint Mary's,7,0.022729142323212843
Siena,16,Houston,2,0.009062440273269304
Siena,16,Michigan,1,0.004288337483235592
Siena,16,Georgia,8,0.04666322584720698
Siena,16,Texas Tech,5,0.015600923962063582
Siena,16,Alabama,4,0.013463161358415148
Siena,16,Tennessee,6,0.020634671695279688
Siena,16,Virginia,3,0.014208392679246729
Siena,16,Kentucky,7,0.01738048594005941
Siena,16,Iowa State,2,0.01154414606896663
Siena,16,TCU,9,0.035482303056416094
Siena,16,Northern Iowa,12,0.029068223786505767
Siena,16,California Baptist,13,0.2266030046953373
Siena,16,South Florida,11,0.03254962861941203
Siena,16,North Dakota State,14,0.03732592235586699
Siena,16,UCF,10,0.03250508526826298
Siena,16,Furman,15,0.05001385749553247
Siena,16,LIU,16,0.44389882748996373
Siena,16,Utah State,9,0.012098655575800104
Siena,16,High Point,12,0.006184778622589253
Siena,16,Hawaii,13,0.1197815716452675
Siena,16,Texas,11,0.021712016712476825
Siena,16,Kennesaw State,14,0.004985346020917596
Siena,16,Missouri,10,0.04948637259558219
Siena,16,Queens,15,0.31029970986401895
Siena,16,Prairie View A&M,16,0.01672448657277335
Siena,16,Iowa,9,0.03685882095327889
Siena,16,McNeese,12,0.010784582222458204
Siena,16,Troy,13,0.030868148813526942
Siena,16,VCU,11,0.0692525770677128
Siena,16,Penn,14,0.06333033993244878
Siena,16,Texas A&M,10,0.05415219297000448
Siena,16,Idaho,15,0.02093287867148108
Siena,16,Howard,16,0.193909956017391
Siena,16,Saint Louis,9,0.021264748186406644
Siena,16,Akron,12,0.025469832315165364
Siena,16,Hofstra,13,0.03014076571294059
Siena,16,Miami (OH),11,0.011162231460930462
Siena,16,Wright State,14,0.043556546485579314
Siena,16,Santa Clara,10,0.027964493466232084
Siena,16,Tennessee State,15,0.08873452816704329
TCU,9,Duke,1,0.13738573752631708
TCU,9,Ohio State,8,0.39942720512736546
TCU,9,St. John's,5,0.27178518685849073
TCU,9,Kansas,4,0.22623127070507584
TCU,9,Louisville,6,0.40042587873745183
TCU,9,Michigan State,3,0.29914151905293396
TCU,9,UCLA,7,0.3477866360699102
TCU,9,UConn,2,0.23361372968887306
TCU,9,Arizona,1,0.1381859181013149
TCU,9,Villanova,8,0.46671294881883474
TCU,9,Wisconsin,5,0.2766531373073712
TCU,9,Arkansas,4,0.23383900254177925
TCU,9,BYU,6,0.29715269186061727
TCU,9,Gonzaga,3,0.4620440768889068
TCU,9,Miami (FL),7,0.5254783439936529
TCU,9,Purdue,2,0.13195738055769063
TCU,9,Florida,1,0.22480291421979157
TCU,9,Clemson,8,0.4247286743644935
TCU,9,Vanderbilt,5,0.2679350341687663
TCU,9,Nebraska,4,0.3913865935692325
TCU,9,North Carolina,6,0.41386906115311994
TCU,9,Illinois,3,0.37627057110082823
TCU,9,Saint Mary's,7,0.3873365453913392
TCU,9,Houston,2,0.1991015790700615
TCU,9,Michigan,1,0.10480271166387607
TCU,9,Georgia,8,0.570914261733216
TCU,9,Texas Tech,5,0.3010911847241533
TCU,9,Alabama,4,0.2705864160542398
TCU,9,Tennessee,6,0.3641636484829435
TCU,9,Virginia,3,0.28150307732031987
TCU,9,Kentucky,7,0.32469464353177163
TCU,9,Iowa State,2,0.240969536214683
TCU,9,Siena,16,0.9645176969435839
TCU,9,Northern Iowa,12,0.4486772752112405
TCU,9,California Baptist,13,0.8884495815253176
TCU,9,South Florida,11,0.47768881230697496
TCU,9,North Dakota State,14,0.5131387892490453
TCU,9,UCF,10,0.4773356648404529
TCU,9,Furman,15,0.5886644042083771
TCU,9,LIU,16,0.9559441162203177
TCU,9,Utah State,9,0.24975968339887744
TCU,9,High Point,12,0.14469055498072178
TCU,9,Hawaii,13,0.7871940167002904
TCU,9,Texas,11,0.3762856094376004
TCU,9,Kennesaw State,14,0.11987013336691164
TCU,9,Missouri,10,0.5859600012285121
TCU,9,Queens,15,0.9244130683595385
TCU,9,Prairie View A&M,16,0.3161717225588198
TCU,9,Iowa,9,0.5098709857840766
TCU,9,McNeese,12,0.228605789134471
TCU,9,Troy,13,0.4640417626716648
TCU,9,VCU,11,0.6691551756780136
TCU,9,Penn,14,0.6476277582736123
TCU,9,Texas A&M,10,0.6088095360975766
TCU,9,Idaho,15,0.3675631989585435
TCU,9,Howard,16,0.8673573703957274
TCU,9,Saint Louis,9,0.3713064092732959
TCU,9,Akron,12,0.41535611527313165
TCU,9,Hofstra,13,0.45793014410930694
TCU,9,Miami (OH),11,0.23480051559905693
TCU,9,Wright State,14,0.5531564792482282
TCU,9,Santa Clara,10,0.43884211376458626
TCU,9,Tennessee State,15,0.7257984490539848
Northern Iowa,12,Duke,1,0.1636717109299482
Northern Iowa,12,Ohio State,8,0.44971164231288424
Northern Iowa,12,St. John's,5,0.3144130860022849
Northern Iowa,12,Kansas,4,0.2643075548106002
Northern Iowa,12,Louisville,6,0.4507416816874236
Northern Iowa,12,Michigan State,3,0.3440330368651873
Northern Iowa,12,UCLA,7,0.39585503714900194
Northern Iowa,12,UConn,2,0.2724949598408786
Northern Iowa,12,Arizona,1,0.1645957770707135
Northern Iowa,12,Villanova,8,0.5181597689090242
Northern Iowa,12,Wisconsin,5,0.31970934097878795
Northern Iowa,12,Arkansas,4,0.27274438256291506
Northern Iowa,12,BYU,6,0.34189134434160884
Northern Iowa,12,Gonzaga,3,0.5134717738144512
Northern Iowa,12,Miami (FL),7,0.5764014531098972
Northern Iowa,12,Purdue,2,0.157394254031802
Northern Iowa,12,Florida,1,0.2627204206951375
Northern Iowa,12,Clemson,8,0.4756755247588222
Northern Iowa,12,Vanderbilt,5,0.3102163071648226
Northern Iowa,12,Nebraska,4,0.4414027554465566
Northern Iowa,12,North Carolina,6,0.46456523199253685
Northern Iowa,12,Illinois,3,0.4257061941643171
Northern Iowa,12,Saint Mary's,7,0.4372069432661601
Northern Iowa,12,Houston,2,0.23399257077815125
Northern Iowa,12,Michigan,1,0.12576347498917875
Northern Iowa,12,Georgia,8,0.6204829888385852
Northern Iowa,12,Texas Tech,5,0.3461307880244488
Northern Iowa,12,Alabama,4,0.3131071372200503
Northern Iowa,12,Tennessee,6,0.4130620237576911
Northern Iowa,12,Virginia,3,0.32497497960771604
Northern Iowa,12,Kentucky,7,0.37138883322258115
Northern Iowa,12,Iowa State,2,0.2806267374689526
Northern Iowa,12,Siena,16,0.9709317762134944
Northern Iowa,12,TCU,9,0.55132272478876
Northern Iowa,12,California Baptist,13,0.9072926844504484
Northern Iowa,12,South Florida,11,0.5291450296021685
Northern Iowa,12,North Dakota State,14,0.5642881113955098
Northern Iowa,12,UCF,10,0.5287923541690472
Northern Iowa,12,Furman,15,0.6374846343342523
Northern Iowa,12,LIU,16,0.9638499403686225
Northern Iowa,12,Utah State,9,0.2903102118956534
Northern Iowa,12,High Point,12,0.1720953239641974
Northern Iowa,12,Hawaii,13,0.8196695618330391
Northern Iowa,12,Texas,11,0.4257218597286341
Northern Iowa,12,Kennesaw State,14,0.14336181177889473
Northern Iowa,12,Missouri,10,0.6349021342330873
Northern Iowa,12,Queens,15,0.9376078361525592
Northern Iowa,12,Prairie View A&M,16,0.3622978043840257
Northern Iowa,12,Iowa,9,0.5610699569740005
Northern Iowa,12,McNeese,12,0.2669438458620692
Northern Iowa,12,Troy,13,0.5154787500278131
Northern Iowa,12,VCU,11,0.7130785315219348
Northern Iowa,12,Penn,14,0.6930983226335875
Northern Iowa,12,Texas A&M,10,0.6566334444817978
Northern Iowa,12,Idaho,15,0.4166189540357022
Northern Iowa,12,Howard,16,0.8893195153186035
Northern Iowa,12,Saint Louis,9,0.4205295548654735
Northern Iowa,12,Akron,12,0.46608959181176707
Northern Iowa,12,Hofstra,13,0.5093334780274623
Northern Iowa,12,Miami (OH),11,0.27380869815633785
Northern Iowa,12,Wright State,14,0.6033513778453558
Northern Iowa,12,Santa Clara,10,0.4900397865046191
Northern Iowa,12,Tennessee State,15,0.7648444759055989
California Baptist,13,Duke,1,0.019604897003625554
California Baptist,13,Ohio State,8,0.07706898567834111
California Baptist,13,St. John's,5,0.04476266931237823
California Baptist,13,Kansas,4,0.035409740912188514
California Baptist,13,Louisville,6,0.07736550458072645
California Baptist,13,Michigan State,3,0.050864301691377026
California Baptist,13,UCLA,7,0.06275045126176798
California Baptist,13,UConn,2,0.03686189267891109
California Baptist,13,Arizona,1,0.01973477659970718
California Baptist,13,Villanova,8,0.09900345568750718
California Baptist,13,Wisconsin,5,0.04582026562807216
California Baptist,13,Arkansas,4,0.036906575080187874
California Baptist,13,BYU,6,0.05040741367146538
California Baptist,13,Gonzaga,3,0.09734161575195907
California Baptist,13,Miami (FL),7,0.12206707513454347
California Baptist,13,Purdue,2,0.018729229711510118
California Baptist,13,Florida,1,0.03513147325338459
California Baptist,13,Clemson,8,0.08483528780175245
California Baptist,13,Vanderbilt,5,0.043934524741068764
California Baptist,13,Nebraska,4,0.07471031510115554
California Baptist,13,North Carolina,6,0.0814359516737881
California Baptist,13,Illinois,3,0.0704099295689166
California Baptist,13,Saint Mary's,7,0.07354124938558963
California Baptist,13,Houston,2,0.030268249085241797
California Baptist,13,Michigan,1,0.014486213529814154
California Baptist,13,Georgia,8,0.14314397799296377
California Baptist,13,Texas Tech,5,0.05131428704539519
California Baptist,13,Alabama,4,0.044504037846995026
California Baptist,13,Tennessee,6,0.0670859088401359
California Baptist,13,Virginia,3,0.04688582679632482
California Baptist,13,Kentucky,7,0.05693198941403375
California Baptist,13,Iowa State,2,0.038332427559254735
California Baptist,13,Siena,16,0.7733969953046632
California Baptist,13,TCU,9,0.11155041847468261
California Baptist,13,Northern Iowa,12,0.09270731554955179
California Baptist,13,South Florida,11,0.10300199480558929
California Baptist,13,North Dakota State,14,0.11686754769792497
California Baptist,13,UCF,10,0.10287129090480797
California Baptist,13,Furman,15,0.15231551189542708
California Baptist,13,LIU,16,0.73149862651892
California Baptist,13,Utah State,9,0.040121451763110015
California Baptist,13,High Point,12,0.020798283669924384
California Baptist,13,Hawaii,13,0.31714848639836085
California Baptist,13,Texas,11,0.07041412365380058
California Baptist,13,Kennesaw State,14,0.016812754919847413
California Baptist,13,Missouri,10,0.150880437841376
California Baptist,13,Queens,15,0.6056048490083129
California Baptist,13,Prairie View A&M,16,0.054866534198050605
California Baptist,13,Iowa,9,0.11552450317991124
California Baptist,13,McNeese,12,0.035874259355094126
California Baptist,13,Troy,13,0.09804987767451794
California Baptist,13,VCU,11,0.20251732047051133
California Baptist,13,Penn,14,0.18749448570489852
California Baptist,13,Texas A&M,10,0.16346214770201306
California Baptist,13,Idaho,15,0.06800880085439301
California Baptist,13,Howard,16,0.45085700112373867
California Baptist,13,Saint Louis,9,0.06903438649303976
California Baptist,13,Akron,12,0.08189544659827865
California Baptist,13,Hofstra,13,0.09589605802220408
California Baptist,13,Miami (OH),11,0.03709753824757207
California Baptist,13,Wright State,14,0.13452030378431262
California Baptist,13,Santa Clara,10,0.08940970493751693
California Baptist,13,Tennessee State,15,0.24944166546322905
South Florida,11,Duke,1,0.14831592948878822
South Florida,11,Ohio State,8,0.4210295864493317
South Florida,11,St. John's,5,0.28981555336622256
South Florida,11,Kansas,4,0.24224487644279177
South Florida,11,Louisville,6,0.42204431576552953
South Florida,11,Michigan State,3,0.318193726560821
South Florida,11,UCLA,7,0.3683088997604565
South Florida,11,UConn,2,0.249981073352032
South Florida,11,Arizona,1,0.14916876248084865
South Florida,11,Villanova,8,0.4889914334227225
South Florida,11,Wisconsin,5,0.2948756772377437
South Florida,11,Arkansas,4,0.2502169762020664
South Florida,11,BYU,6,0.3161353675475508
South Florida,11,Gonzaga,3,0.4843020900012286
South Florida,11,Miami (FL),7,0.5476811139663686
South Florida,11,Purdue,2,0.14252705780303007
South Florida,11,Florida,1,0.240746872229857
South Florida,11,Clemson,8,0.44668169255785156
South Florida,11,Vanderbilt,5,0.2858102274336174
South Florida,11,Nebraska,4,0.41285305050921745
South Florida,11,North Carolina,6,0.4356858833278334
South Florida,11,Illinois,3,0.3974493740623805
South Florida,11,Saint Mary's,7,0.4087300482259188
South Florida,11,Houston,2,0.21372525804022346
South Florida,11,Michigan,1,0.11348167497225088
South Florida,11,Georgia,8,0.5926391615913655
South Florida,11,Texas Tech,5,0.3202108328546394
South Florida,11,Alabama,4,0.2885687695899608
South Florida,11,Tennessee,6,0.3850817184691828
South Florida,11,Virginia,3,0.29991262045635597
South Florida,11,Kentucky,7,0.34457418141649193
South Florida,11,Iowa State,2,0.2576789620153012
South Florida,11,Siena,16,0.9674503713805881
South Florida,11,TCU,9,0.5223111876930256
South Florida,11,Northern Iowa,12,0.4708549703978322
South Florida,11,California Baptist,13,0.8969980051944109
South Florida,11,North Dakota State,14,0.5354084581181442
South Florida,11,UCF,10,0.4996461367839252
South Florida,11,Furman,15,0.6101043545690086
South Florida,11,LIU,16,0.9595556980849758
South Florida,11,Utah State,9,0.26686433750869326
South Florida,11,High Point,12,0.15609674130597095
South Florida,11,Hawaii,13,0.8017706540091538
South Florida,11,Texas,11,0.3974647194579536
South Florida,11,Kennesaw State,14,0.1296162005932001
South Florida,11,Missouri,10,0.6074469122032036
South Florida,11,Queens,15,0.9304213424572484
South Florida,11,Prairie View A&M,16,0.33578891094219426
South Florida,11,Iowa,9,0.5321538480698402
South Florida,11,McNeese,12,0.24473431200820725
South Florida,11,Troy,13,0.48630901484426053
South Florida,11,VCU,11,0.6886189320803557
South Florida,11,Penn,14,0.6677291144652128
South Florida,11,Texas A&M,10,0.6298596978290918
South Florida,11,Idaho,15,0.3885572121007657
South Florida,11,Howard,16,0.8772989197920706
South Florida,11,Saint Louis,9,0.39238157487809777
South Florida,11,Akron,12,0.4371928563966963
South Florida,11,Hofstra,13,0.48016686803459213
South Florida,11,Miami (OH),11,0.25122375114792567
South Florida,11,Wright State,14,0.5751113434791499
South Florida,11,Santa Clara,10,0.4609401117942896
South Florida,11,Tennessee State,15,0.7432086596841634
North Dakota State,14,Duke,1,0.1312738544281597
North Dakota State,14,Ohio State,8,0.3868862918460225
North Dakota State,14,St. John's,5,0.2615068523058529
North Dakota State,14,Kansas,4,0.2171619436862791
North Dakota State,14,Louisville,6,0.38787386055345896
North Dakota State,14,Michigan State,3,0.28823811976421776
North Dakota State,14,UCLA,7,0.33596009995225246
North Dakota State,14,UConn,2,0.22433425324680661
North Dakota State,14,Arizona,1,0.1320438864262407
North Dakota State,14,Villanova,8,0.4536552353883743
North Dakota State,14,Wisconsin,5,0.2662580183191212
North Dakota State,14,Arkansas,4,0.22455319977087815
North Dakota State,14,BYU,6,0.286292171699738
North Dakota State,14,Gonzaga,3,0.4490070074160124
North Dakota State,14,Miami (FL),7,0.5123560997891901
North Dakota State,14,Purdue,2,0.12605170037188806
North Dakota State,14,Florida,1,0.215774880280762
North Dakota State,14,Clemson,8,0.4119382482764408
North Dakota State,14,Vanderbilt,5,0.25775076760299426
North Dakota State,14,Nebraska,4,0.378938844954937
North Dakota State,14,North Carolina,6,0.40117760383443474
North Dakota State,14,Illinois,3,0.3640160338500311
North Dakota State,14,Saint Mary's,7,0.37493825244546286
North Dakota State,14,Houston,2,0.19085158974505598
North Dakota State,14,Michigan,1,0.0999723587277231
North Dakota State,14,Georgia,8,0.5579916019746878
North Dakota State,14,Texas Tech,5,0.2901461414021655
North Dakota State,14,Alabama,4,0.2603372091801038
North Dakota State,14,Tennessee,6,0.352080839444531
North Dakota State,14,Virginia,3,0.2709939960920772
North Dakota State,14,Kentucky,7,0.3132761782960858
North Dakota State,14,Iowa State,2,0.2314861301083776
North Dakota State,14,Siena,16,0.962674077644133
North Dakota State,14,TCU,9,0.4868612107509553
North Dakota State,14,Northern Iowa,12,0.4357118886044907
North Dakota State,14,California Baptist,13,0.8831324523020753
North Dakota State,14,South Florida,11,0.46459154188185636
North Dakota State,14,UCF,10,0.46423947094786133
North Dakota State,14,Furman,15,0.575879194682052
North Dakota State,14,LIU,16,0.9536764186789004
North Dakota State,14,Utah State,9,0.24003974047883309
North Dakota State,14,High Point,12,0.13830580572312173
North Dakota State,14,Hawaii,13,0.7782550778808558
North Dakota State,14,Texas,11,0.3640308682621295
North Dakota State,14,Kennesaw State,14,0.11443409676653177
North Dakota State,14,Missouri,10,0.5731516850574335
North Dakota State,14,Queens,15,0.9206570753225984
North Dakota State,14,Prairie View A&M,16,0.3049176480980562
North Dakota State,14,Iowa,9,0.4967305004127825
North Dakota State,14,McNeese,12,0.21946827033434385
North Dakota State,14,Troy,13,0.4509955815222155
North Dakota State,14,VCU,11,0.6574158093240912
North Dakota State,14,Penn,14,0.6355405741247427
North Dakota State,14,Texas A&M,10,0.5962209867781401
North Dakota State,14,Idaho,15,0.3554306466530521
North Dakota State,14,Howard,16,0.8611919421455972
North Dakota State,14,Saint Louis,9,0.35912046046146195
North Dakota State,14,Akron,12,0.402650383132268
North Dakota State,14,Hofstra,13,0.44491315121533576
North Dakota State,14,Miami (OH),11,0.2254877681799143
North Dakota State,14,Wright State,14,0.5401297984948645
North Dakota State,14,Santa Clara,10,0.42594136100193564
North Dakota State,14,Tennessee State,15,0.7152135719177498
UCF,10,Duke,1,0.1484948161573221
UCF,10,Ohio State,8,0.42137466101165566
UCF,10,St. John's,5,0.290106972109987
UCF,10,Kansas,4,0.2425047950496025
UCF,10,Louisville,6,0.4223896152502331
UCF,10,Michigan State,3,0.31850088311895297
UCF,10,UCLA,7,0.3686382768170098
UCF,10,UConn,2,0.2502465513186915
UCF,10,Arizona,1,0.14934849739243772
UCF,10,Villanova,8,0.48934513061348156
UCF,10,Wisconsin,5,0.29517006935131285
UCF,10,Arkansas,4,0.2504826210276259
UCF,10,BYU,6,0.3164414593375784
UCF,10,Gonzaga,3,0.4846556122703522
UCF,10,Miami (FL),7,0.5480317355028745
UCF,10,Purdue,2,0.14270013225251368
UCF,10,Florida,1,0.2410056947448683
UCF,10,Clemson,8,0.4470315582694126
UCF,10,Vanderbilt,5,0.2860992411743922
UCF,10,Nebraska,4,0.41319620626906994
UCF,10,North Carolina,6,0.43603392348164277
UCF,10,Illinois,3,0.3977884006947597
UCF,10,Saint Mary's,7,0.4090721646281861
UCF,10,Houston,2,0.21396321674801952
UCF,10,Michigan,1,0.11362415255324047
UCF,10,Georgia,8,0.5929808325687006
UCF,10,Texas Tech,5,0.3205190211963439
UCF,10,Alabama,4,0.28885944457339646
UCF,10,Tennessee,6,0.3854169434436301
UCF,10,Virginia,3,0.30020990026828187
UCF,10,Kentucky,7,0.3448939216179276
UCF,10,Iowa State,2,0.2579498034645006
UCF,10,Siena,16,0.9674949147317371
UCF,10,TCU,9,0.5226643351595477
UCF,10,Northern Iowa,12,0.4712076458309534
UCF,10,California Baptist,13,0.8971287090951924
UCF,10,South Florida,11,0.5003538632160752
UCF,10,North Dakota State,14,0.5357605290521392
UCF,10,Furman,15,0.6104410058277722
UCF,10,LIU,16,0.9596105940641882
UCF,10,Utah State,9,0.2671413591101103
UCF,10,High Point,12,0.15628329049658787
UCF,10,Hawaii,13,0.8019955222126336
UCF,10,Texas,11,0.3978037505382207
UCF,10,Kennesaw State,14,0.12977596985944076
UCF,10,Missouri,10,0.6077843829193454
UCF,10,Queens,15,0.9305129194991963
UCF,10,Prairie View A&M,16,0.3361046794679966
UCF,10,Iowa,9,0.532506231853958
UCF,10,McNeese,12,0.2449960380727196
UCF,10,Troy,13,0.4866626195959854
UCF,10,VCU,11,0.6889223565775148
UCF,10,Penn,14,0.6680430821269223
UCF,10,Texas A&M,10,0.6301896308525038
UCF,10,Idaho,15,0.38889354916159
UCF,10,Howard,16,0.877451205630861
UCF,10,Saint Louis,9,0.3927190961219537
UCF,10,Akron,12,0.43754116698808143
UCF,10,Hofstra,13,0.48052018439646393
UCF,10,Miami (OH),11,0.2514901063132053
UCF,10,Wright State,14,0.5754571843464852
UCF,10,Santa Clara,10,0.4612918349353732
UCF,10,Tennessee State,15,0.7434787052600287
Furman,15,Duke,1,0.1001443352977748
Furman,15,Ohio State,8,0.3172802160368696
Furman,15,St. John's,5,0.2068479582943729
Furman,15,Kansas,4,0.16964263867739537
Furman,15,Louisville,6,0.3181823152559957
Furman,15,Michigan State,3,0.2297300615258862
Furman,15,UCLA,7,0.27145966831621227
Furman,15,UConn,2,0.17559754572853514
Furman,15,Arizona,1,0.10075294403339806
Furman,15,Villanova,8,0.37947144521645304
Furman,15,Wisconsin,5,0.21088964591807363
Furman,15,Arkansas,4,0.17577970538630588
Furman,15,BYU,6,0.22805255223856535
Furman,15,Gonzaga,3,0.3750615142693858
Furman,15,Miami (FL),7,0.4362377786939143
Furman,15,Purdue,2,0.0960236527692457
Furman,15,Florida,1,0.16849376474919714
Furman,15,Clemson,8,0.34032683300417516
Furman,15,Vanderbilt,5,0.2036604444924347
Furman,15,Nebraska,4,0.31003957361976214
Furman,15,North Carolina,6,0.3303858590083228
Furman,15,Illinois,3,0.29653455307139215
Furman,15,Saint Mary's,7,0.3064075071869765
Furman,15,Houston,2,0.14800106405086497
Furman,15,Michigan,1,0.07561937992855021
Furman,15,Georgia,8,0.4817919191370508
Furman,15,Texas Tech,5,0.23137668504721323
Furman,15,Alabama,4,0.20585464152329178
Furman,15,Tennessee,6,0.28581756790854185
Furman,15,Virginia,3,0.21492926024523645
Furman,15,Kentucky,7,0.25148147594253456
Furman,15,Iowa State,2,0.18155935882281485
Furman,15,Siena,16,0.9499861425044677
Furman,15,TCU,9,0.41133559579162343
Furman,15,Northern Iowa,12,0.3625153656657483
Furman,15,California Baptist,13,0.8476844881045733
Furman,15,South Florida,11,0.389895645430992
Furman,15,North Dakota State,14,0.4241208053179486
Furman,15,UCF,10,0.3895589941722283
Furman,15,LIU,16,0.938126551391511
Furman,15,Utah State,9,0.18872116221584034
Furman,15,High Point,12,0.10571168363760844
Furman,15,Hawaii,13,0.7210441889433673
Furman,15,Texas,11,0.2965479197533139
Furman,15,Kennesaw State,14,0.08689841311039448
Furman,15,Missouri,10,0.49721055703200984
Furman,15,Queens,15,0.8952408400255643
Furman,15,Prairie View A&M,16,0.24418543030653858
Furman,15,Iowa,9,0.4209297709130626
Furman,15,McNeese,12,0.17155489141596525
Furman,15,Troy,13,0.3769466410615439
Furman,15,VCU,11,0.5856277671606758
Furman,15,Penn,14,0.562221082503703
Furman,15,Texas A&M,10,0.5209537394338873
Furman,15,Idaho,15,0.2888179562638306
Furman,15,Howard,16,0.8204421164548024
Furman,15,Saint Louis,9,0.2921296569755005
Furman,15,Akron,12,0.3317427268391084
Furman,15,Hofstra,13,0.3711876707129576
Furman,15,Miami (OH),11,0.17655750115764007
Furman,15,Wright State,14,0.46380980480442924
Furman,15,Santa Clara,10,0.35335838239935513
Furman,15,Tennessee State,15,0.64907189186196
LIU,16,Duke,1,0.007286523101282508
LIU,16,Ohio State,8,0.02973937297380858
LIU,16,St. John's,5,0.01690951608653616
LIU,16,Kansas,4,0.013295358279042654
LIU,16,Louisville,6,0.02985968510300449
LIU,16,Michigan State,3,0.01929113917348069
LIU,16,UCLA,7,0.023985613387873802
LIU,16,UConn,2,0.013853625488185825
LIU,16,Arizona,1,0.00733540585316995
LIU,16,Villanova,8,0.03876929128001421
LIU,16,Wisconsin,5,0.01732096567631086
LIU,16,Arkansas,4,0.013870819915245946
LIU,16,BYU,6,0.019112145945681086
LIU,16,Gonzaga,3,0.03807579500591332
LIU,16,Miami (FL),7,0.04855711988262584
LIU,16,Purdue,2,0.006957160691863202
LIU,16,Florida,1,0.013188500512776983
LIU,16,Clemson,8,0.032906283121988095
LIU,16,Vanderbilt,5,0.01658772845324549
LIU,16,Nebraska,4,0.02878403388765674
LIU,16,North Carolina,6,0.03151607642948907
LIU,16,Illinois,3,0.02704992021193768
LIU,16,Saint Mary's,7,0.02831163275584719
LIU,16,Houston,2,0.011327166419835557
LIU,16,Michigan,1,0.005366464650780257
LIU,16,Georgia,8,0.057776616288510926
LIU,16,Texas Tech,5,0.019467532757612892
LIU,16,Alabama,4,0.016808983788869764
LIU,16,Tennessee,6,0.025716277193010086
LIU,16,Virginia,3,0.01773608805346903
LIU,16,Kentucky,7,0.02167843710283659
LIU,16,Iowa State,2,0.01442003174081143
LIU,16,Siena,16,0.5561011725100369
LIU,16,TCU,9,0.044055883779682344
LIU,16,Northern Iowa,12,0.03615005963137766
LIU,16,California Baptist,13,0.26850137348108055
LIU,16,South Florida,11,0.0404443019150244
LIU,16,North Dakota State,14,0.046323581321099754
LIU,16,UCF,10,0.040389405935811945
LIU,16,Furman,15,0.06187344860848916
LIU,16,Utah State,9,0.0151105692911566
LIU,16,High Point,12,0.007735984126766284
LIU,16,Hawaii,13,0.14564848086809845
LIU,16,Texas,11,0.027051606646844924
LIU,16,Kennesaw State,14,0.006237609743193122
LIU,16,Missouri,10,0.06122894501205639
LIU,16,Queens,15,0.3604607473471749
LIU,16,Prairie View A&M,16,0.020863662620982944
LIU,16,Iowa,9,0.045749233051488494
LIU,16,McNeese,12,0.01347382415689672
LIU,16,Troy,13,0.03837116697482346
LIU,16,VCU,11,0.08526471443581334
LIU,16,Penn,14,0.07808805754384215
LIU,16,Texas A&M,10,0.06692396098953919
LIU,16,Idaho,15,0.026085966161414648
LIU,16,Howard,16,0.23157343339576694
LIU,16,Saint Louis,9,0.02649732160678766
LIU,16,Akron,12,0.03170362460882256
LIU,16,Hofstra,13,0.03747381778371439
LIU,16,Miami (OH),11,0.013944316497124083
LIU,16,Wright State,14,0.05397193309612019
LIU,16,Santa Clara,10,0.0347870638840255
LIU,16,Tennessee State,15,0.10872496669487447
Utah State,9,Duke,1,0.3235990748917462
Utah State,9,Ohio State,8,0.6664210399724326
Utah State,9,St. John's,5,0.5285465000233848
Utah State,9,Kansas,4,0.4675902942586627
Utah State,9,Louisville,6,0.6673454936696954
Utah State,9,Michigan State,3,0.5618085387593793
Utah State,9,UCLA,7,0.6156468734842394
Utah State,9,UConn,2,0.47798352078764145
Utah State,9,Arizona,1,0.3250751059203066
Utah State,9,Villanova,8,0.7244310960862975
Utah State,9,Wisconsin,5,0.5346369428302877
Utah State,9,Arkansas,4,0.47829737387342863
Utah State,9,BYU,6,0.5594674075789544
Utah State,9,Gonzaga,3,0.7206681064122726
Utah State,9,Miami (FL),7,0.7688619193027102
Utah State,9,Purdue,2,0.31348696548945326
Utah State,9,Florida,1,0.4655549381670913
Utah State,9,Clemson,8,0.6892259723446212
Utah State,9,Vanderbilt,5,0.5236747006250719
Utah State,9,Nebraska,4,0.6589024354039197
Utah State,9,North Carolina,6,0.6795927382507367
Utah State,9,Illinois,3,0.6443938272438323
Utah State,9,Saint Mary's,7,0.6550636633179012
Utah State,9,Houston,2,0.427508285481791
Utah State,9,Michigan,1,0.2601729013038893
Utah State,9,Georgia,8,0.7998691384368016
Utah State,9,Texas Tech,5,0.5640922744211383
Utah State,9,Alabama,4,0.5270348583273426
Utah State,9,Tennessee,6,0.6324069281427729
Utah State,9,Virginia,3,0.5406293057166284
Utah State,9,Kentucky,7,0.5908824566662741
Utah State,9,Iowa State,2,0.4881329776586631
Utah State,9,Siena,16,0.9879013444242
Utah State,9,TCU,9,0.750240316601123
Utah State,9,Northern Iowa,12,0.7096897881043471
Utah State,9,California Baptist,13,0.9598785482368901
Utah State,9,South Florida,11,0.7331356624913072
Utah State,9,North Dakota State,14,0.7599602595211675
Utah State,9,UCF,10,0.7328586408898902
Utah State,9,Furman,15,0.81127883778416
Utah State,9,LIU,16,0.9848894307088435
Utah State,9,High Point,12,0.33693754918199453
Utah State,9,Hawaii,13,0.9174344234246218
Utah State,9,Texas,11,0.6444085103020065
Utah State,9,Kennesaw State,14,0.29033323829707874
Utah State,9,Missouri,10,0.8095645677430965
Utah State,9,Queens,15,0.9735004361192902
Utah State,9,Prairie View A&M,16,0.5813878001344898
Utah State,9,Iowa,9,0.7575664239193569
Utah State,9,McNeese,12,0.47095621310565705
Utah State,9,Troy,13,0.7222826550355275
Utah State,9,VCU,11,0.8586668225347858
Utah State,9,Penn,14,0.8466445280875132
Utah State,9,Texas A&M,10,0.8237850818611279
Utah State,9,Idaho,15,0.635806595805186
Utah State,9,Howard,16,0.9515558574613799
Utah State,9,Saint Louis,9,0.6395192142955847
Utah State,9,Akron,12,0.6809253799290633
Utah State,9,Hofstra,13,0.717321952507771
Utah State,9,Miami (OH),11,0.4796348000189102
Utah State,9,Wright State,14,0.7880693251136988
Utah State,9,Santa Clara,10,0.7014122166235066
Utah State,9,Tennessee State,15,0.8882811963356005
High Point,12,Duke,1,0.48492729887144553
High Point,12,Ohio State,8,0.7972207462982986
High Point,12,St. John's,5,0.6881065112441304
High Point,12,Kansas,4,0.6334742879742759
High Point,12,Louisville,6,0.7978926449401452
High Point,12,Michigan State,3,0.7161567164500431
High Point,12,UCLA,7,0.7591606666390588
High Point,12,UConn,2,0.643100935996819
High Point,12,Arizona,1,0.48660980622502525
High Point,12,Villanova,8,0.8380134075088648
High Point,12,Wisconsin,5,0.6933316566265973
High Point,12,Arkansas,4,0.6433895807223282
High Point,12,BYU,6,0.7142207486385694
High Point,12,Gonzaga,3,0.8354491207410182
High Point,12,Miami (FL),7,0.8674810130371031
High Point,12,Purdue,2,0.47330145591980977
High Point,12,Florida,1,0.6315734207142372
High Point,12,Clemson,8,0.8135849520456052
High Point,12,Vanderbilt,5,0.6838974404846899
High Point,12,Nebraska,4,0.7917289109826854
High Point,12,North Carolina,6,0.8067255627128949
High Point,12,Illinois,3,0.780992195532039
High Point,12,Saint Mary's,7,0.7889060824904388
High Point,12,Houston,2,0.5950656998890373
High Point,12,Michigan,1,0.4090005677387809
High Point,12,Georgia,8,0.8871994156369147
High Point,12,Texas Tech,5,0.7180397535763721
High Point,12,Alabama,4,0.6868033164099342
High Point,12,Tennessee,6,0.7719804927987833
High Point,12,Virginia,3,0.6984331864763623
High Point,12,Kentucky,7,0.739733943332993
High Point,12,Iowa State,2,0.6523748498874886
High Point,12,Siena,16,0.9938152213774106
High Point,12,TCU,9,0.8553094450192784
High Point,12,Northern Iowa,12,0.8279046760358029
High Point,12,California Baptist,13,0.9792017163300757
High Point,12,South Florida,11,0.8439032586940294
High Point,12,North Dakota State,14,0.8616941942768787
High Point,12,UCF,10,0.8437167095034125
High Point,12,Furman,15,0.8942883163623919
High Point,12,LIU,16,0.9922640158732338
High Point,12,Utah State,9,0.663062450818006
High Point,12,Hawaii,13,0.9562680723908495
High Point,12,Texas,11,0.7810031552238303
High Point,12,Kennesaw State,14,0.44601264240909133
High Point,12,Missouri,10,0.8932288361119063
High Point,12,Queens,15,0.9863563243099286
High Point,12,Prairie View A&M,16,0.7321277104436962
High Point,12,Iowa,9,0.8601281860270283
High Point,12,McNeese,12,0.6366065109312253
High Point,12,Troy,13,0.8365507003589587
High Point,12,VCU,11,0.922815630632357
High Point,12,Penn,14,0.9157144337867077
High Point,12,Texas A&M,10,0.9019584315730751
High Point,12,Idaho,15,0.7745494998625403
High Point,12,Howard,16,0.9747820665071383
High Point,12,Saint Louis,9,0.7773430635736183
High Point,12,Akron,12,0.8076790716471286
High Point,12,Hofstra,13,0.8331596257995254
High Point,12,Miami (OH),11,0.644618243554365
High Point,12,Wright State,14,0.8797747060778461
High Point,12,Santa Clara,10,0.8221530710067408
High Point,12,Tennessee State,15,0.9399288734709779
Hawaii,13,Duke,1,0.04127810129992918
Hawaii,13,Ohio State,8,0.15239405652514057
Hawaii,13,St. John's,5,0.09164790578750318
Hawaii,13,Kansas,4,0.07324976182120586
Hawaii,13,Louisville,6,0.15293236246494307
Hawaii,13,Michigan State,3,0.10344838370499668
Hawaii,13,UCLA,7,0.12599141290529758
Hawaii,13,UConn,2,0.07613125227504752
Hawaii,13,Arizona,1,0.04154547826649816
Hawaii,13,Villanova,8,0.19132256217393317
Hawaii,13,Wisconsin,5,0.0937045827977574
Hawaii,13,Arkansas,4,0.07621976833903973
Hawaii,13,BYU,6,0.10257020366254622
Hawaii,13,Gonzaga,3,0.18843517634869317
Hawaii,13,Miami (FL),7,0.23039323053682056
Hawaii,13,Purdue,2,0.03947336053779665
Hawaii,13,Florida,1,0.07269653918448479
Hawaii,13,Clemson,8,0.16638252638103934
Hawaii,13,Vanderbilt,5,0.09003410393908799
Hawaii,13,Nebraska,4,0.14810001176143192
Hawaii,13,North Carolina,6,0.16028791177018836
Hawaii,13,Illinois,3,0.14021540385885595
Hawaii,13,Saint Mary's,7,0.14596370463301328
Hawaii,13,Houston,2,0.06297259766344501
Hawaii,13,Michigan,1,0.030677783520722757
Hawaii,13,Georgia,8,0.26453846358176003
Hawaii,13,Texas Tech,5,0.10431244227671811
Hawaii,13,Alabama,4,0.09114422655616576
Hawaii,13,Tennessee,6,0.13407119351413466
Hawaii,13,Virginia,3,0.09577193593908376
Hawaii,13,Kentucky,7,0.11502868936631157
Hawaii,13,Iowa State,2,0.07903980246648837
Hawaii,13,Siena,16,0.8802184283547327
Hawaii,13,TCU,9,0.21280598329971004
Hawaii,13,Northern Iowa,12,0.18033043816696123
Hawaii,13,California Baptist,13,0.6828515136016396
Hawaii,13,South Florida,11,0.19822934599084657
Hawaii,13,North Dakota State,14,0.2217449221191446
Hawaii,13,UCF,10,0.1980044777873668
Hawaii,13,Furman,15,0.27895581105663314
Hawaii,13,LIU,16,0.8543515191319018
Hawaii,13,Utah State,9,0.0825655765753783
Hawaii,13,High Point,12,0.04373192760915068
Hawaii,13,Texas,11,0.1402231288016951
Hawaii,13,Kennesaw State,14,0.03551105176504427
Hawaii,13,Missouri,10,0.2767170643313866
Hawaii,13,Queens,15,0.7677735283354459
Hawaii,13,Prairie View A&M,16,0.11110383555290725
Hawaii,13,Iowa,9,0.21949618138341698
Hawaii,13,McNeese,12,0.07417250920725206
Hawaii,13,Troy,13,0.18966697107626562
Hawaii,13,VCU,11,0.35349140020510267
Hawaii,13,Penn,14,0.3319306534405957
Hawaii,13,Texas A&M,10,0.2961325368675874
Hawaii,13,Idaho,15,0.13578147194055784
Hawaii,13,Howard,16,0.6386936480484805
Hawaii,13,Saint Louis,9,0.1376781040532917
Hawaii,13,Akron,12,0.16111428448953405
Hawaii,13,Hofstra,13,0.1859154695522391
Hawaii,13,Miami (OH),11,0.07659796876856277
Hawaii,13,Wright State,14,0.250741520635916
Hawaii,13,Santa Clara,10,0.17451556460534254
Hawaii,13,Tennessee State,15,0.4171011445202345
Texas,11,Duke,1,0.20885666671976705
Texas,11,Ohio State,8,0.5243536579607955
Texas,11,St. John's,5,0.3821954599849917
Texas,11,Kansas,4,0.3264311574582408
Texas,11,Louisville,6,0.5253914323020172
Texas,11,Michigan State,3,0.4143417979960356
Texas,11,UCLA,7,0.4691795057509848
Texas,11,UConn,2,0.3356649363756485
Texas,11,Arizona,1,0.20997179212261377
Texas,11,Villanova,8,0.5919418374150189
Texas,11,Wisconsin,5,0.3879873418166043
Texas,11,Arkansas,4,0.3359454798496312
Texas,11,BYU,6,0.41203734498355243
Texas,11,Gonzaga,3,0.5874000836077053
Texas,11,Miami (FL),7,0.6473351111971787
Texas,11,Purdue,2,0.2012632415982957
Texas,11,Florida,1,0.324635590437642
Texas,11,Clemson,8,0.550317313646707
Texas,11,Vanderbilt,5,0.37759222569626344
Texas,11,Nebraska,4,0.5159587369678956
Texas,11,North Carolina,6,0.5392566709978948
Texas,11,Illinois,3,0.4999839808346679
Texas,11,Saint Mary's,7,0.5117034298153227
Texas,11,Houston,2,0.2918171573337883
Texas,11,Michigan,1,0.16251672413963908
Texas,11,Georgia,8,0.6880302099214692
Texas,11,Texas Tech,5,0.4165959909475001
Texas,11,Alabama,4,0.38076433351572414
Texas,11,Tennessee,6,0.4870044851397529
Texas,11,Virginia,3,0.39372668069376876
Texas,11,Kentucky,7,0.44350831355888526
Texas,11,Iowa State,2,0.34478841114628095
Texas,11,Siena,16,0.9782879832875232
Texas,11,TCU,9,0.6237143905624002
Texas,11,Northern Iowa,12,0.5742781402713666
Texas,11,California Baptist,13,0.9295858763461997
Texas,11,South Florida,11,0.6025352805420471
Texas,11,North Dakota State,14,0.6359691317378711
Texas,11,UCF,10,0.6021962494617799
Texas,11,Furman,15,0.7034520802466866
Texas,11,LIU,16,0.9729483933531552
Texas,11,Utah State,9,0.35559148969799403
Texas,11,High Point,12,0.21899684477617004
Texas,11,Hawaii,13,0.8597768711983051
Texas,11,Kennesaw State,14,0.18417455564825233
Texas,11,Missouri,10,0.7011191923053511
Texas,11,Queens,15,0.952988908893593
Texas,11,Prairie View A&M,16,0.4338703800762784
Texas,11,Iowa,9,0.6329360195229973
Texas,11,McNeese,12,0.32940964263945177
Texas,11,Troy,13,0.589345994230941
Texas,11,VCU,11,0.7702477443031407
Texas,11,Penn,14,0.7528688851136943
Texas,11,Texas A&M,10,0.7206433372318406
Texas,11,Idaho,15,0.49066585432543774
Texas,11,Howard,16,0.9155323183292562
Texas,11,Saint Louis,9,0.4946821313915307
Texas,11,Akron,12,0.5407785848162475
Texas,11,Hofstra,13,0.5833803966577786
Texas,11,Miami (OH),11,0.33714209035881243
Texas,11,Wright State,14,0.672337550243025
Texas,11,Santa Clara,10,0.5645088280437218
Texas,11,Tennessee State,15,0.8143841602887308
Kennesaw State,14,Duke,1,0.5390417350150636
Kennesaw State,14,Ohio State,8,0.8300255304442821
Kennesaw State,14,St. John's,5,0.7326435406555911
Kennesaw State,14,Kansas,4,0.6822096888037212
Kennesaw State,14,Louisville,6,0.830611827328952
Kennesaw State,14,Michigan State,3,0.7580964123133527
Kennesaw State,14,UCLA,7,0.7965513504646462
Kennesaw State,14,UConn,2,0.6911803308691267
Kennesaw State,14,Arizona,1,0.5407148951989917
Kennesaw State,14,Villanova,8,0.8653336711492193
Kennesaw State,14,Wisconsin,5,0.7374072927177205
Kennesaw State,14,Arkansas,4,0.6914487473269854
Kennesaw State,14,BYU,6,0.7563491758082767
Kennesaw State,14,Gonzaga,3,0.8631312347840417
Kennesaw State,14,Miami (FL),7,0.8904808580078277
Kennesaw State,14,Purdue,2,0.527447060509316
Kennesaw State,14,Florida,1,0.6804340680935471
Kennesaw State,14,Clemson,8,0.8442595707309939
Kennesaw State,14,Vanderbilt,5,0.728798621930145
Kennesaw State,14,Nebraska,4,0.8252273696360147
Kennesaw State,14,North Carolina,6,0.8383045693173213
Kennesaw State,14,Illinois,3,0.815815816363736
Kennesaw State,14,Saint Mary's,7,0.8227569247546976
Kennesaw State,14,Houston,2,0.6460546456134082
Kennesaw State,14,Michigan,1,0.4622460112941327
Kennesaw State,14,Georgia,8,0.9071432865056974
Kennesaw State,14,Texas Tech,5,0.7597945396326777
Kennesaw State,14,Alabama,4,0.7314538111123263
Kennesaw State,14,Tennessee,6,0.80788454926974
Kennesaw State,14,Virginia,3,0.7420483989696728
Kennesaw State,14,Kentucky,7,0.7792637048444382
Kennesaw State,14,Iowa State,2,0.6997881268141073
Kennesaw State,14,Siena,16,0.9950146539790824
Kennesaw State,14,TCU,9,0.8801298666330887
Kennesaw State,14,Northern Iowa,12,0.8566381882211057
Kennesaw State,14,California Baptist,13,0.9831872450801525
Kennesaw State,14,South Florida,11,0.8703837994068001
Kennesaw State,14,North Dakota State,14,0.8855659032334685
Kennesaw State,14,UCF,10,0.8702240301405595
Kennesaw State,14,Furman,15,0.9131015868896056
Kennesaw State,14,LIU,16,0.993762390256807
Kennesaw State,14,Utah State,9,0.7096667617029218
Kennesaw State,14,High Point,12,0.5539873575909093
Kennesaw State,14,Hawaii,13,0.9644889482349558
Kennesaw State,14,Texas,11,0.8158254443517481
Kennesaw State,14,Missouri,10,0.9122121506117828
Kennesaw State,14,Queens,15,0.9889862522893298
Kennesaw State,14,Prairie View A&M,16,0.7724573668768464
Kennesaw State,14,Iowa,9,0.8842338761649121
Kennesaw State,14,McNeese,12,0.6851324432622697
Kennesaw State,14,Troy,13,0.8640776474355408
Kennesaw State,14,VCU,11,0.9369101251725137
Kennesaw State,14,Penn,14,0.9310087184732005
Kennesaw State,14,Texas A&M,10,0.9195294983565349
Kennesaw State,14,Idaho,15,0.8101485212914983
Kennesaw State,14,Howard,16,0.9795968759063476
Kennesaw State,14,Saint Louis,9,0.8126076970301169
Kennesaw State,14,Akron,12,0.8391333512010252
Kennesaw State,14,Hofstra,13,0.8611628911446079
Kennesaw State,14,Miami (OH),11,0.6925909422401586
Kennesaw State,14,Wright State,14,0.9008846583724216
Kennesaw State,14,Santa Clara,10,0.8516748416590156
Kennesaw State,14,Tennessee State,15,0.9510640668376313
Missouri,10,Duke,1,0.10115432898718257
Missouri,10,Ohio State,8,0.3197020773965718
Missouri,10,St. John's,5,0.20868453061701278
Missouri,10,Kansas,4,0.17122018211583018
Missouri,10,Louisville,6,0.3206078288696502
Missouri,10,Michigan State,3,0.2317104477520833
Missouri,10,UCLA,7,0.27367197461930154
Missouri,10,UConn,2,0.17721864654025057
Missouri,10,Arizona,1,0.10176838159586103
Missouri,10,Villanova,8,0.38210233585482084
Missouri,10,Wisconsin,5,0.21275247796560517
Missouri,10,Arkansas,4,0.17740212600070887
Missouri,10,BYU,6,0.2300227959293862
Missouri,10,Gonzaga,3,0.37768043947391877
Missouri,10,Miami (FL),7,0.4389838120415908
Missouri,10,Purdue,2,0.09699656746777956
Missouri,10,Florida,1,0.17006281264050827
Missouri,10,Clemson,8,0.3428362735846014
Missouri,10,Vanderbilt,5,0.2054760472040307
Missouri,10,Nebraska,4,0.312431458479923
Missouri,10,North Carolina,6,0.3328589849492171
Missouri,10,Illinois,3,0.29886738053471057
Missouri,10,Saint Mary's,7,0.3087839117648777
Missouri,10,Houston,2,0.14941357046360595
Missouri,10,Michigan,1,0.07640303103603473
Missouri,10,Georgia,8,0.48457822899317543
Missouri,10,Texas Tech,5,0.23336696544056015
Missouri,10,Alabama,4,0.2076847036990092
Missouri,10,Tennessee,6,0.28810061399588377
Missouri,10,Virginia,3,0.21681797076126674
Missouri,10,Kentucky,7,0.2535876388716352
Missouri,10,Iowa State,2,0.18322326616996265
Missouri,10,Siena,16,0.9505136274044179
Missouri,10,TCU,9,0.41403999877148845
Missouri,10,Northern Iowa,12,0.3650978657669133
Missouri,10,California Baptist,13,0.8491195621586244
Missouri,10,South Florida,11,0.392553087796797
Missouri,10,North Dakota State,14,0.4268483149425671
Missouri,10,UCF,10,0.3922156170806551
Missouri,10,Furman,15,0.5027894429679908
Missouri,10,LIU,16,0.9387710549879437
Missouri,10,Utah State,9,0.19043543225690396
Missouri,10,High Point,12,0.10677116388809393
Missouri,10,Hawaii,13,0.7232829356686139
Missouri,10,Texas,11,0.29888080769464936
Missouri,10,Kennesaw State,14,0.08778784938821733
Missouri,10,Queens,15,0.8962826735785733
Missouri,10,Prairie View A&M,16,0.2462505911069086
Missouri,10,Iowa,9,0.4236518559158485
Missouri,10,McNeese,12,0.1731465092996192
Missouri,10,Troy,13,0.3795707344905755
Missouri,10,VCU,11,0.5883328156235113
Missouri,10,Penn,14,0.5649654233146373
Missouri,10,Texas A&M,10,0.5237376326135306
Missouri,10,Idaho,15,0.29111519957590887
Missouri,10,Howard,16,0.8220799881806393
Missouri,10,Saint Louis,9,0.2944423356910828
Missouri,10,Akron,12,0.334220940134089
Missouri,10,Hofstra,13,0.37379572550403095
Missouri,10,Miami (OH),11,0.17818554871968156
Missouri,10,Wright State,14,0.46658575503541294
Missouri,10,Santa Clara,10,0.35591206960105726
Missouri,10,Tennessee State,15,0.6516091617705373
Queens,15,Duke,1,0.012855424379224415
Queens,15,Ohio State,8,0.05157684518899322
Queens,15,St. John's,5,0.029613627034039833
Queens,15,Kansas,4,0.02334864368585336
Queens,15,Louisville,6,0.05178078714368433
Queens,15,Michigan State,3,0.033723183154115446
Queens,15,UCLA,7,0.041780058242365754
Queens,15,UConn,2,0.02431864061072837
Queens,15,Arizona,1,0.012941179925999741
Queens,15,Villanova,8,0.06678101516038909
Queens,15,Wisconsin,5,0.03032466324093891
Queens,15,Arkansas,4,0.02434850299406333
Queens,15,BYU,6,0.03341484444414513
Queens,15,Gonzaga,3,0.06562065806616103
Queens,15,Miami (FL),7,0.08302991484390669
Queens,15,Purdue,2,0.01227745199667669
Queens,15,Florida,1,0.023162882208688614
Queens,15,Clemson,8,0.056932749508652056
Queens,15,Vanderbilt,5,0.029057226185927456
Queens,15,Nebraska,4,0.04995612380371435
Queens,15,North Carolina,6,0.05458477770270971
Queens,15,Illinois,3,0.04700822048812273
Queens,15,Saint Mary's,7,0.04915383402083372
Queens,15,Houston,2,0.01992225228360014
Queens,15,Michigan,1,0.00948193128189083
Queens,15,Georgia,8,0.09811972866346483
Queens,15,Texas Tech,5,0.03402696127982702
Queens,15,Alabama,4,0.029439826704227453
Queens,15,Tennessee,6,0.0447358169005414
Queens,15,Virginia,3,0.031041593608643253
Queens,15,Kentucky,7,0.03782757286115685
Queens,15,Iowa State,2,0.025301931755338833
Queens,15,Siena,16,0.6897002901359817
Queens,15,TCU,9,0.07558693164046174
Queens,15,Northern Iowa,12,0.062392163847441
Queens,15,California Baptist,13,0.3943951509916876
Queens,15,South Florida,11,0.06957865754275176
Queens,15,North Dakota State,14,0.0793429246774018
Queens,15,UCF,10,0.06948708050080381
Queens,15,Furman,15,0.10475915997443606
Queens,15,LIU,16,0.6395392526528256
Queens,15,Utah State,9,0.026499563880709884
Queens,15,High Point,12,0.013643675690071471
Queens,15,Hawaii,13,0.2322264716645546
Queens,15,Texas,11,0.04701109110640704
Queens,15,Kennesaw State,14,0.011013747710670365
Queens,15,Missouri,10,0.10371732642142699
Queens,15,Prairie View A&M,16,0.036428440727366236
Queens,15,Iowa,9,0.07839283473820784
Queens,15,McNeese,12,0.023658820834303314
Queens,15,Troy,13,0.0661150220147465
Queens,15,VCU,11,0.1419108346637096
Queens,15,Penn,14,0.13064729310024312
Queens,15,Texas A&M,10,0.11288903806698976
Queens,15,Idaho,15,0.04536619330875083
Queens,15,Howard,16,0.3483992259000657
Queens,15,Saint Louis,9,0.046067201823940016
Queens,15,Akron,12,0.05490182267673052
Queens,15,Hofstra,13,0.06461244877855297
Queens,15,Miami (OH),11,0.024476139153878303
Queens,15,Wright State,14,0.0919175539791207
Queens,15,Santa Clara,10,0.06010143659509148
Queens,15,Tennessee State,15,0.17792541599019898
Prairie View A&M,16,Duke,1,0.25621144975789817
Prairie View A&M,16,Ohio State,8,0.5899041162349271
Prairie View A&M,16,St. John's,5,0.44666302081452397
Prairie View A&M,16,Kansas,4,0.38739063760284187
Prairie View A&M,16,Louisville,6,0.5909104518964994
Prairie View A&M,16,Michigan State,3,0.4800186775721505
Prairie View A&M,16,UCLA,7,0.5355993526108541
Prairie View A&M,16,UConn,2,0.3973315955426425
Prairie View A&M,16,Arizona,1,0.2574971195662713
Prairie View A&M,16,Villanova,8,0.654318385582837
Prairie View A&M,16,Wisconsin,5,0.4527159632483546
Prairie View A&M,16,Arkansas,4,0.39763283014102807
Prairie View A&M,16,BYU,6,0.4776468576286007
Prairie View A&M,16,Gonzaga,3,0.6500604650573937
Prairie View A&M,16,Miami (FL),7,0.7054574661354149
Prairie View A&M,16,Purdue,2,0.24743480820206878
Prairie View A&M,16,Florida,1,0.3854516410877092
Prairie View A&M,16,Clemson,8,0.6149173991556075
Prairie View A&M,16,Vanderbilt,5,0.4418386317947926
Prairie View A&M,16,Nebraska,4,0.5817432873445729
Prairie View A&M,16,North Carolina,6,0.6043031945616959
Prairie View A&M,16,Illinois,3,0.5661138809070518
Prairie View A&M,16,Saint Mary's,7,0.5775928398844906
Prairie View A&M,16,Houston,2,0.34966827859790095
Prairie View A&M,16,Michigan,1,0.20204800138414789
Prairie View A&M,16,Georgia,8,0.7421175181939388
Prairie View A&M,16,Texas Tech,5,0.4823359073970354
Prairie View A&M,16,Alabama,4,0.44516443776537573
Prairie View A&M,16,Tennessee,6,0.5533173864496669
Prairie View A&M,16,Virginia,3,0.45869516993004117
Prairie View A&M,16,Kentucky,7,0.5097841387982873
Prairie View A&M,16,Iowa State,2,0.4071040645625294
Prairie View A&M,16,Siena,16,0.9832755134272267
Prairie View A&M,16,TCU,9,0.6838282774411807
Prairie View A&M,16,Northern Iowa,12,0.6377021956159749
Prairie View A&M,16,California Baptist,13,0.9451334658019496
Prairie View A&M,16,South Florida,11,0.6642110890578062
Prairie View A&M,16,North Dakota State,14,0.6950823519019442
Prairie View A&M,16,UCF,10,0.663895320532004
Prairie View A&M,16,Furman,15,0.7558145696934618
Prairie View A&M,16,LIU,16,0.9791363373790171
Prairie View A&M,16,Utah State,9,0.41861219986551085
Prairie View A&M,16,High Point,12,0.2678722895563043
Prairie View A&M,16,Hawaii,13,0.888896164447093
Prairie View A&M,16,Texas,11,0.5661296199237222
Prairie View A&M,16,Kennesaw State,14,0.2275426331231541
Prairie View A&M,16,Missouri,10,0.7537494088930918
Prairie View A&M,16,Queens,15,0.9635715592726338
Prairie View A&M,16,Iowa,9,0.6923034736046976
Prairie View A&M,16,McNeese,12,0.39060278981506036
Prairie View A&M,16,Troy,13,0.6518859912814601
Prairie View A&M,16,VCU,11,0.8139355195890215
Prairie View A&M,16,Penn,14,0.7989989179888392
Prairie View A&M,16,Texas A&M,10,0.7709586608134236
Prairie View A&M,16,Idaho,15,0.5569360524384912
Prairie View A&M,16,Howard,16,0.933962523458542
Prairie View A&M,16,Saint Louis,9,0.5608974141560514
Prairie View A&M,16,Akron,12,0.6057673254663345
Prairie View A&M,16,Hofstra,13,0.6462836350827531
Prairie View A&M,16,Miami (OH),11,0.3989171704827111
Prairie View A&M,16,Wright State,14,0.7280702531470945
Prairie View A&M,16,Santa Clara,10,0.628446662742467
Prairie View A&M,16,Tennessee State,15,0.8512995611216951
Iowa,9,Duke,1,0.1327725096396475
Iowa,9,Ohio State,8,0.3899930580662999
Iowa,9,St. John's,5,0.26404039080646535
Iowa,9,Kansas,4,0.21939349225086974
Iowa,9,Louisville,6,0.39098349992935955
Iowa,9,Michigan State,3,0.29092861255180386
Iowa,9,UCLA,7,0.3388839551065306
Iowa,9,UConn,2,0.2266181686349384
Iowa,9,Arizona,1,0.13354998108704244
Iowa,9,Villanova,8,0.45689861136380056
Iowa,9,Wisconsin,5,0.26882083156556563
Iowa,9,Arkansas,4,0.2268386923466806
Iowa,9,BYU,6,0.2889718749791483
Iowa,9,Gonzaga,3,0.45224465962227767
Iowa,9,Miami (FL),7,0.5156230747960593
Iowa,9,Purdue,2,0.1274994879762569
Iowa,9,Florida,1,0.21799614456467373
Iowa,9,Clemson,8,0.4151099824546015
Iowa,9,Vanderbilt,5,0.2602607408376889
Iowa,9,Nebraska,4,0.382021556636308
Iowa,9,North Carolina,6,0.40432345113276347
Iowa,9,Illinois,3,0.3670490938002932
Iowa,9,Saint Mary's,7,0.37800822749520174
Iowa,9,Houston,2,0.19287938767507734
Iowa,9,Michigan,1,0.10115527788866835
Iowa,9,Georgia,8,0.5612146754904241
Iowa,9,Texas Tech,5,0.29284711644312655
Iowa,9,Alabama,4,0.2628634494043982
Iowa,9,Tennessee,6,0.3550699738472746
Iowa,9,Virginia,3,0.2735853974977544
Iowa,9,Kentucky,7,0.3160965905698702
Iowa,9,Iowa State,2,0.23382090882480955
Iowa,9,Siena,16,0.9631411790467211
Iowa,9,TCU,9,0.490129014215924
Iowa,9,Northern Iowa,12,0.43893004302600014
Iowa,9,California Baptist,13,0.884475496820089
Iowa,9,South Florida,11,0.46784615193016044
Iowa,9,North Dakota State,14,0.5032694995872182
Iowa,9,UCF,10,0.4674937681460426
Iowa,9,Furman,15,0.579070229086938
Iowa,9,LIU,16,0.9542507669485116
Iowa,9,Utah State,9,0.24243357608064361
Iowa,9,High Point,12,0.13987181397297194
Iowa,9,Hawaii,13,0.7805038186165835
Iowa,9,Texas,11,0.3670639804770033
Iowa,9,Kennesaw State,14,0.11576612383508814
Iowa,9,Missouri,10,0.5763481440841521
Iowa,9,Queens,15,0.9216071652617923
Iowa,9,Prairie View A&M,16,0.30769652639530304
Iowa,9,McNeese,12,0.22171680635027088
Iowa,9,Troy,13,0.4542357517315513
Iowa,9,VCU,11,0.6603551882998395
Iowa,9,Penn,14,0.6385644544425153
Iowa,9,Texas A&M,10,0.5993654470821087
Iowa,9,Idaho,15,0.3584324876925932
Iowa,9,Howard,16,0.8627479410284666
Iowa,9,Saint Louis,9,0.36213595624831924
Iowa,9,Akron,12,0.4057999530479894
Iowa,9,Hofstra,13,0.44814529333830305
Iowa,9,Miami (OH),11,0.22777997869519245
Iowa,9,Wright State,14,0.5433765333209749
Iowa,9,Santa Clara,10,0.42914223209459335
Iowa,9,Tennessee State,15,0.717869863106492
McNeese,12,Duke,1,0.3495598306927798
McNeese,12,Ohio State,8,0.6917573915903447
McNeese,12,St. John's,5,0.5573999261554613
McNeese,12,Kansas,4,0.4966213598893301
McNeese,12,Louisville,6,0.6926440136596657
McNeese,12,Michigan State,3,0.5902046010421106
McNeese,12,UCLA,7,0.6427724704635525
McNeese,12,UConn,2,0.5070453279945172
McNeese,12,Arizona,1,0.3510928120519281
McNeese,12,Villanova,8,0.7470338903663514
McNeese,12,Wisconsin,5,0.5634255085262383
McNeese,12,Arkansas,4,0.5073597168645381
McNeese,12,BYU,6,0.5879038985362842
McNeese,12,Gonzaga,3,0.7434702534114814
McNeese,12,Miami (FL),7,0.7888824419889326
McNeese,12,Purdue,2,0.3390431096220077
McNeese,12,Florida,1,0.49457702415514576
McNeese,12,Clemson,8,0.7135746713632906
McNeese,12,Vanderbilt,5,0.5525738876763294
McNeese,12,Nebraska,4,0.6845395277835682
McNeese,12,North Carolina,6,0.7043724547445048
McNeese,12,Illinois,3,0.6705762027399028
McNeese,12,Saint Mary's,7,0.680849528430409
McNeese,12,Houston,2,0.4561830576716295
McNeese,12,Michigan,1,0.283175536134235
McNeese,12,Georgia,8,0.8178402171711542
McNeese,12,Texas Tech,5,0.5924477022477062
McNeese,12,Alabama,4,0.5559030660649892
McNeese,12,Tennessee,6,0.6590048398758926
McNeese,12,Virginia,3,0.5693457725490293
McNeese,12,Kentucky,7,0.6186732577427452
McNeese,12,Iowa State,2,0.5172004780448988
McNeese,12,Siena,16,0.9892154177775417
McNeese,12,TCU,9,0.7713942108655294
McNeese,12,Northern Iowa,12,0.7330561541379313
McNeese,12,California Baptist,13,0.9641257406449061
McNeese,12,South Florida,11,0.7552656879917932
McNeese,12,North Dakota State,14,0.7805317296656566
McNeese,12,UCF,10,0.7550039619272808
McNeese,12,Furman,15,0.8284451085840352
McNeese,12,LIU,16,0.9865261758431033
McNeese,12,Utah State,9,0.5290437868943436
McNeese,12,High Point,12,0.36339348906877533
McNeese,12,Hawaii,13,0.9258274907927482
McNeese,12,Texas,11,0.6705903573605487
McNeese,12,Kennesaw State,14,0.3148675567377307
McNeese,12,Missouri,10,0.8268534907003812
McNeese,12,Queens,15,0.9763411791656967
McNeese,12,Prairie View A&M,16,0.6093972101849402
McNeese,12,Iowa,9,0.7782831936497295
McNeese,12,Troy,13,0.7449996397704408
McNeese,12,VCU,11,0.8722016475192665
McNeese,12,Penn,14,0.8611444920782405
McNeese,12,Texas A&M,10,0.8400380715761382
McNeese,12,Idaho,15,0.6622898782759687
McNeese,12,Howard,16,0.9566442823979314
McNeese,12,Saint Louis,9,0.6658743985797402
McNeese,12,Akron,12,0.7056466726828123
McNeese,12,Hofstra,13,0.7402988166779066
McNeese,12,Miami (OH),11,0.5086991685380575
McNeese,12,Wright State,14,0.8068441145655826
McNeese,12,Santa Clara,10,0.7251868355866206
McNeese,12,Tennessee State,15,0.8993125433404755
Troy,13,Duke,1,0.1553694665070666
Troy,13,Ohio State,8,0.43443702939109297
Troy,13,St. John's,5,0.301218457905412
Troy,13,Kansas,4,0.2524414020941429
Troy,13,Louisville,6,0.4354597683159156
Troy,13,Michigan State,3,0.3301940510177453
Troy,13,UCLA,7,0.38114269511476484
Troy,13,UConn,2,0.2603913314293208
Troy,13,Arizona,1,0.15625541697291728
Troy,13,Villanova,8,0.5026840367103482
Troy,13,Wisconsin,5,0.306391780679911
Troy,13,Arkansas,4,0.26063364440049136
Troy,13,BYU,6,0.3280954193834926
Troy,13,Gonzaga,3,0.49799134836051046
Troy,13,Miami (FL),7,0.5612122613168098
Troy,13,Purdue,2,0.1493535685684908
Troy,13,Florida,1,0.2509012219613923
Troy,13,Clemson,8,0.46025663022857405
Troy,13,Vanderbilt,5,0.2971214726228246
Troy,13,Nebraska,4,0.42619178519460027
Troy,13,North Carolina,6,0.4491979388250147
Troy,13,Illinois,3,0.4106384981977015
Troy,13,Saint Mary's,7,0.4220313223671864
Troy,13,Houston,2,0.22307473827489344
Troy,13,Michigan,1,0.11911026557361047
Troy,13,Georgia,8,0.6057934264857867
Troy,13,Texas Tech,5,0.33225015923899354
Troy,13,Alabama,4,0.2999433371883181
Troy,13,Tennessee,6,0.39813160732906816
Troy,13,Virginia,3,0.31153852517375474
Troy,13,Kentucky,7,0.3570484011165561
Troy,13,Iowa State,2,0.2682951179757136
Troy,13,Siena,16,0.9691318511864732
Troy,13,TCU,9,0.5359582373283359
Troy,13,Northern Iowa,12,0.48452124997218754
Troy,13,California Baptist,13,0.9019501223254824
Troy,13,South Florida,11,0.5136909851557401
Troy,13,North Dakota State,14,0.5490044184777851
Troy,13,UCF,10,0.5133373804040152
Troy,13,Furman,15,0.6230533589384567
Troy,13,LIU,16,0.9616288330251768
Troy,13,Utah State,9,0.277717344964473
Troy,13,High Point,12,0.1634492996410417
Troy,13,Hawaii,13,0.8103330289237348
Troy,13,Texas,11,0.41065400576905964
Troy,13,Kennesaw State,14,0.1359223525644594
Troy,13,Missouri,10,0.620429265509425
Troy,13,Queens,15,0.9338849779852537
Troy,13,Prairie View A&M,16,0.3481140087185404
Troy,13,Iowa,9,0.5457642482684493
Troy,13,McNeese,12,0.2550003602295597
Troy,13,VCU,11,0.7002415192596761
Troy,13,Penn,14,0.6797688317111926
Troy,13,Texas A&M,10,0.6425370126631865
Troy,13,Idaho,15,0.40164795015050436
Troy,13,Howard,16,0.8830746721729733
Troy,13,Saint Louis,9,0.40551570654749525
Troy,13,Akron,12,0.45071432017014484
Troy,13,Hofstra,13,0.4938511747023866
Troy,13,Miami (OH),11,0.2616677048071972
Troy,13,Wright State,14,0.5884385461246753
Troy,13,Santa Clara,10,0.4745767146766939
Troy,13,Tennessee State,15,0.7535229562090952
VCU,11,Duke,1,0.07299678905727061
VCU,11,Ohio State,8,0.24745745733513466
VCU,11,St. John's,5,0.15578233605864872
VCU,11,Kansas,4,0.12629947893030596
VCU,11,Louisville,6,0.24823321617252833
VCU,11,Michigan State,3,0.17425651396912337
VCU,11,UCLA,7,0.2086389434259673
VCU,11,UConn,2,0.13097290704790954
VCU,11,Arizona,1,0.07345388100115476
VCU,11,Villanova,8,0.30201688893268247
VCU,11,Wisconsin,5,0.15902628788811007
VCU,11,Arkansas,4,0.1311161369367601
VCU,11,BYU,6,0.17289315567364502
VCU,11,Gonzaga,3,0.29807469900886163
VCU,11,Miami (FL),7,0.35380285006086337
VCU,11,Purdue,2,0.06990637889192962
VCU,11,Florida,1,0.12539980948504947
VCU,11,Clemson,8,0.2674188867072083
VCU,11,Vanderbilt,5,0.15322971487836728
VCU,11,Nebraska,4,0.24124718295636582
VCU,11,North Carolina,6,0.2587721560633104
VCU,11,Illinois,3,0.22974091649272638
VCU,11,Saint Mary's,7,0.2381428516388161
VCU,11,Houston,2,0.10945837453696163
VCU,11,Michigan,1,0.054715908471818106
VCU,11,Georgia,8,0.3968077075335584
VCU,11,Texas Tech,5,0.17559616584507218
VCU,11,Alabama,4,0.15498632614521113
VCU,11,Tennessee,6,0.22068062894413865
VCU,11,Virginia,3,0.16227675176875608
VCU,11,Kentucky,7,0.19206522329059378
VCU,11,Iowa State,2,0.13566897419154555
VCU,11,Siena,16,0.9307474229322873
VCU,11,TCU,9,0.3308448243219869
VCU,11,Northern Iowa,12,0.28692146847806566
VCU,11,California Baptist,13,0.7974826795294891
VCU,11,South Florida,11,0.31138106791964487
VCU,11,North Dakota State,14,0.3425841906759094
VCU,11,UCF,10,0.31107764342248573
VCU,11,Furman,15,0.41437223283932473
VCU,11,LIU,16,0.9147352855641868
VCU,11,Utah State,9,0.14133317746521448
VCU,11,High Point,12,0.07718436936764314
VCU,11,Hawaii,13,0.6465085997948978
VCU,11,Texas,11,0.22975225569685984
VCU,11,Kennesaw State,14,0.06308987482748647
VCU,11,Missouri,10,0.41166718437648936
VCU,11,Queens,15,0.8580891653362906
VCU,11,Prairie View A&M,16,0.18606448041097892
VCU,11,Iowa,9,0.339644811700161
VCU,11,McNeese,12,0.12779835248073368
VCU,11,Troy,13,0.29975848074032435
VCU,11,Penn,14,0.47608362365390566
VCU,11,Texas A&M,10,0.43485845874798185
VCU,11,Idaho,15,0.2232109467917355
VCU,11,Howard,16,0.7637637300310581
VCU,11,Saint Louis,9,0.22600944044688895
VCU,11,Akron,12,0.25994908853027393
VCU,11,Hofstra,13,0.29462114639468784
VCU,11,Miami (OH),11,0.13172788917146322
VCU,11,Wright State,14,0.37967354926933583
VCU,11,Santa Clara,10,0.27883874389899427
VCU,11,Tennessee State,15,0.5668578020378953
Penn,14,Duke,1,0.07974600926466952
Penn,14,Ohio State,8,0.2657135647839556
Penn,14,St. John's,5,0.16879211738557828
Penn,14,Kansas,4,0.13724735792026926
Penn,14,Louisville,6,0.26652628550612856
Penn,14,Michigan State,3,0.18846469787572592
Penn,14,UCLA,7,0.22488704047864086
Penn,14,UConn,2,0.14225992716672098
Penn,14,Arizona,1,0.0802417052947062
Penn,14,Villanova,8,0.3225727660774535
Penn,14,Wisconsin,5,0.1722517040991926
Penn,14,Arkansas,4,0.14241347757847778
Penn,14,BYU,6,0.18701535304653888
Penn,14,Gonzaga,3,0.31848469224730835
Penn,14,Miami (FL),7,0.37598474605988097
Penn,14,Purdue,2,0.07639340971187288
Penn,14,Florida,1,0.1362818677100844
Penn,14,Clemson,8,0.2865868220318463
Penn,14,Vanderbilt,5,0.16606825467267192
Penn,14,Nebraska,4,0.2592029364524631
Penn,14,North Carolina,6,0.2775551313336497
Penn,14,Illinois,3,0.24711919314714823
Penn,14,Saint Mary's,7,0.2559454926062336
Penn,14,Houston,2,0.11914550836170205
Penn,14,Michigan,1,0.059884082769242335
Penn,14,Georgia,8,0.4199336736852207
Penn,14,Texas Tech,5,0.18988846107312443
Penn,14,Alabama,4,0.16794285509039186
Penn,14,Tennessee,6,0.2375849527738683
Penn,14,Virginia,3,0.17571601010525378
Penn,14,Kentucky,7,0.2073608192563963
Penn,14,Iowa State,2,0.14729210055038972
Penn,14,Siena,16,0.9366696600675513
Penn,14,TCU,9,0.3523722417263883
Penn,14,Northern Iowa,12,0.30690167736641294
Penn,14,California Baptist,13,0.812505514295102
Penn,14,South Florida,11,0.33227088553478773
Penn,14,North Dakota State,14,0.36445942587525787
Penn,14,UCF,10,0.33195691787307824
Penn,14,Furman,15,0.43777891749629766
Penn,14,LIU,16,0.921911942456158
Penn,14,Utah State,9,0.15335547191248708
Penn,14,High Point,12,0.0842855662132925
Penn,14,Hawaii,13,0.6680693465594048
Penn,14,Texas,11,0.2471311148863063
Penn,14,Kennesaw State,14,0.0689912815267996
Penn,14,Missouri,10,0.43503457668536333
Penn,14,Queens,15,0.8693527068997573
Penn,14,Prairie View A&M,16,0.2010010820111613
Penn,14,Iowa,9,0.3614355455574853
Penn,14,McNeese,12,0.1388555079217598
Penn,14,Troy,13,0.3202311682888079
Penn,14,VCU,11,0.5239163763460949
Penn,14,Texas A&M,10,0.45851631714290847
Penn,14,Idaho,15,0.24024934271297543
Penn,14,Howard,16,0.7805997085276433
Penn,14,Saint Louis,9,0.24319457544153505
Penn,14,Akron,12,0.27878536099956275
Penn,14,Hofstra,13,0.31490075349022667
Penn,14,Miami (OH),11,0.14306926092105182
Penn,14,Wright State,14,0.4024672169009785
Penn,14,Santa Clara,10,0.29849170788230733
Penn,14,Tennessee State,15,0.5901972779094815
Texas A&M,10,Duke,1,0.09283623569642542
Texas A&M,10,Ohio State,8,0.2993986167712929
Texas A&M,10,St. John's,5,0.19342688163185104
Texas A&M,10,Kansas,4,0.15815422861530312
Texas A&M,10,Louisville,6,0.3002722355260911
Texas A&M,10,Michigan State,3,0.21522718483935144
Texas A&M,10,UCLA,7,0.25519518908525285
Texas A&M,10,UConn,2,0.1637854064515954
Texas A&M,10,Arizona,1,0.09340504093973186
Texas A&M,10,Villanova,8,0.35993267926459516
Texas A&M,10,Wisconsin,5,0.19727155321731943
Texas A&M,10,Arkansas,4,0.16395774954529252
Texas A&M,10,BYU,6,0.21362620624276699
Texas A&M,10,Gonzaga,3,0.3556196841955468
Texas A&M,10,Miami (FL),7,0.4157343739683185
Texas A&M,10,Purdue,2,0.08898652562075951
Texas A&M,10,Florida,1,0.15706844079165877
Texas A&M,10,Clemson,8,0.3217584995253778
Texas A&M,10,Vanderbilt,5,0.19039653901573775
Texas A&M,10,Nebraska,4,0.29239128160848626
Texas A&M,10,North Carolina,6,0.3121032970694346
Texas A&M,10,Illinois,3,0.279343763260207
Texas A&M,10,Saint Mary's,7,0.28887939934610185
Texas A&M,10,Houston,2,0.13773514350880534
Texas A&M,10,Michigan,1,0.06996185799079538
Texas A&M,10,Georgia,8,0.46089785386095
Texas A&M,10,Texas Tech,5,0.21679911492723206
Texas A&M,10,Alabama,4,0.19248237422398903
Texas A&M,10,Tennessee,6,0.26901048105693903
Texas A&M,10,Virginia,3,0.20111679462422002
Texas A&M,10,Kentucky,7,0.23602619720402312
Texas A&M,10,Iowa State,2,0.16942859945127034
Texas A&M,10,Siena,16,0.9458478070299956
Texas A&M,10,TCU,9,0.3911904639024239
Texas A&M,10,Northern Iowa,12,0.34336655551820267
Texas A&M,10,California Baptist,13,0.8365378522979874
Texas A&M,10,South Florida,11,0.3701403021709088
Texas A&M,10,North Dakota State,14,0.40377901322186055
Texas A&M,10,UCF,10,0.3698103691474968
Texas A&M,10,Furman,15,0.4790462605661133
Texas A&M,10,LIU,16,0.933076039010461
Texas A&M,10,Utah State,9,0.1762149181388726
Texas A&M,10,High Point,12,0.09804156842692506
Texas A&M,10,Hawaii,13,0.7038674631324131
Texas A&M,10,Texas,11,0.27935666276815985
Texas A&M,10,Kennesaw State,14,0.08047050164346525
Texas A&M,10,Missouri,10,0.47626236738647
Texas A&M,10,Queens,15,0.8871109619330104
Texas A&M,10,Prairie View A&M,16,0.22904133918657693
Texas A&M,10,Iowa,9,0.40063455291789185
Texas A&M,10,McNeese,12,0.1599619284238622
Texas A&M,10,Troy,13,0.35746298733681414
Texas A&M,10,VCU,11,0.5651415412520189
Texas A&M,10,Penn,14,0.5414836828570921
Texas A&M,10,Idaho,15,0.27190160721138273
Texas A&M,10,Howard,16,0.8077539850643162
Texas A&M,10,Saint Louis,9,0.2750943682997128
Texas A&M,10,Akron,12,0.3134202242592237
Texas A&M,10,Hofstra,13,0.35183359504390904
Texas A&M,10,Miami (OH),11,0.16469368763261566
Texas A&M,10,Wright State,14,0.4430288747272213
Texas A&M,10,Santa Clara,10,0.3344395074078916
Texas A&M,10,Tennessee State,15,0.6297391725930278
Idaho,15,Duke,1,0.21509379731408673
Idaho,15,Ohio State,8,0.5336571997371996
Idaho,15,St. John's,5,0.3910503996728254
Idaho,15,Kansas,4,0.33469404326196284
Idaho,15,Louisville,6,0.5346926882911683
Idaho,15,Michigan State,3,0.4234310620768655
Idaho,15,UCLA,7,0.47848889791347693
Idaho,15,UConn,2,0.3440421700814444
Idaho,15,Arizona,1,0.2162331221423193
Idaho,15,Villanova,8,0.6009295128617844
Idaho,15,Wisconsin,5,0.39689026506384417
Idaho,15,Arkansas,4,0.34432608619407
Idaho,15,BYU,6,0.4211124060543556
Idaho,15,Gonzaga,3,0.59641959090151
Idaho,15,Miami (FL),7,0.6558121359380686
Idaho,15,Purdue,2,0.20733303565140643
Idaho,15,Florida,1,0.3328754870635321
Idaho,15,Clemson,8,0.5595396036645376
Idaho,15,Vanderbilt,5,0.38640721965125197
Idaho,15,Nebraska,4,0.5252778209867305
Idaho,15,North Carolina,6,0.5485197008644606
Idaho,15,Illinois,3,0.5093181320824133
Idaho,15,Saint Mary's,7,0.5210283867982393
Idaho,15,Houston,2,0.2995935767629013
Idaho,15,Michigan,1,0.1676632700749682
Idaho,15,Georgia,8,0.6959884372963292
Idaho,15,Texas Tech,5,0.4256987610272511
Idaho,15,Alabama,4,0.38960702597250046
Idaho,15,Tennessee,6,0.49633685342586964
Idaho,15,Virginia,3,0.40267465081118886
Idaho,15,Kentucky,7,0.4527427840052332
Idaho,15,Iowa State,2,0.35327225924483835
Idaho,15,Siena,16,0.9790671213285189
Idaho,15,TCU,9,0.632436801041457
Idaho,15,Northern Iowa,12,0.5833810459642984
Idaho,15,California Baptist,13,0.9319911991456071
Idaho,15,South Florida,11,0.6114427878992348
Idaho,15,North Dakota State,14,0.6445693533469484
Idaho,15,UCF,10,0.6111064508384105
Idaho,15,Furman,15,0.7111820437361698
Idaho,15,LIU,16,0.9739140338385854
Idaho,15,Utah State,9,0.36419340419481466
Idaho,15,High Point,12,0.2254505001374603
Idaho,15,Hawaii,13,0.8642185280594424
Idaho,15,Texas,11,0.5093341456745628
Idaho,15,Kennesaw State,14,0.18985147870850208
Idaho,15,Missouri,10,0.7088848004240916
Idaho,15,Queens,15,0.9546338066912492
Idaho,15,Prairie View A&M,16,0.4430639475615094
Idaho,15,Iowa,9,0.6415675123074073
Idaho,15,McNeese,12,0.33771012172403175
Idaho,15,Troy,13,0.5983520498494963
Idaho,15,VCU,11,0.7767890532082649
Idaho,15,Penn,14,0.7597506572870251
Idaho,15,Texas A&M,10,0.7280983927886177
Idaho,15,Howard,16,0.9183755527408557
Idaho,15,Saint Louis,9,0.5040170746604482
Idaho,15,Akron,12,0.5500365481947619
Idaho,15,Hofstra,13,0.5924268048346119
Idaho,15,Miami (OH),11,0.34553701492289457
Idaho,15,Wright State,14,0.6805102038777865
Idaho,15,Santa Clara,10,0.5736655473602922
Idaho,15,Tennessee State,15,0.8199625755882828
Howard,16,Duke,1,0.023777109165930316
Howard,16,Ohio State,8,0.09231884352969252
Howard,16,St. John's,5,0.053993966144932314
Howard,16,Kansas,4,0.04279862570913397
Howard,16,Louisville,6,0.09266814431903264
Howard,16,Michigan State,3,0.061273208782200064
Howard,16,UCLA,7,0.07539852152854626
Howard,16,UConn,2,0.04453980348528501
Howard,16,Arizona,1,0.023933954291318123
Howard,16,Villanova,8,0.11803845374194843
Howard,16,Wisconsin,5,0.055257051364353854
Howard,16,Arkansas,4,0.04459336181286275
Howard,16,BYU,6,0.06072880517177218
Howard,16,Gonzaga,3,0.11609826976843057
Howard,16,Miami (FL),7,0.1448236580144125
Howard,16,Purdue,2,0.022719405455728908
Howard,16,Florida,1,0.04246484871869337
Howard,16,Clemson,8,0.10145296001412164
Howard,16,Vanderbilt,5,0.05300451196678699
Howard,16,Nebraska,4,0.08953873496992236
Howard,16,North Carolina,6,0.09745866671525066
Howard,16,Illinois,3,0.08446272656912036
Howard,16,Saint Mary's,7,0.08815974221231432
Howard,16,Houston,2,0.03662500450467754
Howard,16,Michigan,1,0.01758863710761081
Howard,16,Georgia,8,0.16907315341020934
Howard,16,Texas Tech,5,0.061809282712734025
Howard,16,Alabama,4,0.05368499531186166
Howard,16,Tennessee,6,0.0805327539860099
Howard,16,Virginia,3,0.056529065936367924
Howard,16,Kentucky,7,0.06849298729198061
Howard,16,Iowa State,2,0.046301909111429444
Howard,16,Siena,16,0.8060900439826094
Howard,16,TCU,9,0.1326426296042728
Howard,16,Northern Iowa,12,0.11068048468139677
Howard,16,California Baptist,13,0.5491429988762618
Howard,16,South Florida,11,0.12270108020792952
Howard,16,North Dakota State,14,0.13880805785440306
Howard,16,UCF,10,0.12254879436913929
Howard,16,Furman,15,0.17955788354519805
Howard,16,LIU,16,0.7684265666042335
Howard,16,Utah State,9,0.04844414253862027
Howard,16,High Point,12,0.02521793349286176
Howard,16,Hawaii,13,0.36130635195152
Howard,16,Texas,11,0.08446768167074398
Howard,16,Kennesaw State,14,0.020403124093652445
Howard,16,Missouri,10,0.1779200118193611
Howard,16,Queens,15,0.6516007740999348
Howard,16,Prairie View A&M,16,0.06603747654145824
Howard,16,Iowa,9,0.1372520589715337
Howard,16,McNeese,12,0.04335571760206866
Howard,16,Troy,13,0.11692532782702698
Howard,16,VCU,11,0.23623626996894245
Howard,16,Penn,14,0.21940029147235726
Howard,16,Texas A&M,10,0.19224601493568425
Howard,16,Idaho,15,0.08162444725914447
Howard,16,Saint Louis,9,0.08283710962861245
Howard,16,Akron,12,0.0979989231186432
Howard,16,Hofstra,13,0.11440947359501388
Howard,16,Miami (OH),11,0.04482224715470546
Howard,16,Wright State,14,0.15917757201830557
Howard,16,Santa Clara,10,0.1068188342468114
Howard,16,Tennessee State,15,0.2881504931578569
Saint Louis,9,Duke,1,0.2123933736949061
Saint Louis,9,Ohio State,8,0.5296561635433082
Saint Louis,9,St. John's,5,0.3872307427888312
Saint Louis,9,Kansas,4,0.33112553051532434
Saint Louis,9,Louisville,6,0.5306927233653597
Saint Louis,9,Michigan State,3,0.4195130131770611
Saint Louis,9,UCLA,7,0.47448064393710687
Saint Louis,9,UConn,2,0.34042498673189125
Saint Louis,9,Arizona,1,0.21352228585988509
Saint Louis,9,Villanova,8,0.597069862761135
Saint Louis,9,Wisconsin,5,0.3930503843142442
Saint Louis,9,Arkansas,4,0.3407074682520111
Saint Louis,9,BYU,6,0.41720028743342336
Saint Louis,9,Gonzaga,3,0.5925458974872742
Saint Louis,9,Miami (FL),7,0.6521760547162381
Saint Louis,9,Purdue,2,0.20470463474816117
Saint Louis,9,Florida,1,0.329316766282725
Saint Louis,9,Clemson,8,0.55557569828201
Saint Louis,9,Vanderbilt,5,0.3826044204175839
Saint Louis,9,Nebraska,4,0.521269385346062
Saint Louis,9,North Carolina,6,0.5445373488146682
Saint Louis,9,Illinois,3,0.50530185124975
Saint Louis,9,Saint Mary's,7,0.5170170620396733
Saint Louis,9,Houston,2,0.2962326716681085
Saint Louis,9,Michigan,1,0.16543281290817796
Saint Louis,9,Georgia,8,0.6925778288772457
Saint Louis,9,Texas Tech,5,0.4217750786699275
Saint Louis,9,Alabama,4,0.38579253562732163
Saint Louis,9,Tennessee,6,0.49232023080073095
Saint Louis,9,Virginia,3,0.39881581332198285
Saint Louis,9,Kentucky,7,0.44876461457910866
Saint Louis,9,Iowa State,2,0.3496097544264042
Saint Louis,9,Siena,16,0.9787352518135934
Saint Louis,9,TCU,9,0.6286935907267046
Saint Louis,9,Northern Iowa,12,0.5794704451345272
Saint Louis,9,California Baptist,13,0.9309656135069604
Saint Louis,9,South Florida,11,0.6076184251219028
Saint Louis,9,North Dakota State,14,0.6408795395385386
Saint Louis,9,UCF,10,0.6072809038780468
Saint Louis,9,Furman,15,0.7078703430245
Saint Louis,9,LIU,16,0.9735026783932125
Saint Louis,9,Utah State,9,0.36048078570441594
Saint Louis,9,High Point,12,0.22265693642638215
Saint Louis,9,Hawaii,13,0.8623218959467087
Saint Louis,9,Texas,11,0.5053178686084698
Saint Louis,9,Kennesaw State,14,0.1873923029698835
Saint Louis,9,Missouri,10,0.7055576643089178
Saint Louis,9,Queens,15,0.9539327981760601
Saint Louis,9,Prairie View A&M,16,0.4391025858439492
Saint Louis,9,Iowa,9,0.6378640437516814
Saint Louis,9,McNeese,12,0.33412560142026027
Saint Louis,9,Troy,13,0.5944842934525053
Saint Louis,9,VCU,11,0.7739905595531115
Saint Louis,9,Penn,14,0.7568054245584654
Saint Louis,9,Texas A&M,10,0.7249056317002877
Saint Louis,9,Idaho,15,0.49598292533955246
Saint Louis,9,Howard,16,0.9171628903713878
Saint Louis,9,Akron,12,0.5460565030640734
Saint Louis,9,Hofstra,13,0.5885412264242162
Saint Louis,9,Miami (OH),11,0.34191230717727955
Saint Louis,9,Wright State,14,0.6770065352326198
Saint Louis,9,Santa Clara,10,0.5697310119050327
Saint Louis,9,Tennessee State,15,0.8175782514528996
Akron,12,Duke,1,0.1831263036121693
Akron,12,Ohio State,8,0.4835095660363211
Akron,12,St. John's,5,0.34440669538327595
Akron,12,Kansas,4,0.29155400539825616
Akron,12,Louisville,6,0.4845488533681969
Akron,12,Michigan State,3,0.37530545545917604
Akron,12,UCLA,7,0.4287590679473287
Akron,12,UConn,2,0.3002409732383078
Akron,12,Arizona,1,0.18413602430217033
Akron,12,Villanova,8,0.5519422319161252
Akron,12,Wisconsin,5,0.34995029574962494
Akron,12,Arkansas,4,0.30050530225611766
Akron,12,BYU,6,0.37307980732894674
Akron,12,Gonzaga,3,0.5472957568866234
Akron,12,Miami (FL),7,0.6091804010180282
Akron,12,Purdue,2,0.1762599428838087
Akron,12,Florida,1,0.289867723767483
Akron,12,Clemson,8,0.509617665583847
Akron,12,Vanderbilt,5,0.3400081130081688
Akron,12,Nebraska,4,0.4751153750133106
Akron,12,North Carolina,6,0.4984682780668422
Akron,12,Illinois,3,0.4592055026126293
Akron,12,Saint Mary's,7,0.47086923444857826
Akron,12,Houston,2,0.2592150530752653
Akron,12,Michigan,1,0.1414743869000284
Akron,12,Georgia,8,0.6519107934679965
Akron,12,Texas Tech,5,0.3774841593871347
Akron,12,Alabama,4,0.34303850027776495
Akron,12,Tennessee,6,0.4463396471151671
Akron,12,Virginia,3,0.35545376187818556
Akron,12,Kentucky,7,0.4036178520787926
Akron,12,Iowa State,2,0.30884923530590763
Akron,12,Siena,16,0.9745301676848348
Akron,12,TCU,9,0.5846438847268689
Akron,12,Northern Iowa,12,0.5339104081882335
Akron,12,California Baptist,13,0.9181045534017215
Akron,12,South Florida,11,0.5628071436033043
Akron,12,North Dakota State,14,0.5973496168677326
Akron,12,UCF,10,0.5624588330119191
Akron,12,Furman,15,0.6682572731608922
Akron,12,LIU,16,0.9682963753911775
Akron,12,Utah State,9,0.3190746200709373
Akron,12,High Point,12,0.1923209283528718
Akron,12,Hawaii,13,0.8388857155104663
Akron,12,Texas,11,0.459221415183753
Akron,12,Kennesaw State,14,0.1608666487989752
Akron,12,Missouri,10,0.6657790598659116
Akron,12,Queens,15,0.9450981773232697
Akron,12,Prairie View A&M,16,0.3942326745336661
Akron,12,Iowa,9,0.5942000469520112
Akron,12,McNeese,12,0.2943533273171881
Akron,12,Troy,13,0.5492856798298558
Akron,12,VCU,11,0.7400509114697266
Akron,12,Penn,14,0.7212146390004377
Akron,12,Texas A&M,10,0.6865797757407768
Akron,12,Idaho,15,0.4499634518052387
Akron,12,Howard,16,0.902001076881357
Akron,12,Saint Louis,9,0.45394349693592717
Akron,12,Hofstra,13,0.543189208323853
Akron,12,Miami (OH),11,0.3016330173821464
Akron,12,Wright State,14,0.6353641499060666
Akron,12,Santa Clara,10,0.52398259565014
Akron,12,Tennessee State,15,0.7883946141059179
Hofstra,13,Duke,1,0.15862469511718705
Hofstra,13,Ohio State,8,0.44048989219942414
Hofstra,13,St. John's,5,0.30642085698310223
Hofstra,13,Kansas,4,0.2571113321470136
Hofstra,13,Louisville,6,0.44151575651863806
Hofstra,13,Michigan State,3,0.3356565074761052
Hofstra,13,UCLA,7,0.38696107018062764
Hofstra,13,UConn,2,0.2651561639072048
Hofstra,13,Arizona,1,0.15952570178783232
Hofstra,13,Villanova,8,0.5088322789477929
Hofstra,13,Wisconsin,5,0.31164368097507633
Hofstra,13,Arkansas,4,0.26540131979461434
Hofstra,13,BYU,6,0.33354044620759726
Hofstra,13,Gonzaga,3,0.5041403782068508
Hofstra,13,Miami (FL),7,0.5672598246613172
Hofstra,13,Purdue,2,0.15250551294023998
Hofstra,13,Florida,1,0.2555524000553889
Hofstra,13,Clemson,8,0.46637258472271403
Hofstra,13,Vanderbilt,5,0.30228372167121487
Hofstra,13,Nebraska,4,0.4322175626427579
Hofstra,13,North Carolina,6,0.45529090046061904
Hofstra,13,Illinois,3,0.4166040297396622
Hofstra,13,Saint Mary's,7,0.42804215676336377
Hofstra,13,Houston,2,0.22736664134892448
Hofstra,13,Michigan,1,0.12171528266623438
Hofstra,13,Georgia,8,0.6116517316120246
Hofstra,13,Texas Tech,5,0.33772947943418197
Hofstra,13,Alabama,4,0.3051333300241477
Hofstra,13,Tennessee,6,0.4040400064173575
Hofstra,13,Virginia,3,0.31683834735552685
Hofstra,13,Kentucky,7,0.36271453929680414
Hofstra,13,Iowa State,2,0.2731511654840753
Hofstra,13,Siena,16,0.9698592342870594
Hofstra,13,TCU,9,0.5420698558906937
Hofstra,13,Northern Iowa,12,0.49066652197253835
Hofstra,13,California Baptist,13,0.9041039419777961
Hofstra,13,South Florida,11,0.5198331319654085
Hofstra,13,North Dakota State,14,0.5550868487846649
Hofstra,13,UCF,10,0.5194798156035367
Hofstra,13,Furman,15,0.6288123292870429
Hofstra,13,LIU,16,0.9625261822162856
Hofstra,13,Utah State,9,0.2826780474922296
Hofstra,13,High Point,12,0.16684037420047487
Hofstra,13,Hawaii,13,0.8140845304477614
Hofstra,13,Texas,11,0.41661960334222203
Hofstra,13,Kennesaw State,14,0.13883710885539247
Hofstra,13,Missouri,10,0.6262042744959696
Hofstra,13,Queens,15,0.9353875512214472
Hofstra,13,Prairie View A&M,16,0.35371636491724745
Hofstra,13,Iowa,9,0.5518547066616976
Hofstra,13,McNeese,12,0.25970118332209385
Hofstra,13,Troy,13,0.506148825297614
Hofstra,13,VCU,11,0.7053788536053127
Hofstra,13,Penn,14,0.6850992465097738
Hofstra,13,Texas A&M,10,0.6481664049560916
Hofstra,13,Idaho,15,0.4075731951653888
Hofstra,13,Howard,16,0.8855905264049865
Hofstra,13,Saint Louis,9,0.41145877357578436
Hofstra,13,Akron,12,0.45681079167614763
Hofstra,13,Miami (OH),11,0.2664474791901718
Hofstra,13,Wright State,14,0.5943820741133108
Hofstra,13,Santa Clara,10,0.4807134802415688
Hofstra,13,Tennessee State,15,0.7580626387699236
Miami (OH),11,Duke,1,0.3416893893179972
Miami (OH),11,Ohio State,8,0.6842878875704531
Miami (OH),11,St. John's,5,0.5487982236038684
Miami (OH),11,Kansas,4,0.4879236111172322
Miami (OH),11,Louisville,6,0.6851862170330401
Miami (OH),11,Michigan State,3,0.5817620689302061
Miami (OH),11,UCLA,7,0.634742704643232
Miami (OH),11,UConn,2,0.4983457539114428
Miami (OH),11,Arizona,1,0.3432060673400997
Miami (OH),11,Villanova,8,0.7404012003990211
Miami (OH),11,Wisconsin,5,0.5548473879954038
Miami (OH),11,Arkansas,4,0.49866020521351656
Miami (OH),11,BYU,6,0.5794477418363426
Miami (OH),11,Gonzaga,3,0.7367770493984159
Miami (OH),11,Miami (FL),7,0.7830283160290149
Miami (OH),11,Purdue,2,0.3312888524841511
Miami (OH),11,Florida,1,0.48588051998447707
Miami (OH),11,Clemson,8,0.7064094736848029
Miami (OH),11,Vanderbilt,5,0.5439551304974521
Miami (OH),11,Nebraska,4,0.6769767912552827
Miami (OH),11,North Carolina,6,0.6970747798998852
Miami (OH),11,Illinois,3,0.6628435898124067
Miami (OH),11,Saint Mary's,7,0.673240556148347
Miami (OH),11,Houston,2,0.4475638377041421
Miami (OH),11,Michigan,1,0.2761651501052722
Miami (OH),11,Georgia,8,0.812598318030811
Miami (OH),11,Texas Tech,5,0.5840188115198944
Miami (OH),11,Alabama,4,0.5472958994389624
Miami (OH),11,Tennessee,6,0.6511419153123658
Miami (OH),11,Virginia,3,0.5607932983768146
Miami (OH),11,Kentucky,7,0.6104301031021809
Miami (OH),11,Iowa State,2,0.5085064007529703
Miami (OH),11,Siena,16,0.9888377685390696
Miami (OH),11,TCU,9,0.7651994844009437
Miami (OH),11,Northern Iowa,12,0.7261913018436628
Miami (OH),11,California Baptist,13,0.9629024617524281
Miami (OH),11,South Florida,11,0.7487762488520747
Miami (OH),11,North Dakota State,14,0.7745122318200862
Miami (OH),11,UCF,10,0.7485098936867952
Miami (OH),11,Furman,15,0.8234424988423603
Miami (OH),11,LIU,16,0.986055683502876
Miami (OH),11,Utah State,9,0.5203651999810903
Miami (OH),11,High Point,12,0.35538175644563547
Miami (OH),11,Hawaii,13,0.9234020312314375
Miami (OH),11,Texas,11,0.6628579096411881
Miami (OH),11,Kennesaw State,14,0.307409057759842
Miami (OH),11,Missouri,10,0.8218144512803188
Miami (OH),11,Queens,15,0.9755238608461217
Miami (OH),11,Prairie View A&M,16,0.6010828295172896
Miami (OH),11,Iowa,9,0.772220021304808
Miami (OH),11,McNeese,12,0.491300831461943
Miami (OH),11,Troy,13,0.7383322951928033
Miami (OH),11,VCU,11,0.8682721108285371
Miami (OH),11,Penn,14,0.8569307390789485
Miami (OH),11,Texas A&M,10,0.8353063123673847
Miami (OH),11,Idaho,15,0.654462985077106
Miami (OH),11,Howard,16,0.9551777528452946
Miami (OH),11,Saint Louis,9,0.6580876928227211
Miami (OH),11,Akron,12,0.6983669826178541
Miami (OH),11,Hofstra,13,0.7335525208098286
Miami (OH),11,Wright State,14,0.8013626415632764
Miami (OH),11,Santa Clara,10,0.7181974080303161
Miami (OH),11,Tennessee State,15,0.8961173253976911
Wright State,14,Duke,1,0.11399101072976721
Wright State,14,Ohio State,8,0.3494893042036567
Wright State,14,St. John's,5,0.23165021557343923
Wright State,14,Kansas,4,0.19105838398317665
Wright State,14,Louisville,6,0.35043597483932315
Wright State,14,Michigan State,3,0.2563891053643704
Wright State,14,UCLA,7,0.30106847729849556
Wright State,14,UConn,2,0.19758615938168228
Wright State,14,Arizona,1,0.11467304635434941
Wright State,14,Villanova,8,0.41416399021990113
Wright State,14,Wisconsin,5,0.23603230731887032
Wright State,14,Arkansas,4,0.19778565685448293
Wright State,14,BYU,6,0.25458126850215224
Wright State,14,Gonzaga,3,0.40961702556860385
Wright State,14,Miami (FL),7,0.4721711057108739
Wright State,14,Purdue,2,0.10936982193194732
Wright State,14,Florida,1,0.18979762678689216
Wright State,14,Clemson,8,0.3735952568467557
Wright State,14,Vanderbilt,5,0.22819046015608113
Wright State,14,Nebraska,4,0.34188170226402276
Wright State,14,North Carolina,6,0.3632175701666569
Wright State,14,Illinois,3,0.3276483338391802
Wright State,14,Saint Mary's,7,0.3380593812514531
Wright State,14,Houston,2,0.16723500572658334
Wright State,14,Michigan,1,0.08640064912745668
Wright State,14,Georgia,8,0.5180296371387061
Wright State,14,Texas Tech,5,0.25816276844026464
Wright State,14,Alabama,4,0.23057241853315288
Wright State,14,Tennessee,6,0.31631249223097246
Wright State,14,Virginia,3,0.2404068068184363
Wright State,14,Kentucky,7,0.27974794131353836
Wright State,14,Iowa State,2,0.20410968642033483
Wright State,14,Siena,16,0.9564434535144208
Wright State,14,TCU,9,0.4468435207517724
Wright State,14,Northern Iowa,12,0.3966486221546449
Wright State,14,California Baptist,13,0.8654796962156877
Wright State,14,South Florida,11,0.42488865652085067
Wright State,14,North Dakota State,14,0.459870201505136
Wright State,14,UCF,10,0.4245428156535155
Wright State,14,Furman,15,0.5361901951955714
Wright State,14,LIU,16,0.94602806690388
Wright State,14,Utah State,9,0.2119306748863017
Wright State,14,High Point,12,0.12022529392215421
Wright State,14,Hawaii,13,0.7492584793640845
Wright State,14,Texas,11,0.3276624497569755
Wright State,14,Kennesaw State,14,0.09911534162757857
Wright State,14,Missouri,10,0.5334142449645878
Wright State,14,Queens,15,0.9080824460208795
Wright State,14,Prairie View A&M,16,0.27192974685290605
Wright State,14,Iowa,9,0.45662346667902565
Wright State,14,McNeese,12,0.19315588543441792
Wright State,14,Troy,13,0.4115614538753253
Wright State,14,VCU,11,0.6203264507306647
Wright State,14,Penn,14,0.5975327830990221
Wright State,14,Texas A&M,10,0.5569711252727793
Wright State,14,Idaho,15,0.319489796122214
Wright State,14,Howard,16,0.8408224279816947
Wright State,14,Saint Louis,9,0.32299346476738083
Wright State,14,Akron,12,0.364635850093934
Wright State,14,Hofstra,13,0.4056179258866899
Wright State,14,Miami (OH),11,0.19863735843672398
Wright State,14,Santa Clara,10,0.3871530679937459
Wright State,14,Tennessee State,15,0.6813486265921256
Santa Clara,10,Duke,1,0.1691993256401186
Santa Clara,10,Ohio State,8,0.4595908949088622
Santa Clara,10,St. John's,5,0.3230650529130371
Santa Clara,10,Kansas,4,0.27212800738858134
Santa Clara,10,Louisville,6,0.46062462125925524
Santa Clara,10,Michigan State,3,0.35308031243091326
Santa Clara,10,UCLA,7,0.4054228287511982
Santa Clara,10,UConn,2,0.2804653120032613
Santa Clara,10,Arizona,1,0.1701482506877328
Santa Clara,10,Villanova,8,0.5280996522862658
Santa Clara,10,Wisconsin,5,0.32843723045449674
Santa Clara,10,Arkansas,4,0.28071921514224135
Santa Clara,10,BYU,6,0.35091242780801984
Santa Clara,10,Gonzaga,3,0.5234194174767712
Santa Clara,10,Miami (FL),7,0.5860995881432053
Santa Clara,10,Purdue,2,0.16275111963049124
Santa Clara,10,Florida,1,0.2705111797413245
Santa Clara,10,Clemson,8,0.4856218042315815
Santa Clara,10,Vanderbilt,5,0.31880649037058173
Santa Clara,10,Nebraska,4,0.4512491569659521
Santa Clara,10,North Carolina,6,0.47448943090582385
Santa Clara,10,Illinois,3,0.43547541950396607
Santa Clara,10,Saint Mary's,7,0.44703465181375635
Santa Clara,10,Houston,2,0.24121013886273712
Santa Clara,10,Michigan,1,0.13021015790185944
Santa Clara,10,Georgia,8,0.6298200472617083
Santa Clara,10,Texas Tech,5,0.35520335744109577
Santa Clara,10,Alabama,4,0.3217400321184534
Santa Clara,10,Tennessee,6,0.42275468394827853
Santa Clara,10,Virginia,3,0.33377608945957166
Santa Clara,10,Kentucky,7,0.38073795051477644
Santa Clara,10,Iowa State,2,0.2887405394511263
Santa Clara,10,Siena,16,0.9720355065337679
Santa Clara,10,TCU,9,0.5611578862354144
Santa Clara,10,Northern Iowa,12,0.5099602134953815
Santa Clara,10,California Baptist,13,0.9105902950624832
Santa Clara,10,South Florida,11,0.5390598882057109
Santa Clara,10,North Dakota State,14,0.574058638998065
Santa Clara,10,UCF,10,0.5387081650646275
Santa Clara,10,Furman,15,0.6466416176006454
Santa Clara,10,LIU,16,0.9652129361159746
Santa Clara,10,Utah State,9,0.29858778337649394
Santa Clara,10,High Point,12,0.17784692899325957
Santa Clara,10,Hawaii,13,0.8254844353946578
Santa Clara,10,Texas,11,0.4354911719562788
Santa Clara,10,Kennesaw State,14,0.14832515834098464
Santa Clara,10,Missouri,10,0.6440879303989433
Santa Clara,10,Queens,15,0.9398985634049086
Santa Clara,10,Prairie View A&M,16,0.37155333725753364
Santa Clara,10,Iowa,9,0.5708577679054073
Santa Clara,10,McNeese,12,0.27481316441337994
Santa Clara,10,Troy,13,0.5254232853233067
Santa Clara,10,VCU,11,0.7211612561010062
Santa Clara,10,Penn,14,0.7015082921176932
Santa Clara,10,Texas A&M,10,0.665560492592109
Santa Clara,10,Idaho,15,0.4263344526397085
Santa Clara,10,Howard,16,0.8931811657531888
Santa Clara,10,Saint Louis,9,0.43026898809496794
Santa Clara,10,Akron,12,0.4760174043498605
Santa Clara,10,Hofstra,13,0.5192865197584319
Santa Clara,10,Miami (OH),11,0.28180259196968455
Santa Clara,10,Wright State,14,0.6128469320062547
Santa Clara,10,Tennessee State,15,0.7719353284065869
Tennessee State,15,Duke,1,0.05675490999560879
Tennessee State,15,Ohio State,8,0.20080651244390862
Tennessee State,15,St. John's,5,0.12357606807763132
Tennessee State,15,Kansas,4,0.09947028855540997
Tennessee State,15,Louisville,6,0.201475178483345
Tennessee State,15,Michigan State,3,0.13885912843327647
Tennessee State,15,UCLA,7,0.16767554377554617
Tennessee State,15,UConn,2,0.10326830281606983
Tennessee State,15,Arizona,1,0.05711656477934735
Tennessee State,15,Villanova,8,0.2484764687415592
Tennessee State,15,Wisconsin,5,0.12624966229642706
Tennessee State,15,Arkansas,4,0.10338483974621127
Tennessee State,15,BYU,6,0.13772652250192438
Tennessee State,15,Gonzaga,3,0.24498784100643456
Tennessee State,15,Miami (FL),7,0.29496157484681873
Tennessee State,15,Purdue,2,0.054311833334667194
Tennessee State,15,Florida,1,0.09874013323382794
Tennessee State,15,Clemson,8,0.21809539549248622
Tennessee State,15,Vanderbilt,5,0.1214752379990032
Tennessee State,15,Nebraska,4,0.19546291433900947
Tennessee State,15,North Carolina,6,0.21058504901464747
Tennessee State,15,Illinois,3,0.18560615391167692
Tennessee State,15,Saint Mary's,7,0.1927980270019197
Tennessee State,15,Houston,2,0.0858551145296226
Tennessee State,15,Michigan,1,0.04235569974611278
Tennessee State,15,Georgia,8,0.3345167209778738
Tennessee State,15,Texas Tech,5,0.13997278059307217
Tennessee State,15,Alabama,4,0.12292066303257958
Tennessee State,15,Tennessee,6,0.1778844455079635
Tennessee State,15,Virginia,3,0.12893289102696753
Tennessee State,15,Kentucky,7,0.15372374502893998
Tennessee State,15,Iowa State,2,0.10709342917794265
Tennessee State,15,Siena,16,0.911265471832957
Tennessee State,15,TCU,9,0.2742015509460156
Tennessee State,15,Northern Iowa,12,0.2351555240944015
Tennessee State,15,California Baptist,13,0.7505583345367715
Tennessee State,15,South Florida,11,0.25679134031583717
Tennessee State,15,North Dakota State,14,0.28478642808225063
Tennessee State,15,UCF,10,0.2565212947399718
Tennessee State,15,Furman,15,0.35092810813804054
Tennessee State,15,LIU,16,0.8912750333051258
Tennessee State,15,Utah State,9,0.11171880366439974
Tennessee State,15,High Point,12,0.06007112652902235
Tennessee State,15,Hawaii,13,0.5828988554797662
Tennessee State,15,Texas,11,0.18561583971126955
Tennessee State,15,Kennesaw State,14,0.04893593316236887
Tennessee State,15,Missouri,10,0.34839083822946315
Tennessee State,15,Queens,15,0.8220745840098015
Tennessee State,15,Prairie View A&M,16,0.1487004388783051
Tennessee State,15,Iowa,9,0.28213013689350847
Tennessee State,15,McNeese,12,0.10068745665952472
Tennessee State,15,Troy,13,0.24647704379090526
Tennessee State,15,VCU,11,0.4331421979621054
Tennessee State,15,Penn,14,0.4098027220905191
Tennessee State,15,Texas A&M,10,0.3702608274069728
Tennessee State,15,Idaho,15,0.1800374244117176
Tennessee State,15,Howard,16,0.7118495068421435
Tennessee State,15,Saint Louis,9,0.1824217485471008
Tennessee State,15,Akron,12,0.2116053858940826
Tennessee State,15,Hofstra,13,0.24193736123007673
Tennessee State,15,Miami (OH),11,0.10388267460230917
Tennessee State,15,Wright State,14,0.31865137340787497
Tennessee State,15,Santa Clara,10,0.22806467159341362
