year,round,team1,team2,winner,seed_diff,srs_diff,sos_diff,win_pct_diff,points_margin_diff,label
2008,R64,UNC,Mount St. Mary's,UNC,-15.0,1.04,0.71,0.1379999999999999,109.0,1.0
2008,R64,Mount St. Mary's,UNC,UNC,15.0,-1.04,-0.71,-0.1379999999999999,-109.0,0.0
2008,R64,Indiana,Arkansas,Arkansas,-1.0,3.299999999999999,-0.6500000000000004,0.10099999999999998,119.0,0.0
2008,R64,Arkansas,Indiana,Arkansas,1.0,-3.299999999999999,0.6500000000000004,-0.10099999999999998,-119.0,1.0
2008,R64,Notre Dame,George Mason,Notre Dame,-7.0,10.079999999999998,7.78,0.08199999999999996,79.0,1.0
2008,R64,George Mason,Notre Dame,Notre Dame,7.0,-10.079999999999998,-7.78,-0.08199999999999996,-79.0,0.0
2008,R64,Washington State,Winthrop,Washington State,-9.0,12.740000000000002,7.8,0.09599999999999997,135.0,1.0
2008,R64,Winthrop,Washington State,Washington State,9.0,-12.740000000000002,-7.8,-0.09599999999999997,-135.0,0.0
2008,R64,Oklahoma,Saint Joseph's,Oklahoma,-5.0,2.34,3.8699999999999997,0.039000000000000035,-48.0,1.0
2008,R64,Saint Joseph's,Oklahoma,Oklahoma,5.0,-2.34,-3.8699999999999997,-0.039000000000000035,48.0,0.0
2008,R64,Louisville,Boise State,Louisville,-11.0,17.4,10.07,0.015000000000000013,196.0,1.0
2008,R64,Boise State,Louisville,Louisville,11.0,-17.4,-10.07,-0.015000000000000013,-196.0,0.0
2008,R64,Butler,South Alabama,Butler,-3.0,5.24,3.85,0.09399999999999997,34.0,1.0
2008,R64,South Alabama,Butler,Butler,3.0,-5.24,-3.85,-0.09399999999999997,-34.0,0.0
2008,R64,Tennessee,American,Tennessee,-13.0,20.28,11.84,0.22499999999999998,336.0,1.0
2008,R64,American,Tennessee,Tennessee,13.0,-20.28,-11.84,-0.22499999999999998,-336.0,0.0
2008,R32,UNC,Arkansas,UNC,-8.0,-15.030000000000001,-11.14,0.039999999999999925,-40.0,1.0
2008,R32,Arkansas,UNC,UNC,8.0,15.030000000000001,11.14,-0.039999999999999925,40.0,0.0
2008,R32,Notre Dame,Washington State,Washington State,1.0,-0.20000000000000284,0.6800000000000006,0.015000000000000013,-39.0,0.0
2008,R32,Washington State,Notre Dame,Washington State,-1.0,0.20000000000000284,-0.6800000000000006,-0.015000000000000013,39.0,1.0
2008,R32,Oklahoma,Louisville,Louisville,3.0,-7.029999999999999,-0.15000000000000036,-0.09299999999999997,-252.0,0.0
2008,R32,Louisville,Oklahoma,Louisville,-3.0,7.029999999999999,0.15000000000000036,0.09299999999999997,252.0,1.0
2008,R32,Butler,Tennessee,Tennessee,5.0,-5.41,-5.199999999999999,0.02100000000000002,-73.0,0.0
2008,R32,Tennessee,Butler,Tennessee,-5.0,5.41,5.199999999999999,-0.02100000000000002,73.0,1.0
2008,S16,UNC,Washington State,UNC,-3.0,-18.900000000000002,-10.76,-0.04600000000000004,-189.0,1.0
2008,S16,Washington State,UNC,UNC,3.0,18.900000000000002,10.76,0.04600000000000004,189.0,0.0
2008,S16,Louisville,Tennessee,Louisville,1.0,0.5899999999999999,0.16000000000000014,-0.11099999999999999,-31.0,1.0
2008,S16,Tennessee,Louisville,Louisville,-1.0,-0.5899999999999999,-0.16000000000000014,0.11099999999999999,31.0,0.0
2008,E8,UNC,Louisville,UNC,-2.0,-21.55,-12.41,-0.05300000000000005,-235.0,1.0
2008,E8,Louisville,UNC,UNC,2.0,21.55,12.41,0.05300000000000005,235.0,0.0
2008,R64,Kansas,Portland State,Kansas,-15.0,25.18,11.209999999999999,0.2280000000000001,568.0,1.0
2008,R64,Portland State,Kansas,Kansas,15.0,-25.18,-11.209999999999999,-0.2280000000000001,-568.0,0.0
2008,R64,UNLV,Kent State,UNLV,-1.0,2.7600000000000007,3.6099999999999994,-0.029000000000000026,12.0,1.0
2008,R64,Kent State,UNLV,UNLV,1.0,-2.7600000000000007,-3.6099999999999994,0.029000000000000026,-12.0,0.0
2008,R64,Clemson,Villanova,Villanova,-7.0,7.050000000000001,1.3899999999999997,0.07699999999999996,205.0,0.0
2008,R64,Villanova,Clemson,Villanova,7.0,-7.050000000000001,-1.3899999999999997,-0.07699999999999996,-205.0,1.0
2008,R64,Vanderbilt,Siena,Siena,-9.0,6.900000000000001,7.16,0.08899999999999997,-9.0,0.0
2008,R64,Siena,Vanderbilt,Siena,9.0,-6.900000000000001,-7.16,-0.08899999999999997,9.0,1.0
2008,R64,USC,Kansas State,Kansas State,-5.0,-1.8999999999999986,0.7999999999999998,0.0,-125.0,0.0
2008,R64,Kansas State,USC,Kansas State,5.0,1.8999999999999986,-0.7999999999999998,-0.0,125.0,1.0
2008,R64,Wisconsin,Cal State Fullerton,Wisconsin,-11.0,13.95,9.790000000000001,0.134,161.0,1.0
2008,R64,Cal State Fullerton,Wisconsin,Wisconsin,11.0,-13.95,-9.790000000000001,-0.134,-161.0,0.0
2008,R64,Gonzaga,Davidson,Davidson,-3.0,0.8800000000000008,0.49,-0.04800000000000004,-111.0,0.0
2008,R64,Davidson,Gonzaga,Davidson,3.0,-0.8800000000000008,-0.49,0.04800000000000004,111.0,1.0
2008,R64,Georgetown,UMBC,Georgetown,-13.0,18.67,11.760000000000002,0.09699999999999998,199.0,1.0
2008,R64,UMBC,Georgetown,Georgetown,13.0,-18.67,-11.760000000000002,-0.09699999999999998,-199.0,0.0
2008,R32,Kansas,UNLV,Kansas,-7.0,16.669999999999998,4.18,0.15400000000000003,502.0,1.0
2008,R32,UNLV,Kansas,Kansas,7.0,-16.669999999999998,-4.18,-0.15400000000000003,-502.0,0.0
2008,R32,Villanova,Siena,Villanova,-1.0,6.94,9.31,-0.04700000000000004,-77.0,1.0
2008,R32,Siena,Villanova,Villanova,1.0,-6.94,-9.31,0.04700000000000004,77.0,0.0
2008,R32,Kansas State,Wisconsin,Wisconsin,8.0,-3.8000000000000007,1.0599999999999996,-0.22499999999999998,-163.0,0.0
2008,R32,Wisconsin,Kansas State,Wisconsin,-8.0,3.8000000000000007,-1.0599999999999996,0.22499999999999998,163.0,1.0
2008,R32,Davidson,Georgetown,Davidson,8.0,-4.800000000000001,-5.57,-0.017999999999999905,138.0,1.0
2008,R32,Georgetown,Davidson,Davidson,-8.0,4.800000000000001,5.57,0.017999999999999905,-138.0,0.0
2008,S16,Kansas,Villanova,Kansas,-11.0,15.899999999999999,0.5099999999999989,0.29600000000000004,645.0,1.0
2008,S16,Villanova,Kansas,Kansas,11.0,-15.899999999999999,-0.5099999999999989,-0.29600000000000004,-645.0,0.0
2008,S16,Wisconsin,Davidson,Davidson,-7.0,5.66,5.07,0.05499999999999994,-66.0,0.0
2008,S16,Davidson,Wisconsin,Davidson,7.0,-5.66,-5.07,-0.05499999999999994,66.0,1.0
2008,E8,Kansas,Davidson,Kansas,-9.0,12.969999999999999,6.539999999999999,0.119,232.0,1.0
2008,E8,Davidson,Kansas,Kansas,9.0,-12.969999999999999,-6.539999999999999,-0.119,-232.0,0.0
2008,R64,Memphis,UT Arlington,Memphis,-15.0,26.6,10.379999999999999,0.31399999999999995,571.0,1.0
2008,R64,UT Arlington,Memphis,Memphis,15.0,-26.6,-10.379999999999999,-0.31399999999999995,-571.0,0.0
2008,R64,Mississippi State,Oregon,Mississippi State,-1.0,1.7400000000000002,-1.9100000000000001,0.1130000000000001,132.0,1.0
2008,R64,Oregon,Mississippi State,Mississippi State,1.0,-1.7400000000000002,1.9100000000000001,-0.1130000000000001,-132.0,0.0
2008,R64,Michigan State,Temple,Michigan State,-7.0,8.16,3.1099999999999994,0.132,189.0,1.0
2008,R64,Temple,Michigan State,Michigan State,7.0,-8.16,-3.1099999999999994,-0.132,-189.0,0.0
2008,R64,Pitt,Oral Roberts,Pitt,-9.0,9.91,8.1,0.0030000000000000027,86.0,1.0
2008,R64,Oral Roberts,Pitt,Pitt,9.0,-9.91,-8.1,-0.0030000000000000027,-86.0,0.0
2008,R64,Marquette,Kentucky,Marquette,-5.0,9.430000000000001,1.0,0.133,299.0,1.0
2008,R64,Kentucky,Marquette,Marquette,5.0,-9.430000000000001,-1.0,-0.133,-299.0,0.0
2008,R64,Stanford,Cornell,Stanford,-11.0,15.549999999999999,11.690000000000001,-0.008000000000000007,118.0,1.0
2008,R64,Cornell,Stanford,Stanford,11.0,-15.549999999999999,-11.690000000000001,0.008000000000000007,-118.0,0.0
2008,R64,Miami (FL),Saint Mary's,Miami (FL),-3.0,0.9900000000000002,6.77,-0.10499999999999998,-151.0,1.0
2008,R64,Saint Mary's,Miami (FL),Miami (FL),3.0,-0.9900000000000002,-6.77,0.10499999999999998,151.0,0.0
2008,R64,Texas,Austin Peay,Texas,-13.0,20.34,13.83,0.1299999999999999,288.0,1.0
2008,R64,Austin Peay,Texas,Texas,13.0,-20.34,-13.83,-0.1299999999999999,-288.0,0.0
2008,R32,Memphis,Mississippi State,Memphis,-7.0,10.31,0.019999999999999574,0.2739999999999999,458.0,1.0
2008,R32,Mississippi State,Memphis,Memphis,7.0,-10.31,-0.019999999999999574,-0.2739999999999999,-458.0,0.0
2008,R32,Michigan State,Pitt,Michigan State,1.0,0.7000000000000011,-0.16000000000000014,0.020000000000000018,-10.0,1.0
2008,R32,Pitt,Michigan State,Michigan State,-1.0,-0.7000000000000011,0.16000000000000014,-0.020000000000000018,10.0,0.0
2008,R32,Marquette,Stanford,Stanford,3.0,2.3100000000000023,1.1399999999999997,-0.06400000000000006,52.0,0.0
2008,R32,Stanford,Marquette,Stanford,-3.0,-2.3100000000000023,-1.1399999999999997,0.06400000000000006,-52.0,1.0
2008,R32,Miami (FL),Texas,Texas,5.0,-5.749999999999998,-1.46,-0.1399999999999999,-168.0,0.0
2008,R32,Texas,Miami (FL),Texas,-5.0,5.749999999999998,1.46,0.1399999999999999,168.0,1.0
2008,S16,Memphis,Michigan State,Memphis,-4.0,7.41,-1.92,0.19999999999999996,408.0,1.0
2008,S16,Michigan State,Memphis,Memphis,4.0,-7.41,1.92,-0.19999999999999996,-408.0,0.0
2008,S16,Stanford,Texas,Texas,1.0,-1.8200000000000003,-1.6399999999999997,-0.03799999999999992,-64.0,0.0
2008,S16,Texas,Stanford,Texas,-1.0,1.8200000000000003,1.6399999999999997,0.03799999999999992,64.0,1.0
2008,E8,Memphis,Texas,Memphis,-1.0,5.600000000000001,-2.83,0.134,318.0,1.0
2008,E8,Texas,Memphis,Memphis,1.0,-5.600000000000001,2.83,-0.134,-318.0,0.0
2008,R64,UCLA,Mississippi Valley State,UCLA,-15.0,36.99,17.21,0.382,705.0,1.0
2008,R64,Mississippi Valley State,UCLA,UCLA,15.0,-36.99,-17.21,-0.382,-705.0,0.0
2008,R64,BYU,Texas A&M,Texas A&M,-1.0,-4.379999999999999,-6.13,0.07700000000000007,35.0,0.0
2008,R64,Texas A&M,BYU,Texas A&M,1.0,4.379999999999999,6.13,-0.07700000000000007,-35.0,1.0
2008,R64,Drake,Western Kentucky,Western Kentucky,-7.0,4.74,3.91,0.041999999999999926,8.0,0.0
2008,R64,Western Kentucky,Drake,Western Kentucky,7.0,-4.74,-3.91,-0.041999999999999926,-8.0,1.0
2008,R64,UConn,San Diego,San Diego,-9.0,12.149999999999999,5.31,0.11599999999999999,221.0,0.0
2008,R64,San Diego,UConn,San Diego,9.0,-12.149999999999999,-5.31,-0.11599999999999999,-221.0,1.0
2008,R64,Purdue,Baylor,Purdue,-5.0,1.6399999999999988,0.15000000000000036,0.07899999999999996,40.0,1.0
2008,R64,Baylor,Purdue,Purdue,5.0,-1.6399999999999988,-0.15000000000000036,-0.07899999999999996,-40.0,0.0
2008,R64,Xavier,Georgia,Xavier,-11.0,9.930000000000001,-1.5600000000000005,0.31100000000000005,409.0,1.0
2008,R64,Georgia,Xavier,Xavier,11.0,-9.930000000000001,1.5600000000000005,-0.31100000000000005,-409.0,0.0
2008,R64,West Virginia,Arizona,West Virginia,-3.0,3.419999999999998,-3.0600000000000005,0.1439999999999999,250.0,1.0
2008,R64,Arizona,West Virginia,West Virginia,3.0,-3.419999999999998,3.0600000000000005,-0.1439999999999999,-250.0,0.0
2008,R64,Duke,Belmont,Duke,-13.0,21.64,12.719999999999999,0.08899999999999997,252.0,1.0
2008,R64,Belmont,Duke,Duke,13.0,-21.64,-12.719999999999999,-0.08899999999999997,-252.0,0.0
2008,R32,UCLA,Texas A&M,UCLA,-8.0,5.510000000000002,0.25,0.20300000000000007,235.0,1.0
2008,R32,Texas A&M,UCLA,UCLA,8.0,-5.510000000000002,-0.25,-0.20300000000000007,-235.0,0.0
2008,R32,Western Kentucky,San Diego,Western Kentucky,-1.0,5.949999999999999,-1.21,0.19500000000000006,313.0,1.0
2008,R32,San Diego,Western Kentucky,Western Kentucky,1.0,-5.949999999999999,1.21,-0.19500000000000006,-313.0,0.0
2008,R32,Purdue,Xavier,Xavier,3.0,-4.070000000000002,0.4300000000000006,-0.07600000000000007,-188.0,0.0
2008,R32,Xavier,Purdue,Xavier,-3.0,4.070000000000002,-0.4300000000000006,0.07600000000000007,188.0,1.0
2008,R32,West Virginia,Duke,West Virginia,5.0,-3.5500000000000007,-2.119999999999999,-0.121,-52.0,1.0
2008,R32,Duke,West Virginia,West Virginia,-5.0,3.5500000000000007,2.119999999999999,0.121,52.0,0.0
2008,S16,UCLA,Western Kentucky,UCLA,-11.0,12.370000000000001,7.47,0.09099999999999997,185.0,1.0
2008,S16,Western Kentucky,UCLA,UCLA,11.0,-12.370000000000001,-7.47,-0.09099999999999997,-185.0,0.0
2008,S16,Xavier,West Virginia,Xavier,-4.0,-0.7999999999999972,-1.6900000000000004,0.1080000000000001,16.0,1.0
2008,S16,West Virginia,Xavier,Xavier,4.0,0.7999999999999972,1.6900000000000004,-0.1080000000000001,-16.0,0.0
2008,E8,UCLA,Xavier,UCLA,-2.0,4.539999999999999,2.24,0.08599999999999997,134.0,1.0
2008,E8,Xavier,UCLA,UCLA,2.0,-4.539999999999999,-2.24,-0.08599999999999997,-134.0,0.0
2008,F4,UNC,Kansas,Kansas,0.0,-29.45,-12.61,-0.2280000000000001,-600.0,0.0
2008,F4,Kansas,UNC,Kansas,-0.0,29.45,12.61,0.2280000000000001,600.0,1.0
2008,F4,Memphis,UCLA,Memphis,0.0,2.0199999999999996,-1.9500000000000002,0.052999999999999936,152.0,1.0
2008,F4,UCLA,Memphis,Memphis,-0.0,-2.0199999999999996,1.9500000000000002,-0.052999999999999936,-152.0,0.0
2008,NCG,Kansas,Memphis,Kansas,0.0,3.169999999999998,2.4399999999999995,-0.02499999999999991,42.0,1.0
2008,NCG,Memphis,Kansas,Kansas,-0.0,-3.169999999999998,-2.4399999999999995,0.02499999999999991,-42.0,0.0
2009,R64,Pitt,ETSU,Pitt,-15.0,32.0,13.079999999999998,0.46099999999999997,635.0,1.0
2009,R64,ETSU,Pitt,Pitt,15.0,-32.0,-13.079999999999998,-0.46099999999999997,-635.0,0.0
2009,R64,Oklahoma State,Tennessee,Oklahoma State,-1.0,0.17999999999999972,-0.2699999999999996,0.039000000000000035,22.0,1.0
2009,R64,Tennessee,Oklahoma State,Oklahoma State,1.0,-0.17999999999999972,0.2699999999999996,-0.039000000000000035,-22.0,0.0
2009,R64,Florida State,Wisconsin,Wisconsin,-7.0,-1.0600000000000005,-0.5199999999999996,0.10799999999999998,-37.0,0.0
2009,R64,Wisconsin,Florida State,Wisconsin,7.0,1.0600000000000005,0.5199999999999996,-0.10799999999999998,37.0,1.0
2009,R64,Xavier,Portland State,Xavier,-9.0,13.309999999999999,7.8100000000000005,0.07400000000000007,188.0,1.0
2009,R64,Portland State,Xavier,Xavier,9.0,-13.309999999999999,-7.8100000000000005,-0.07400000000000007,-188.0,0.0
2009,R64,UCLA,VCU,UCLA,-5.0,10.940000000000001,7.840000000000001,0.03700000000000003,117.0,1.0
2009,R64,VCU,UCLA,UCLA,5.0,-10.940000000000001,-7.840000000000001,-0.03700000000000003,-117.0,0.0
2009,R64,Villanova,American,Villanova,-11.0,17.5,14.21,0.039000000000000035,185.0,1.0
2009,R64,American,Villanova,Villanova,11.0,-17.5,-14.21,-0.039000000000000035,-185.0,0.0
2009,R64,Texas,Minnesota,Texas,-3.0,3.51,0.8999999999999995,-0.010000000000000009,79.0,1.0
2009,R64,Minnesota,Texas,Texas,3.0,-3.51,-0.8999999999999995,0.010000000000000009,-79.0,0.0
2009,R64,Duke,Binghamton,Duke,-13.0,23.37,14.690000000000001,0.09200000000000008,345.0,1.0
2009,R64,Binghamton,Duke,Duke,13.0,-23.37,-14.690000000000001,-0.09200000000000008,-345.0,0.0
2009,R32,Pitt,Oklahoma State,Pitt,-7.0,7.4300000000000015,1.169999999999999,0.20399999999999996,245.0,1.0
2009,R32,Oklahoma State,Pitt,Pitt,7.0,-7.4300000000000015,-1.169999999999999,-0.20399999999999996,-245.0,0.0
2009,R32,Wisconsin,Xavier,Xavier,8.0,-2.0199999999999996,3.7799999999999994,-0.16500000000000004,-185.0,0.0
2009,R32,Xavier,Wisconsin,Xavier,-8.0,2.0199999999999996,-3.7799999999999994,0.16500000000000004,185.0,1.0
2009,R32,UCLA,Villanova,Villanova,3.0,1.1900000000000013,-1.5300000000000002,-0.04600000000000004,42.0,0.0
2009,R32,Villanova,UCLA,Villanova,-3.0,-1.1900000000000013,1.5300000000000002,0.04600000000000004,-42.0,1.0
2009,R32,Texas,Duke,Duke,5.0,-5.270000000000001,-0.9800000000000004,-0.15400000000000003,-192.0,0.0
2009,R32,Duke,Texas,Duke,-5.0,5.270000000000001,0.9800000000000004,0.15400000000000003,192.0,1.0
2009,S16,Pitt,Xavier,Pitt,-3.0,6.760000000000002,3.959999999999999,0.08999999999999997,124.0,1.0
2009,S16,Xavier,Pitt,Pitt,3.0,-6.760000000000002,-3.959999999999999,-0.08999999999999997,-124.0,0.0
2009,S16,Villanova,Duke,Villanova,1.0,-2.650000000000002,-0.34999999999999964,-0.02200000000000002,-69.0,1.0
2009,S16,Duke,Villanova,Villanova,-1.0,2.650000000000002,0.34999999999999964,0.02200000000000002,69.0,0.0
2009,E8,Pitt,Villanova,Villanova,-2.0,3.7600000000000016,-0.11000000000000121,0.07199999999999995,108.0,0.0
2009,E8,Villanova,Pitt,Villanova,2.0,-3.7600000000000016,0.11000000000000121,-0.07199999999999995,-108.0,1.0
2009,R64,Louisville,Morehead State,Louisville,-15.0,24.01,12.02,0.2819999999999999,361.0,1.0
2009,R64,Morehead State,Louisville,Louisville,15.0,-24.01,-12.02,-0.2819999999999999,-361.0,0.0
2009,R64,Ohio State,Siena,Siena,-1.0,4.43,7.24,-0.10399999999999998,-87.0,0.0
2009,R64,Siena,Ohio State,Siena,1.0,-4.43,-7.24,0.10399999999999998,87.0,1.0
2009,R64,Utah,Arizona,Arizona,-7.0,0.7099999999999991,-3.080000000000001,0.10599999999999998,118.0,0.0
2009,R64,Arizona,Utah,Arizona,7.0,-0.7099999999999991,3.080000000000001,-0.10599999999999998,-118.0,1.0
2009,R64,Wake Forest,Cleveland State,Cleveland State,-9.0,8.66,5.24,0.07100000000000006,65.0,0.0
2009,R64,Cleveland State,Wake Forest,Cleveland State,9.0,-8.66,-5.24,-0.07100000000000006,-65.0,1.0
2009,R64,West Virginia,Dayton,Dayton,-5.0,11.41,6.58,-0.11399999999999999,169.0,0.0
2009,R64,Dayton,West Virginia,Dayton,5.0,-11.41,-6.58,0.11399999999999999,-169.0,1.0
2009,R64,Kansas,North Dakota State,Kansas,-11.0,11.84,10.620000000000001,-0.017000000000000015,4.0,1.0
2009,R64,North Dakota State,Kansas,Kansas,11.0,-11.84,-10.620000000000001,0.017000000000000015,-4.0,0.0
2009,R64,Boston College,USC,USC,-3.0,-3.7300000000000004,-1.92,0.018000000000000016,-42.0,0.0
2009,R64,USC,Boston College,USC,3.0,3.7300000000000004,1.92,-0.018000000000000016,42.0,1.0
2009,R64,Michigan State,Robert Morris,Michigan State,-13.0,18.41,14.6,0.1299999999999999,138.0,1.0
2009,R64,Robert Morris,Michigan State,Michigan State,13.0,-18.41,-14.6,-0.1299999999999999,-138.0,0.0
2009,R32,Louisville,Siena,Louisville,-8.0,12.82,7.42,0.06699999999999995,214.0,1.0
2009,R32,Siena,Louisville,Louisville,8.0,-12.82,-7.42,-0.06699999999999995,-214.0,0.0
2009,R32,Arizona,Cleveland State,Arizona,-1.0,4.910000000000001,6.680000000000001,-0.10299999999999998,-144.0,1.0
2009,R32,Cleveland State,Arizona,Arizona,1.0,-4.910000000000001,-6.680000000000001,0.10299999999999998,144.0,0.0
2009,R32,Dayton,Kansas,Kansas,8.0,-10.86,-6.140000000000001,0.0,-195.0,0.0
2009,R32,Kansas,Dayton,Kansas,-8.0,10.86,6.140000000000001,-0.0,195.0,1.0
2009,R32,USC,Michigan State,Michigan State,8.0,-3.620000000000001,-0.21999999999999886,-0.18699999999999994,-144.0,0.0
2009,R32,Michigan State,USC,Michigan State,-8.0,3.620000000000001,0.21999999999999886,0.18699999999999994,144.0,1.0
2009,S16,Louisville,Arizona,Louisville,-11.0,8.99,-0.39000000000000057,0.238,353.0,1.0
2009,S16,Arizona,Louisville,Louisville,11.0,-8.99,0.39000000000000057,-0.238,-353.0,0.0
2009,S16,Kansas,Michigan State,Michigan State,1.0,0.3099999999999987,-1.4699999999999989,-0.04499999999999993,67.0,0.0
2009,S16,Michigan State,Kansas,Michigan State,-1.0,-0.3099999999999987,1.4699999999999989,0.04499999999999993,-67.0,1.0
2009,E8,Louisville,Michigan State,Michigan State,-1.0,3.16,-0.9599999999999991,0.02200000000000002,144.0,0.0
2009,E8,Michigan State,Louisville,Michigan State,1.0,-3.16,0.9599999999999991,-0.02200000000000002,-144.0,1.0
2009,R64,UNC,Radford,UNC,-15.0,-6.79,0.17999999999999972,-0.15200000000000002,-268.0,1.0
2009,R64,Radford,UNC,UNC,15.0,6.79,-0.17999999999999972,0.15200000000000002,268.0,0.0
2009,R64,LSU,Butler,LSU,-1.0,1.799999999999999,1.2000000000000002,-0.041999999999999926,-13.0,1.0
2009,R64,Butler,LSU,LSU,1.0,-1.799999999999999,-1.2000000000000002,0.041999999999999926,13.0,0.0
2009,R64,Illinois,Western Kentucky,Western Kentucky,-7.0,10.700000000000001,7.960000000000001,-0.029000000000000026,84.0,0.0
2009,R64,Western Kentucky,Illinois,Western Kentucky,7.0,-10.700000000000001,-7.960000000000001,0.029000000000000026,-84.0,1.0
2009,R64,Gonzaga,Akron,Gonzaga,-9.0,14.579999999999998,5.56,0.18499999999999994,310.0,1.0
2009,R64,Akron,Gonzaga,Gonzaga,9.0,-14.579999999999998,-5.56,-0.18499999999999994,-310.0,0.0
2009,R64,Arizona State,Temple,Arizona State,-5.0,7.649999999999999,3.9200000000000004,0.06699999999999995,136.0,1.0
2009,R64,Temple,Arizona State,Arizona State,5.0,-7.649999999999999,-3.9200000000000004,-0.06699999999999995,-136.0,0.0
2009,R64,Syracuse,Stephen F. Austin,Syracuse,-11.0,16.139999999999997,12.690000000000001,-0.013000000000000012,17.0,1.0
2009,R64,Stephen F. Austin,Syracuse,Syracuse,11.0,-16.139999999999997,-12.690000000000001,0.013000000000000012,-17.0,0.0
2009,R64,Clemson,Michigan,Michigan,-3.0,3.66,-3.1500000000000004,0.119,202.0,0.0
2009,R64,Michigan,Clemson,Michigan,3.0,-3.66,3.1500000000000004,-0.119,-202.0,1.0
2009,R64,Oklahoma,Morgan State,Oklahoma,-13.0,20.36,13.41,0.17599999999999993,252.0,1.0
2009,R64,Morgan State,Oklahoma,Oklahoma,13.0,-20.36,-13.41,-0.17599999999999993,-252.0,0.0
2009,R32,UNC,LSU,UNC,-7.0,-23.21,-7.460000000000001,-0.28700000000000003,-450.0,1.0
2009,R32,LSU,UNC,UNC,7.0,23.21,7.460000000000001,0.28700000000000003,450.0,0.0
2009,R32,Western Kentucky,Gonzaga,Gonzaga,8.0,-14.27,-4.779999999999999,-0.08899999999999997,-366.0,0.0
2009,R32,Gonzaga,Western Kentucky,Gonzaga,-8.0,14.27,4.779999999999999,0.08899999999999997,366.0,1.0
2009,R32,Arizona State,Syracuse,Syracuse,3.0,-0.5399999999999991,-1.6600000000000001,-0.02300000000000002,-10.0,0.0
2009,R32,Syracuse,Arizona State,Syracuse,-3.0,0.5399999999999991,1.6600000000000001,0.02300000000000002,10.0,1.0
2009,R32,Michigan,Oklahoma,Oklahoma,8.0,-6.17,2.8600000000000003,-0.23299999999999998,-275.0,0.0
2009,R32,Oklahoma,Michigan,Oklahoma,-8.0,6.17,-2.8600000000000003,0.23299999999999998,275.0,1.0
2009,S16,UNC,Gonzaga,UNC,-3.0,-29.29,-7.74,-0.33999999999999997,-691.0,1.0
2009,S16,Gonzaga,UNC,UNC,3.0,29.29,7.74,0.33999999999999997,691.0,0.0
2009,S16,Syracuse,Oklahoma,Oklahoma,1.0,-0.8300000000000018,2.6000000000000005,-0.09599999999999997,-82.0,0.0
2009,S16,Oklahoma,Syracuse,Oklahoma,-1.0,0.8300000000000018,-2.6000000000000005,0.09599999999999997,82.0,1.0
2009,E8,UNC,Oklahoma,UNC,-1.0,-29.41,-11.07,-0.349,-552.0,1.0
2009,E8,Oklahoma,UNC,UNC,1.0,29.41,11.07,0.349,552.0,0.0
2009,R64,UConn,Chattanooga,UConn,-15.0,28.42,11.7,0.347,536.0,1.0
2009,R64,Chattanooga,UConn,UConn,15.0,-28.42,-11.7,-0.347,-536.0,0.0
2009,R64,BYU,Texas A&M,Texas A&M,-1.0,4.6,-1.9799999999999995,0.052000000000000046,235.0,0.0
2009,R64,Texas A&M,BYU,Texas A&M,1.0,-4.6,1.9799999999999995,-0.052000000000000046,-235.0,1.0
2009,R64,Purdue,Northern Iowa,Purdue,-7.0,10.810000000000002,4.93,0.05399999999999994,211.0,1.0
2009,R64,Northern Iowa,Purdue,Purdue,7.0,-10.810000000000002,-4.93,-0.05399999999999994,-211.0,0.0
2009,R64,Washington,Mississippi State,Washington,-9.0,7.6800000000000015,3.5699999999999994,0.10399999999999998,121.0,1.0
2009,R64,Mississippi State,Washington,Washington,9.0,-7.6800000000000015,-3.5699999999999994,-0.10399999999999998,-121.0,0.0
2009,R64,Marquette,Utah State,Marquette,-5.0,5.73,7.8,-0.14300000000000002,-58.0,1.0
2009,R64,Utah State,Marquette,Marquette,5.0,-5.73,-7.8,0.14300000000000002,58.0,0.0
2009,R64,Missouri,Cornell,Missouri,-11.0,16.849999999999998,10.73,0.1389999999999999,251.0,1.0
2009,R64,Cornell,Missouri,Missouri,11.0,-16.849999999999998,-10.73,-0.1389999999999999,-251.0,0.0
2009,R64,California,Maryland,Maryland,-3.0,2.200000000000001,-1.7800000000000002,0.06700000000000006,108.0,0.0
2009,R64,Maryland,California,Maryland,3.0,-2.200000000000001,1.7800000000000002,-0.06700000000000006,-108.0,1.0
2009,R64,Memphis,Cal State Northridge,Memphis,-13.0,18.270000000000003,4.77,0.344,499.0,1.0
2009,R64,Cal State Northridge,Memphis,Memphis,13.0,-18.270000000000003,-4.77,-0.344,-499.0,0.0
2009,R32,UConn,Texas A&M,UConn,-8.0,11.650000000000002,2.4400000000000004,0.15500000000000003,347.0,1.0
2009,R32,Texas A&M,UConn,UConn,8.0,-11.650000000000002,-2.4400000000000004,-0.15500000000000003,-347.0,0.0
2009,R32,Purdue,Washington,Purdue,1.0,-0.33999999999999986,-1.0199999999999996,-0.013000000000000012,24.0,1.0
2009,R32,Washington,Purdue,Purdue,-1.0,0.33999999999999986,1.0199999999999996,0.013000000000000012,-24.0,0.0
2009,R32,Marquette,Missouri,Missouri,3.0,-4.499999999999998,1.1500000000000004,-0.10199999999999998,-218.0,0.0
2009,R32,Missouri,Marquette,Missouri,-3.0,4.499999999999998,-1.1500000000000004,0.10199999999999998,218.0,1.0
2009,R32,Maryland,Memphis,Memphis,8.0,-9.820000000000002,4.36,-0.29200000000000004,-510.0,0.0
2009,R32,Memphis,Maryland,Memphis,-8.0,9.820000000000002,-4.36,0.29200000000000004,510.0,1.0
2009,S16,UConn,Purdue,UConn,-4.0,5.73,1.4000000000000004,0.131,163.0,1.0
2009,S16,Purdue,UConn,UConn,4.0,-5.73,-1.4000000000000004,-0.131,-163.0,0.0
2009,S16,Missouri,Memphis,Missouri,1.0,-1.360000000000003,2.09,-0.07600000000000007,-78.0,1.0
2009,S16,Memphis,Missouri,Missouri,-1.0,1.360000000000003,-2.09,0.07600000000000007,78.0,0.0
2009,E8,UConn,Missouri,UConn,-2.0,2.610000000000003,1.8500000000000005,0.04500000000000004,-19.0,1.0
2009,E8,Missouri,UConn,UConn,2.0,-2.610000000000003,-1.8500000000000005,-0.04500000000000004,19.0,0.0
2009,F4,Villanova,UNC,UNC,2.0,28.79,12.91,0.30500000000000005,508.0,0.0
2009,F4,UNC,Villanova,UNC,-2.0,-28.79,-12.91,-0.30500000000000005,-508.0,1.0
2009,F4,Michigan State,UConn,Michigan State,1.0,-4.460000000000001,0.7999999999999989,-0.04500000000000004,-189.0,1.0
2009,F4,UConn,Michigan State,Michigan State,-1.0,4.460000000000001,-0.7999999999999989,0.04500000000000004,189.0,0.0
2009,NCG,UNC,Michigan State,UNC,-1.0,-29.05,-13.559999999999999,-0.33199999999999996,-466.0,1.0
2009,NCG,Michigan State,UNC,UNC,1.0,29.05,13.559999999999999,0.33199999999999996,466.0,0.0
2010,R64,Kentucky,ETSU,Kentucky,-15.0,30.7,9.51,0.64,764.0,1.0
2010,R64,ETSU,Kentucky,Kentucky,15.0,-30.7,-9.51,-0.64,-764.0,0.0
2010,R64,Texas,Wake Forest,Wake Forest,-1.0,7.109999999999999,-1.4699999999999998,0.06099999999999994,278.0,0.0
2010,R64,Wake Forest,Texas,Wake Forest,1.0,-7.109999999999999,1.4699999999999998,-0.06099999999999994,-278.0,1.0
2010,R64,Temple,Cornell,Cornell,-7.0,3.6799999999999997,5.18,-0.02400000000000002,-118.0,0.0
2010,R64,Cornell,Temple,Cornell,7.0,-3.6799999999999997,-5.18,0.02400000000000002,118.0,1.0
2010,R64,Wisconsin,Wofford,Wisconsin,-9.0,13.41,10.23,-0.016000000000000014,62.0,1.0
2010,R64,Wofford,Wisconsin,Wisconsin,9.0,-13.41,-10.23,0.016000000000000014,-62.0,0.0
2010,R64,Marquette,Washington,Washington,-5.0,-0.47000000000000064,0.7400000000000002,-0.07499999999999996,-45.0,0.0
2010,R64,Washington,Marquette,Washington,5.0,0.47000000000000064,-0.7400000000000002,0.07499999999999996,45.0,1.0
2010,R64,New Mexico,Montana,New Mexico,-11.0,8.56,6.1899999999999995,0.16900000000000004,35.0,1.0
2010,R64,Montana,New Mexico,New Mexico,11.0,-8.56,-6.1899999999999995,-0.16900000000000004,-35.0,0.0
2010,R64,Clemson,Missouri,Missouri,-3.0,-1.6799999999999997,1.54,-0.020000000000000018,-90.0,0.0
2010,R64,Missouri,Clemson,Missouri,3.0,1.6799999999999997,-1.54,0.020000000000000018,90.0,1.0
2010,R64,West Virginia,Morgan State,West Virginia,-13.0,20.34,16.41,0.08599999999999997,131.0,1.0
2010,R64,Morgan State,West Virginia,West Virginia,13.0,-20.34,-16.41,-0.08599999999999997,-131.0,0.0
2010,R32,Kentucky,Wake Forest,Kentucky,-8.0,9.68,-2.0299999999999994,0.276,442.0,1.0
2010,R32,Wake Forest,Kentucky,Kentucky,8.0,-9.68,2.0299999999999994,-0.276,-442.0,0.0
2010,R32,Cornell,Wisconsin,Cornell,8.0,-9.08,-8.57,0.126,68.0,1.0
2010,R32,Wisconsin,Cornell,Cornell,-8.0,9.08,8.57,-0.126,-68.0,0.0
2010,R32,Washington,New Mexico,Washington,8.0,3.1500000000000004,3.6500000000000004,-0.135,29.0,1.0
2010,R32,New Mexico,Washington,Washington,-8.0,-3.1500000000000004,-3.6500000000000004,0.135,-29.0,0.0
2010,R32,Missouri,West Virginia,West Virginia,8.0,-1.7699999999999996,-3.8999999999999995,-0.1399999999999999,37.0,0.0
2010,R32,West Virginia,Missouri,West Virginia,-8.0,1.7699999999999996,3.8999999999999995,0.1399999999999999,-37.0,1.0
2010,S16,Kentucky,Cornell,Kentucky,-11.0,12.37,7.73,0.06800000000000006,140.0,1.0
2010,S16,Cornell,Kentucky,Kentucky,11.0,-12.37,-7.73,-0.06800000000000006,-140.0,0.0
2010,S16,Washington,West Virginia,West Virginia,9.0,-3.5199999999999996,-2.7699999999999996,-0.09399999999999997,-6.0,0.0
2010,S16,West Virginia,Washington,West Virginia,-9.0,3.5199999999999996,2.7699999999999996,0.09399999999999997,6.0,1.0
2010,E8,Kentucky,West Virginia,West Virginia,-1.0,1.9699999999999989,-3.4399999999999995,0.1050000000000001,206.0,0.0
2010,E8,West Virginia,Kentucky,West Virginia,1.0,-1.9699999999999989,3.4399999999999995,-0.1050000000000001,-206.0,1.0
2010,R64,Kansas,Lehigh,Kansas,-15.0,28.009999999999998,16.04,0.25,478.0,1.0
2010,R64,Lehigh,Kansas,Kansas,15.0,-28.009999999999998,-16.04,-0.25,-478.0,0.0
2010,R64,UNLV,Northern Iowa,Northern Iowa,-1.0,0.5400000000000009,0.5500000000000007,-0.122,30.0,0.0
2010,R64,Northern Iowa,UNLV,Northern Iowa,1.0,-0.5400000000000009,-0.5500000000000007,0.122,-30.0,1.0
2010,R64,Michigan State,New Mexico State,Michigan State,-7.0,13.27,6.51,0.10999999999999999,274.0,1.0
2010,R64,New Mexico State,Michigan State,Michigan State,7.0,-13.27,-6.51,-0.10999999999999999,-274.0,0.0
2010,R64,Maryland,Houston,Maryland,-9.0,11.01,4.470000000000001,0.18399999999999994,248.0,1.0
2010,R64,Houston,Maryland,Maryland,9.0,-11.01,-4.470000000000001,-0.18399999999999994,-248.0,0.0
2010,R64,Tennessee,San Diego State,Tennessee,-5.0,4.710000000000001,3.54,0.02200000000000002,19.0,1.0
2010,R64,San Diego State,Tennessee,Tennessee,5.0,-4.710000000000001,-3.54,-0.02200000000000002,-19.0,0.0
2010,R64,Georgetown,Ohio,Ohio,-11.0,12.470000000000002,9.59,0.08100000000000007,60.0,0.0
2010,R64,Ohio,Georgetown,Ohio,11.0,-12.470000000000002,-9.59,-0.08100000000000007,-60.0,1.0
2010,R64,Oklahoma State,Georgia Tech,Georgia Tech,-3.0,-1.7699999999999996,-2.05,0.028000000000000025,-62.0,0.0
2010,R64,Georgia Tech,Oklahoma State,Georgia Tech,3.0,1.7699999999999996,2.05,-0.028000000000000025,62.0,1.0
2010,R64,Ohio State,UC Santa Barbara,Ohio State,-13.0,19.619999999999997,8.46,0.11699999999999999,410.0,1.0
2010,R64,UC Santa Barbara,Ohio State,Ohio State,13.0,-19.619999999999997,-8.46,-0.11699999999999999,-410.0,0.0
2010,R32,Kansas,Northern Iowa,Northern Iowa,-8.0,12.65,3.9800000000000004,0.06000000000000005,338.0,0.0
2010,R32,Northern Iowa,Kansas,Northern Iowa,8.0,-12.65,-3.9800000000000004,-0.06000000000000005,-338.0,1.0
2010,R32,Michigan State,Maryland,Michigan State,1.0,-2.42,0.21999999999999975,0.030000000000000027,-78.0,1.0
2010,R32,Maryland,Michigan State,Michigan State,-1.0,2.42,-0.21999999999999975,-0.030000000000000027,78.0,0.0
2010,R32,Tennessee,Ohio,Tennessee,-8.0,11.490000000000002,7.78,0.16200000000000003,113.0,1.0
2010,R32,Ohio,Tennessee,Tennessee,8.0,-11.490000000000002,-7.78,-0.16200000000000003,-113.0,0.0
2010,R32,Georgia Tech,Ohio State,Ohio State,8.0,-5.379999999999999,1.6499999999999995,-0.14500000000000002,-210.0,0.0
2010,R32,Ohio State,Georgia Tech,Ohio State,-8.0,5.379999999999999,-1.6499999999999995,0.14500000000000002,210.0,1.0
2010,S16,Northern Iowa,Michigan State,Michigan State,4.0,-3.3000000000000007,-3.9000000000000004,0.09999999999999998,-10.0,0.0
2010,S16,Michigan State,Northern Iowa,Michigan State,-4.0,3.3000000000000007,3.9000000000000004,-0.09999999999999998,10.0,1.0
2010,S16,Tennessee,Ohio State,Tennessee,4.0,-3.4399999999999977,0.3799999999999999,-0.027000000000000024,-159.0,1.0
2010,S16,Ohio State,Tennessee,Tennessee,-4.0,3.4399999999999977,-0.3799999999999999,0.027000000000000024,159.0,0.0
2010,E8,Michigan State,Tennessee,Michigan State,-1.0,-0.7200000000000006,0.41999999999999993,0.0,-10.0,1.0
2010,E8,Tennessee,Michigan State,Michigan State,1.0,0.7200000000000006,-0.41999999999999993,-0.0,10.0,0.0
2010,R64,Duke,Arkansas-Pine Bluff,Duke,-15.0,33.5,16.89,0.346,659.0,1.0
2010,R64,Arkansas-Pine Bluff,Duke,Duke,15.0,-33.5,-16.89,-0.346,-659.0,0.0
2010,R64,California,Louisville,California,-1.0,3.209999999999999,0.2699999999999996,0.08000000000000007,115.0,1.0
2010,R64,Louisville,California,California,1.0,-3.209999999999999,-0.2699999999999996,-0.08000000000000007,-115.0,0.0
2010,R64,Texas A&M,Utah State,Texas A&M,-7.0,1.620000000000001,8.57,-0.06500000000000006,-228.0,1.0
2010,R64,Utah State,Texas A&M,Texas A&M,7.0,-1.620000000000001,-8.57,0.06500000000000006,228.0,0.0
2010,R64,Purdue,Siena,Purdue,-9.0,9.04,9.98,0.03499999999999992,-5.0,1.0
2010,R64,Siena,Purdue,Purdue,9.0,-9.04,-9.98,-0.03499999999999992,5.0,0.0
2010,R64,Notre Dame,Old Dominion,Old Dominion,-5.0,1.75,4.4399999999999995,-0.09299999999999997,-104.0,0.0
2010,R64,Old Dominion,Notre Dame,Old Dominion,5.0,-1.75,-4.4399999999999995,0.09299999999999997,104.0,1.0
2010,R64,Baylor,Sam Houston,Baylor,-11.0,14.259999999999998,11.399999999999999,0.020000000000000018,77.0,1.0
2010,R64,Sam Houston,Baylor,Baylor,11.0,-14.259999999999998,-11.399999999999999,-0.020000000000000018,-77.0,0.0
2010,R64,Richmond,Saint Mary's,Saint Mary's,-3.0,-3.3500000000000014,1.23,-0.08099999999999996,-179.0,0.0
2010,R64,Saint Mary's,Richmond,Saint Mary's,3.0,3.3500000000000014,-1.23,0.08099999999999996,179.0,1.0
2010,R64,Villanova,Robert Morris,Villanova,-13.0,20.43,13.9,0.10099999999999998,203.0,1.0
2010,R64,Robert Morris,Villanova,Villanova,13.0,-20.43,-13.9,-0.10099999999999998,-203.0,0.0
2010,R32,Duke,California,Duke,-7.0,7.920000000000002,0.9500000000000011,0.18899999999999995,322.0,1.0
2010,R32,California,Duke,Duke,7.0,-7.920000000000002,-0.9500000000000011,-0.18899999999999995,-322.0,0.0
2010,R32,Texas A&M,Purdue,Purdue,1.0,-2.2799999999999994,0.9900000000000002,-0.123,-89.0,0.0
2010,R32,Purdue,Texas A&M,Purdue,-1.0,2.2799999999999994,-0.9900000000000002,0.123,89.0,1.0
2010,R32,Old Dominion,Baylor,Baylor,8.0,-6.579999999999998,-6.249999999999999,-0.028000000000000025,-63.0,0.0
2010,R32,Baylor,Old Dominion,Baylor,-8.0,6.579999999999998,6.249999999999999,0.028000000000000025,63.0,1.0
2010,R32,Saint Mary's,Villanova,Saint Mary's,8.0,-3.339999999999998,-5.55,0.06599999999999995,114.0,1.0
2010,R32,Villanova,Saint Mary's,Saint Mary's,-8.0,3.339999999999998,5.55,-0.06599999999999995,-114.0,0.0
2010,S16,Duke,Purdue,Duke,-3.0,7.690000000000001,0.40000000000000036,0.04600000000000004,315.0,1.0
2010,S16,Purdue,Duke,Duke,3.0,-7.690000000000001,-0.40000000000000036,-0.04600000000000004,-315.0,0.0
2010,S16,Baylor,Saint Mary's,Baylor,-7.0,4.589999999999998,5.829999999999999,-0.04599999999999993,-1.0,1.0
2010,S16,Saint Mary's,Baylor,Baylor,7.0,-4.589999999999998,-5.829999999999999,0.04599999999999993,1.0,0.0
2010,E8,Duke,Baylor,Duke,-2.0,7.240000000000002,1.1800000000000015,0.09699999999999998,229.0,1.0
2010,E8,Baylor,Duke,Duke,2.0,-7.240000000000002,-1.1800000000000015,-0.09699999999999998,-229.0,0.0
2010,R64,Syracuse,Vermont,Syracuse,-15.0,22.98,13.9,0.14300000000000002,318.0,1.0
2010,R64,Vermont,Syracuse,Syracuse,15.0,-22.98,-13.9,-0.14300000000000002,-318.0,0.0
2010,R64,Gonzaga,Florida State,Gonzaga,-1.0,-2.530000000000001,-2.96,0.1060000000000001,72.0,1.0
2010,R64,Florida State,Gonzaga,Gonzaga,1.0,2.530000000000001,2.96,-0.1060000000000001,-72.0,0.0
2010,R64,Butler,UTEP,Butler,-7.0,1.709999999999999,3.12,0.07999999999999996,0.0,1.0
2010,R64,UTEP,Butler,Butler,7.0,-1.709999999999999,-3.12,-0.07999999999999996,-0.0,0.0
2010,R64,Vanderbilt,Murray State,Murray State,-9.0,6.550000000000001,11.75,-0.134,-315.0,0.0
2010,R64,Murray State,Vanderbilt,Murray State,9.0,-6.550000000000001,-11.75,0.134,315.0,1.0
2010,R64,Xavier,Minnesota,Xavier,-5.0,0.5899999999999999,-1.38,0.14300000000000002,69.0,1.0
2010,R64,Minnesota,Xavier,Xavier,5.0,-0.5899999999999999,1.38,-0.14300000000000002,-69.0,0.0
2010,R64,Pitt,Oakland,Pitt,-11.0,14.940000000000001,10.35,-0.008000000000000007,63.0,1.0
2010,R64,Oakland,Pitt,Pitt,11.0,-14.940000000000001,-10.35,0.008000000000000007,-63.0,0.0
2010,R64,BYU,Florida,BYU,-3.0,6.93,-4.16,0.21499999999999997,403.0,1.0
2010,R64,Florida,BYU,BYU,3.0,-6.93,4.16,-0.21499999999999997,-403.0,0.0
2010,R64,Kansas State,North Texas,Kansas State,-13.0,22.369999999999997,15.0,0.05700000000000005,231.0,1.0
2010,R64,North Texas,Kansas State,Kansas State,13.0,-22.369999999999997,-15.0,-0.05700000000000005,-231.0,0.0
2010,R32,Syracuse,Gonzaga,Syracuse,-7.0,9.61,3.38,0.06299999999999994,185.0,1.0
2010,R32,Gonzaga,Syracuse,Syracuse,7.0,-9.61,-3.38,-0.06299999999999994,-185.0,0.0
2010,R32,Butler,Murray State,Butler,-8.0,5.68,8.97,0.007000000000000006,-225.0,1.0
2010,R32,Murray State,Butler,Butler,8.0,-5.68,-8.97,-0.007000000000000006,225.0,0.0
2010,R32,Xavier,Pitt,Xavier,3.0,1.9299999999999997,-1.4499999999999993,0.008000000000000007,125.0,1.0
2010,R32,Pitt,Xavier,Xavier,-3.0,-1.9299999999999997,1.4499999999999993,-0.008000000000000007,-125.0,0.0
2010,R32,BYU,Kansas State,Kansas State,5.0,-1.0599999999999987,-7.279999999999999,0.04899999999999993,235.0,0.0
2010,R32,Kansas State,BYU,Kansas State,-5.0,1.0599999999999987,7.279999999999999,-0.04899999999999993,-235.0,1.0
2010,S16,Syracuse,Butler,Butler,-4.0,7.35,2.13,-0.01100000000000001,155.0,0.0
2010,S16,Butler,Syracuse,Butler,4.0,-7.35,-2.13,0.01100000000000001,-155.0,1.0
2010,S16,Xavier,Kansas State,Kansas State,4.0,-3.6499999999999986,-4.339999999999999,-0.041000000000000036,-5.0,0.0
2010,S16,Kansas State,Xavier,Kansas State,-4.0,3.6499999999999986,4.339999999999999,0.041000000000000036,5.0,1.0
2010,E8,Butler,Kansas State,Butler,3.0,-5.51,-5.199999999999999,0.08399999999999996,-12.0,1.0
2010,E8,Kansas State,Butler,Butler,-3.0,5.51,5.199999999999999,-0.08399999999999996,12.0,0.0
2010,F4,West Virginia,Duke,Duke,1.0,-6.050000000000001,1.049999999999999,-0.05900000000000005,-300.0,0.0
2010,F4,Duke,West Virginia,Duke,-1.0,6.050000000000001,-1.049999999999999,0.05900000000000005,300.0,1.0
2010,F4,Michigan State,Butler,Butler,0.0,0.9600000000000009,3.09,-0.11099999999999999,-56.0,0.0
2010,F4,Butler,Michigan State,Butler,-0.0,-0.9600000000000009,-3.09,0.11099999999999999,56.0,1.0
2010,NCG,Duke,Butler,Duke,-4.0,10.840000000000002,4.130000000000001,0.007000000000000006,285.0,1.0
2010,NCG,Butler,Duke,Duke,4.0,-10.840000000000002,-4.130000000000001,-0.007000000000000006,-285.0,0.0
2011,R64,Ohio State,UTSA,Ohio State,-15.0,31.64,13.31,0.33100000000000007,625.0,1.0
2011,R64,UTSA,Ohio State,Ohio State,15.0,-31.64,-13.31,-0.33100000000000007,-625.0,0.0
2011,R64,George Mason,Villanova,George Mason,-1.0,-3.3900000000000006,-6.86,0.15800000000000003,125.0,1.0
2011,R64,Villanova,George Mason,George Mason,1.0,3.3900000000000006,6.86,-0.15800000000000003,-125.0,0.0
2011,R64,West Virginia,Clemson,West Virginia,-7.0,2.389999999999999,4.449999999999999,-0.01100000000000001,-75.0,1.0
2011,R64,Clemson,West Virginia,West Virginia,7.0,-2.389999999999999,-4.449999999999999,0.01100000000000001,75.0,0.0
2011,R64,Kentucky,Princeton,Kentucky,-9.0,16.59,10.52,-0.018000000000000016,235.0,1.0
2011,R64,Princeton,Kentucky,Kentucky,9.0,-16.59,-10.52,0.018000000000000016,-235.0,0.0
2011,R64,Xavier,Marquette,Marquette,-5.0,-3.01,-4.1,0.15500000000000003,3.0,0.0
2011,R64,Marquette,Xavier,Marquette,5.0,3.01,4.1,-0.15500000000000003,-3.0,1.0
2011,R64,Syracuse,Indiana State,Syracuse,-11.0,15.440000000000001,5.889999999999999,0.18300000000000005,291.0,1.0
2011,R64,Indiana State,Syracuse,Syracuse,11.0,-15.440000000000001,-5.889999999999999,-0.18300000000000005,-291.0,0.0
2011,R64,Washington,Georgia,Washington,-3.0,9.690000000000001,1.6100000000000003,0.050000000000000044,291.0,1.0
2011,R64,Georgia,Washington,Washington,3.0,-9.690000000000001,-1.6100000000000003,-0.050000000000000044,-291.0,0.0
2011,R64,UNC,LIU,UNC,-13.0,-2.92,2.8799999999999994,-0.22999999999999998,-91.0,1.0
2011,R64,LIU,UNC,UNC,13.0,2.92,-2.8799999999999994,0.22999999999999998,91.0,0.0
2011,R32,Ohio State,George Mason,Ohio State,-7.0,14.18,7.010000000000001,0.125,296.0,1.0
2011,R32,George Mason,Ohio State,Ohio State,7.0,-14.18,-7.010000000000001,-0.125,-296.0,0.0
2011,R32,West Virginia,Kentucky,Kentucky,1.0,-4.150000000000002,2.119999999999999,-0.127,-264.0,0.0
2011,R32,Kentucky,West Virginia,Kentucky,-1.0,4.150000000000002,-2.119999999999999,0.127,264.0,1.0
2011,R32,Marquette,Syracuse,Marquette,8.0,-3.960000000000001,-0.27999999999999936,-0.17600000000000005,-116.0,1.0
2011,R32,Syracuse,Marquette,Marquette,-8.0,3.960000000000001,0.27999999999999936,0.17600000000000005,116.0,0.0
2011,R32,Washington,UNC,UNC,5.0,20.810000000000002,10.63,0.09800000000000009,260.0,0.0
2011,R32,UNC,Washington,UNC,-5.0,-20.810000000000002,-10.63,-0.09800000000000009,-260.0,1.0
2011,S16,Ohio State,Kentucky,Kentucky,-3.0,5.539999999999999,-0.5299999999999994,0.15600000000000003,213.0,0.0
2011,S16,Kentucky,Ohio State,Kentucky,3.0,-5.539999999999999,0.5299999999999994,-0.15600000000000003,-213.0,1.0
2011,S16,Marquette,UNC,UNC,9.0,15.58,11.4,0.007000000000000006,63.0,0.0
2011,S16,UNC,Marquette,UNC,-9.0,-15.58,-11.4,-0.007000000000000006,-63.0,1.0
2011,E8,Kentucky,UNC,Kentucky,2.0,20.990000000000002,11.8,0.17500000000000004,260.0,1.0
2011,E8,UNC,Kentucky,Kentucky,-2.0,-20.990000000000002,-11.8,-0.17500000000000004,-260.0,0.0
2011,R64,Pitt,UNC Asheville,Pitt,-15.0,21.51,10.74,0.236,268.0,1.0
2011,R64,UNC Asheville,Pitt,Pitt,15.0,-21.51,-10.74,-0.236,-268.0,0.0
2011,R64,Butler,Old Dominion,Butler,-1.0,2.5,3.26,-0.05700000000000005,23.0,1.0
2011,R64,Old Dominion,Butler,Butler,1.0,-2.5,-3.26,0.05700000000000005,-23.0,0.0
2011,R64,Kansas State,Utah State,Kansas State,-7.0,1.3599999999999994,7.91,-0.20599999999999996,-226.0,1.0
2011,R64,Utah State,Kansas State,Kansas State,7.0,-1.3599999999999994,-7.91,0.20599999999999996,226.0,0.0
2011,R64,Wisconsin,Belmont,Wisconsin,-9.0,5.699999999999999,13.84,-0.122,-294.0,1.0
2011,R64,Belmont,Wisconsin,Wisconsin,9.0,-5.699999999999999,-13.84,0.122,294.0,0.0
2011,R64,St. John's (NY),Gonzaga,Gonzaga,-5.0,-0.7599999999999998,6.0,-0.07799999999999996,-275.0,0.0
2011,R64,Gonzaga,St. John's (NY),Gonzaga,5.0,0.7599999999999998,-6.0,0.07799999999999996,275.0,1.0
2011,R64,BYU,Wofford,BYU,-11.0,14.299999999999999,6.97,0.247,311.0,1.0
2011,R64,Wofford,BYU,BYU,11.0,-14.299999999999999,-6.97,-0.247,-311.0,0.0
2011,R64,UCLA,Michigan State,UCLA,-3.0,-2.0,-3.74,0.11699999999999999,53.0,1.0
2011,R64,Michigan State,UCLA,UCLA,3.0,2.0,3.74,-0.11699999999999999,-53.0,0.0
2011,R64,Florida,UC Santa Barbara,Florida,-13.0,15.049999999999999,7.45,0.22100000000000009,257.0,1.0
2011,R64,UC Santa Barbara,Florida,Florida,13.0,-15.049999999999999,-7.45,-0.22100000000000009,-257.0,0.0
2011,R32,Pitt,Butler,Butler,-7.0,9.290000000000001,2.83,0.08699999999999997,171.0,0.0
2011,R32,Butler,Pitt,Butler,7.0,-9.290000000000001,-2.83,-0.08699999999999997,-171.0,1.0
2011,R32,Kansas State,Wisconsin,Wisconsin,1.0,-4.18,-1.0099999999999998,-0.05899999999999994,-90.0,0.0
2011,R32,Wisconsin,Kansas State,Wisconsin,-1.0,4.18,1.0099999999999998,0.05899999999999994,90.0,1.0
2011,R32,Gonzaga,BYU,BYU,8.0,-4.789999999999999,-1.75,-0.15100000000000002,-123.0,0.0
2011,R32,BYU,Gonzaga,BYU,-8.0,4.789999999999999,1.75,0.15100000000000002,123.0,1.0
2011,R32,UCLA,Florida,Florida,5.0,-4.57,0.35999999999999943,-0.10799999999999998,-194.0,0.0
2011,R32,Florida,UCLA,Florida,-5.0,4.57,-0.35999999999999943,0.10799999999999998,194.0,1.0
2011,S16,Butler,Wisconsin,Butler,4.0,-7.24,-4.4,0.0020000000000000018,-48.0,1.0
2011,S16,Wisconsin,Butler,Butler,-4.0,7.24,4.4,-0.0020000000000000018,48.0,0.0
2011,S16,BYU,Florida,Florida,1.0,2.379999999999999,-1.8100000000000005,0.08099999999999996,178.0,0.0
2011,S16,Florida,BYU,Florida,-1.0,-2.379999999999999,1.8100000000000005,-0.08099999999999996,-178.0,1.0
2011,E8,Butler,Florida,Butler,6.0,-4.74,-2.5500000000000007,-0.04700000000000004,-52.0,1.0
2011,E8,Florida,Butler,Butler,-6.0,4.74,2.5500000000000007,0.04700000000000004,52.0,0.0
2011,R64,Kansas,Boston University,Kansas,-15.0,26.580000000000002,11.47,0.32100000000000006,578.0,1.0
2011,R64,Boston University,Kansas,Kansas,15.0,-26.580000000000002,-11.47,-0.32100000000000006,-578.0,0.0
2011,R64,UNLV,Illinois,Illinois,-1.0,-2.049999999999999,-5.109999999999999,0.139,95.0,0.0
2011,R64,Illinois,UNLV,Illinois,1.0,2.049999999999999,5.109999999999999,-0.139,-95.0,1.0
2011,R64,Vanderbilt,Richmond,Richmond,-7.0,3.869999999999999,4.07,-0.10799999999999998,-32.0,0.0
2011,R64,Richmond,Vanderbilt,Richmond,7.0,-3.869999999999999,-4.07,0.10799999999999998,32.0,1.0
2011,R64,Louisville,Morehead State,Morehead State,-9.0,15.790000000000001,11.329999999999998,0.0,114.0,0.0
2011,R64,Morehead State,Louisville,Morehead State,9.0,-15.790000000000001,-11.329999999999998,-0.0,-114.0,1.0
2011,R64,Georgetown,VCU,VCU,-5.0,6.049999999999999,6.610000000000001,-0.04399999999999993,-56.0,0.0
2011,R64,VCU,Georgetown,VCU,5.0,-6.049999999999999,-6.610000000000001,0.04399999999999993,56.0,1.0
2011,R64,Purdue,Saint Peter's,Purdue,-11.0,19.64,9.77,0.17700000000000005,336.0,1.0
2011,R64,Saint Peter's,Purdue,Purdue,11.0,-19.64,-9.77,-0.17700000000000005,-336.0,0.0
2011,R64,Texas A&M,Florida State,Florida State,-3.0,-0.8600000000000012,-0.5099999999999998,0.050999999999999934,6.0,0.0
2011,R64,Florida State,Texas A&M,Florida State,3.0,0.8600000000000012,0.5099999999999998,-0.050999999999999934,-6.0,1.0
2011,R64,Notre Dame,Akron,Notre Dame,-13.0,16.020000000000003,9.45,0.15500000000000003,172.0,1.0
2011,R64,Akron,Notre Dame,Notre Dame,13.0,-16.020000000000003,-9.45,-0.15500000000000003,-172.0,0.0
2011,R32,Kansas,Illinois,Kansas,-8.0,7.380000000000003,-3.4899999999999993,0.3330000000000001,435.0,1.0
2011,R32,Illinois,Kansas,Kansas,8.0,-7.380000000000003,3.4899999999999993,-0.3330000000000001,-435.0,0.0
2011,R32,Richmond,Morehead State,Richmond,-1.0,8.42,5.92,0.07000000000000006,62.0,1.0
2011,R32,Morehead State,Richmond,Richmond,1.0,-8.42,-5.92,-0.07000000000000006,-62.0,0.0
2011,R32,VCU,Purdue,VCU,8.0,-10.799999999999999,-4.91,-0.06500000000000006,-172.0,1.0
2011,R32,Purdue,VCU,VCU,-8.0,10.799999999999999,4.91,0.06500000000000006,172.0,0.0
2011,R32,Florida State,Notre Dame,Florida State,8.0,-4.690000000000001,-1.9799999999999995,-0.118,-92.0,1.0
2011,R32,Notre Dame,Florida State,Florida State,-8.0,4.690000000000001,1.9799999999999995,0.118,92.0,0.0
2011,S16,Kansas,Richmond,Kansas,-11.0,12.870000000000001,4.83,0.137,314.0,1.0
2011,S16,Richmond,Kansas,Kansas,11.0,-12.870000000000001,-4.83,-0.137,-314.0,0.0
2011,S16,VCU,Florida State,VCU,1.0,-4.92,-2.6700000000000004,0.02399999999999991,-48.0,1.0
2011,S16,Florida State,VCU,VCU,-1.0,4.92,2.6700000000000004,-0.02399999999999991,48.0,0.0
2011,E8,Kansas,VCU,VCU,-10.0,15.540000000000001,3.8400000000000003,0.22100000000000009,435.0,0.0
2011,E8,VCU,Kansas,VCU,10.0,-15.540000000000001,-3.8400000000000003,-0.22100000000000009,-435.0,1.0
2011,R64,Duke,Hampton,Duke,-15.0,29.71,17.09,0.138,472.0,1.0
2011,R64,Hampton,Duke,Duke,15.0,-29.71,-17.09,-0.138,-472.0,0.0
2011,R64,Michigan,Tennessee,Michigan,-1.0,3.130000000000001,1.9499999999999993,0.040999999999999925,61.0,1.0
2011,R64,Tennessee,Michigan,Michigan,1.0,-3.130000000000001,-1.9499999999999993,-0.040999999999999925,-61.0,0.0
2011,R64,Arizona,Memphis,Arizona,-7.0,9.629999999999999,4.85,0.07500000000000007,193.0,1.0
2011,R64,Memphis,Arizona,Arizona,7.0,-9.629999999999999,-4.85,-0.07500000000000007,-193.0,0.0
2011,R64,Texas,Oakland,Texas,-9.0,12.540000000000001,7.86,0.06400000000000006,161.0,1.0
2011,R64,Oakland,Texas,Texas,9.0,-12.540000000000001,-7.86,-0.06400000000000006,-161.0,0.0
2011,R64,Cincinnati,Missouri,Cincinnati,-5.0,0.6400000000000006,-0.40000000000000036,0.06699999999999995,13.0,1.0
2011,R64,Missouri,Cincinnati,Cincinnati,5.0,-0.6400000000000006,0.40000000000000036,-0.06699999999999995,-13.0,0.0
2011,R64,UConn,Bucknell,UConn,-11.0,15.559999999999999,14.309999999999999,0.04500000000000004,95.0,1.0
2011,R64,Bucknell,UConn,UConn,11.0,-15.559999999999999,-14.309999999999999,-0.04500000000000004,-95.0,0.0
2011,R64,Temple,Penn State,Temple,-3.0,0.3699999999999992,-7.219999999999999,0.20599999999999996,258.0,1.0
2011,R64,Penn State,Temple,Temple,3.0,-0.3699999999999992,7.219999999999999,-0.20599999999999996,-258.0,0.0
2011,R64,San Diego State,Northern Colorado,San Diego State,-13.0,16.57,8.600000000000001,0.263,286.0,1.0
2011,R64,Northern Colorado,San Diego State,San Diego State,13.0,-16.57,-8.600000000000001,-0.263,-286.0,0.0
2011,R32,Duke,Michigan,Duke,-7.0,10.3,-2.3599999999999994,0.265,458.0,1.0
2011,R32,Michigan,Duke,Duke,7.0,-10.3,2.3599999999999994,-0.265,-458.0,0.0
2011,R32,Arizona,Texas,Arizona,1.0,-4.280000000000001,0.03000000000000025,0.01100000000000001,-138.0,1.0
2011,R32,Texas,Arizona,Arizona,-1.0,4.280000000000001,-0.03000000000000025,-0.01100000000000001,138.0,0.0
2011,R32,Cincinnati,UConn,UConn,3.0,-2.539999999999999,-4.34,-0.03700000000000003,18.0,0.0
2011,R32,UConn,Cincinnati,UConn,-3.0,2.539999999999999,4.34,0.03700000000000003,-18.0,1.0
2011,R32,Temple,San Diego State,San Diego State,5.0,-5.610000000000001,-2.13,-0.15400000000000003,-192.0,0.0
2011,R32,San Diego State,Temple,San Diego State,-5.0,5.610000000000001,2.13,0.15400000000000003,192.0,1.0
2011,S16,Duke,Arizona,Arizona,-4.0,7.970000000000002,0.33000000000000007,0.07599999999999996,274.0,0.0
2011,S16,Arizona,Duke,Arizona,4.0,-7.970000000000002,-0.33000000000000007,-0.07599999999999996,-274.0,1.0
2011,S16,UConn,San Diego State,UConn,1.0,-0.010000000000001563,4.079999999999999,-0.139,-160.0,1.0
2011,S16,San Diego State,UConn,UConn,-1.0,0.010000000000001563,-4.079999999999999,0.139,160.0,0.0
2011,E8,Arizona,UConn,UConn,2.0,-1.4100000000000001,-2.4499999999999993,0.009000000000000008,17.0,0.0
2011,E8,UConn,Arizona,UConn,-2.0,1.4100000000000001,2.4499999999999993,-0.009000000000000008,-17.0,1.0
2011,F4,Kentucky,UConn,UConn,1.0,2.3500000000000014,-1.5299999999999994,-0.017000000000000015,125.0,0.0
2011,F4,UConn,Kentucky,UConn,-1.0,-2.3500000000000014,1.5299999999999994,0.017000000000000015,-125.0,1.0
2011,F4,Butler,VCU,Butler,-3.0,2.969999999999999,1.2399999999999998,0.03700000000000003,79.0,1.0
2011,F4,VCU,Butler,Butler,3.0,-2.969999999999999,-1.2399999999999998,-0.03700000000000003,-79.0,0.0
2011,NCG,UConn,Butler,UConn,-5.0,6.42,5.42,0.04300000000000004,38.0,1.0
2011,NCG,Butler,UConn,UConn,5.0,-6.42,-5.42,-0.04300000000000004,-38.0,0.0
2012,R64,Syracuse,UNC Asheville,Syracuse,-15.0,18.060000000000002,10.74,0.21300000000000008,166.0,1.0
2012,R64,UNC Asheville,Syracuse,Syracuse,15.0,-18.060000000000002,-10.74,-0.21300000000000008,-166.0,0.0
2012,R64,Kansas State,Southern Miss,Kansas State,-1.0,30.64,18.88,0.119,331.0,1.0
2012,R64,Southern Miss,Kansas State,Kansas State,1.0,-30.64,-18.88,-0.119,-331.0,0.0
2012,R64,Vanderbilt,Harvard,Vanderbilt,-7.0,7.870000000000001,9.6,-0.14500000000000002,-33.0,1.0
2012,R64,Harvard,Vanderbilt,Vanderbilt,7.0,-7.870000000000001,-9.6,0.14500000000000002,33.0,0.0
2012,R64,Wisconsin,Montana,Wisconsin,-9.0,14.489999999999998,11.63,-0.05900000000000005,135.0,1.0
2012,R64,Montana,Wisconsin,Wisconsin,9.0,-14.489999999999998,-11.63,0.05900000000000005,-135.0,0.0
2012,R64,Cincinnati,Texas,Cincinnati,-5.0,-1.0700000000000003,-1.839999999999999,0.11499999999999999,46.0,1.0
2012,R64,Texas,Cincinnati,Cincinnati,5.0,1.0700000000000003,1.839999999999999,-0.11499999999999999,-46.0,0.0
2012,R64,Florida State,St. Bonaventure,Florida State,-11.0,6.279999999999999,4.78,0.08899999999999997,69.0,1.0
2012,R64,St. Bonaventure,Florida State,Florida State,11.0,-6.279999999999999,-4.78,-0.08899999999999997,-69.0,0.0
2012,R64,Gonzaga,West Virginia,Gonzaga,-3.0,1.7299999999999986,-4.28,0.21200000000000008,198.0,1.0
2012,R64,West Virginia,Gonzaga,Gonzaga,3.0,-1.7299999999999986,4.28,-0.21200000000000008,-198.0,0.0
2012,R64,Ohio State,Loyola (MD),Ohio State,-13.0,23.58,11.790000000000001,0.06800000000000006,478.0,1.0
2012,R64,Loyola (MD),Ohio State,Ohio State,13.0,-23.58,-11.790000000000001,-0.06800000000000006,-478.0,0.0
2012,R32,Syracuse,Kansas State,Syracuse,-7.0,6.65,0.4899999999999993,0.252,256.0,1.0
2012,R32,Kansas State,Syracuse,Syracuse,7.0,-6.65,-0.4899999999999993,-0.252,-256.0,0.0
2012,R32,Vanderbilt,Wisconsin,Wisconsin,1.0,-3.3299999999999983,-0.20000000000000107,-0.028000000000000025,-113.0,0.0
2012,R32,Wisconsin,Vanderbilt,Wisconsin,-1.0,3.3299999999999983,0.20000000000000107,0.028000000000000025,113.0,1.0
2012,R32,Cincinnati,Florida State,Cincinnati,3.0,-1.5999999999999996,-1.3399999999999999,-0.01100000000000001,4.0,1.0
2012,R32,Florida State,Cincinnati,Cincinnati,-3.0,1.5999999999999996,1.3399999999999999,0.01100000000000001,-4.0,0.0
2012,R32,Gonzaga,Ohio State,Ohio State,5.0,-10.09,-5.82,-0.007000000000000006,-230.0,0.0
2012,R32,Ohio State,Gonzaga,Ohio State,-5.0,10.09,5.82,0.007000000000000006,230.0,1.0
2012,S16,Syracuse,Wisconsin,Syracuse,-3.0,2.080000000000002,-0.22000000000000064,0.19700000000000006,96.0,1.0
2012,S16,Wisconsin,Syracuse,Syracuse,3.0,-2.080000000000002,0.22000000000000064,-0.19700000000000006,-96.0,0.0
2012,S16,Cincinnati,Ohio State,Ohio State,4.0,-11.02,-2.79,-0.09200000000000008,-334.0,0.0
2012,S16,Ohio State,Cincinnati,Ohio State,-4.0,11.02,2.79,0.09200000000000008,334.0,1.0
2012,E8,Syracuse,Ohio State,Ohio State,-1.0,-2.8299999999999983,-1.0500000000000007,0.124,-95.0,0.0
2012,E8,Ohio State,Syracuse,Ohio State,1.0,2.8299999999999983,1.0500000000000007,-0.124,95.0,1.0
2012,R64,UNC,Vermont,UNC,-15.0,2.08,2.47,0.038999999999999924,97.0,1.0
2012,R64,Vermont,UNC,UNC,15.0,-2.08,-2.47,-0.038999999999999924,-97.0,0.0
2012,R64,Creighton,Alabama,Creighton,-1.0,-0.8399999999999999,-3.7699999999999996,0.19299999999999995,116.0,1.0
2012,R64,Alabama,Creighton,Creighton,1.0,0.8399999999999999,3.7699999999999996,-0.19299999999999995,-116.0,0.0
2012,R64,Temple,South Florida,South Florida,-7.0,1.2400000000000002,-2.3499999999999996,0.139,79.0,0.0
2012,R64,South Florida,Temple,South Florida,7.0,-1.2400000000000002,2.3499999999999996,-0.139,-79.0,1.0
2012,R64,Michigan,Ohio,Ohio,-9.0,6.02,8.81,-0.07800000000000007,-121.0,0.0
2012,R64,Ohio,Michigan,Ohio,9.0,-6.02,-8.81,0.07800000000000007,121.0,1.0
2012,R64,San Diego State,NC State,NC State,-5.0,-3.0600000000000005,-3.01,0.11599999999999999,54.0,0.0
2012,R64,NC State,San Diego State,NC State,5.0,3.0600000000000005,3.01,-0.11599999999999999,-54.0,1.0
2012,R64,Georgetown,Belmont,Georgetown,-11.0,4.999999999999998,8.91,-0.04400000000000004,-149.0,1.0
2012,R64,Belmont,Georgetown,Georgetown,11.0,-4.999999999999998,-8.91,0.04400000000000004,149.0,0.0
2012,R64,Saint Mary's,Purdue,Purdue,-3.0,-2.620000000000001,-7.2700000000000005,0.18899999999999995,195.0,0.0
2012,R64,Purdue,Saint Mary's,Purdue,3.0,2.620000000000001,7.2700000000000005,-0.18899999999999995,-195.0,1.0
2012,R64,Kansas,Detroit Mercy,Kansas,-13.0,19.32,9.94,0.20999999999999996,295.0,1.0
2012,R64,Detroit Mercy,Kansas,Kansas,13.0,-19.32,-9.94,-0.20999999999999996,-295.0,0.0
2012,R32,UNC,Creighton,UNC,-7.0,-9.86,-6.130000000000001,-0.123,-14.0,1.0
2012,R32,Creighton,UNC,UNC,7.0,9.86,6.130000000000001,0.123,14.0,0.0
2012,R32,South Florida,Ohio,Ohio,-1.0,2.0299999999999994,7.12,-0.17300000000000004,-189.0,0.0
2012,R32,Ohio,South Florida,Ohio,1.0,-2.0299999999999994,-7.12,0.17300000000000004,189.0,1.0
2012,R32,NC State,Georgetown,NC State,8.0,-4.709999999999999,-0.8900000000000006,-0.07799999999999996,-123.0,1.0
2012,R32,Georgetown,NC State,NC State,-8.0,4.709999999999999,0.8900000000000006,0.07799999999999996,123.0,0.0
2012,R32,Purdue,Kansas,Kansas,8.0,-7.839999999999998,-1.879999999999999,-0.19199999999999995,-256.0,0.0
2012,R32,Kansas,Purdue,Kansas,-8.0,7.839999999999998,1.879999999999999,0.19199999999999995,256.0,1.0
2012,S16,UNC,Ohio,UNC,-12.0,-4.109999999999999,-2.89,-0.07800000000000007,33.0,1.0
2012,S16,Ohio,UNC,UNC,12.0,4.109999999999999,2.89,0.07800000000000007,-33.0,0.0
2012,S16,NC State,Kansas,Kansas,9.0,-9.62,-3.13,-0.17199999999999993,-264.0,0.0
2012,S16,Kansas,NC State,Kansas,-9.0,9.62,3.13,0.17199999999999993,264.0,1.0
2012,E8,UNC,Kansas,Kansas,-1.0,-18.66,-12.65,-0.11499999999999999,-141.0,0.0
2012,E8,Kansas,UNC,Kansas,1.0,18.66,12.65,0.11499999999999999,141.0,1.0
2012,R64,Kentucky,Western Kentucky,Kentucky,-15.0,27.39,7.42,0.49299999999999994,783.0,1.0
2012,R64,Western Kentucky,Kentucky,Kentucky,15.0,-27.39,-7.42,-0.49299999999999994,-783.0,0.0
2012,R64,Iowa State,UConn,Iowa State,-1.0,1.0500000000000007,-0.75,0.08800000000000008,61.0,1.0
2012,R64,UConn,Iowa State,Iowa State,1.0,-1.0500000000000007,0.75,-0.08800000000000008,-61.0,0.0
2012,R64,Wichita State,VCU,VCU,-7.0,8.630000000000003,3.17,0.0119999999999999,191.0,0.0
2012,R64,VCU,Wichita State,VCU,7.0,-8.630000000000003,-3.17,-0.0119999999999999,-191.0,1.0
2012,R64,Indiana,New Mexico State,Indiana,-9.0,9.899999999999999,7.72,0.028000000000000025,37.0,1.0
2012,R64,New Mexico State,Indiana,Indiana,9.0,-9.899999999999999,-7.72,-0.028000000000000025,-37.0,0.0
2012,R64,UNLV,Colorado,Colorado,-5.0,5.640000000000001,-1.3600000000000003,0.07599999999999996,204.0,0.0
2012,R64,Colorado,UNLV,Colorado,5.0,-5.640000000000001,1.3600000000000003,-0.07599999999999996,-204.0,1.0
2012,R64,Baylor,South Dakota State,Baylor,-11.0,9.2,9.899999999999999,0.018000000000000016,-4.0,1.0
2012,R64,South Dakota State,Baylor,Baylor,11.0,-9.2,-9.899999999999999,-0.018000000000000016,4.0,0.0
2012,R64,Notre Dame,Xavier,Xavier,-3.0,1.5899999999999999,0.25,0.008000000000000007,39.0,0.0
2012,R64,Xavier,Notre Dame,Xavier,3.0,-1.5899999999999999,-0.25,-0.008000000000000007,-39.0,1.0
2012,R64,Duke,Lehigh,Lehigh,-13.0,12.780000000000001,13.54,0.02300000000000002,-66.0,0.0
2012,R64,Lehigh,Duke,Lehigh,13.0,-12.780000000000001,-13.54,-0.02300000000000002,66.0,1.0
2012,R32,Kentucky,Iowa State,Kentucky,-7.0,11.41,0.6099999999999994,0.2739999999999999,468.0,1.0
2012,R32,Iowa State,Kentucky,Kentucky,7.0,-11.41,-0.6099999999999994,-0.2739999999999999,-468.0,0.0
2012,R32,VCU,Indiana,Indiana,8.0,-9.84,-7.17,0.05600000000000005,-96.0,0.0
2012,R32,Indiana,VCU,Indiana,-8.0,9.84,7.17,-0.05600000000000005,96.0,1.0
2012,R32,Colorado,Baylor,Baylor,8.0,-8.629999999999999,-2.299999999999999,-0.122,-196.0,0.0
2012,R32,Baylor,Colorado,Baylor,-8.0,8.629999999999999,2.299999999999999,0.122,196.0,1.0
2012,R32,Xavier,Lehigh,Xavier,-5.0,5.32,11.36,-0.132,-239.0,1.0
2012,R32,Lehigh,Xavier,Xavier,5.0,-5.32,-11.36,0.132,239.0,0.0
2012,S16,Kentucky,Indiana,Kentucky,-3.0,6.100000000000001,0.1299999999999999,0.19999999999999996,282.0,1.0
2012,S16,Indiana,Kentucky,Kentucky,3.0,-6.100000000000001,-0.1299999999999999,-0.19999999999999996,-282.0,0.0
2012,S16,Baylor,Xavier,Baylor,-7.0,6.949999999999999,1.8099999999999996,0.15000000000000002,235.0,1.0
2012,S16,Xavier,Baylor,Baylor,7.0,-6.949999999999999,-1.8099999999999996,-0.15000000000000002,-235.0,0.0
2012,E8,Kentucky,Baylor,Kentucky,-2.0,8.190000000000001,-0.09999999999999964,0.16099999999999992,316.0,1.0
2012,E8,Baylor,Kentucky,Kentucky,2.0,-8.190000000000001,0.09999999999999964,-0.16099999999999992,-316.0,0.0
2012,R64,Michigan State,LIU,Michigan State,-15.0,22.66,14.92,0.049000000000000044,328.0,1.0
2012,R64,LIU,Michigan State,Michigan State,15.0,-22.66,-14.92,-0.049000000000000044,-328.0,0.0
2012,R64,Memphis,Saint Louis,Saint Louis,-1.0,1.709999999999999,1.2000000000000002,-0.02200000000000002,30.0,0.0
2012,R64,Saint Louis,Memphis,Saint Louis,1.0,-1.709999999999999,-1.2000000000000002,0.02200000000000002,-30.0,1.0
2012,R64,New Mexico,Long Beach State,New Mexico,-7.0,6.08,2.4699999999999998,0.06500000000000006,134.0,1.0
2012,R64,Long Beach State,New Mexico,New Mexico,7.0,-6.08,-2.4699999999999998,-0.06500000000000006,-134.0,0.0
2012,R64,Louisville,Davidson,Louisville,-9.0,8.930000000000001,10.7,-0.008000000000000007,-46.0,1.0
2012,R64,Davidson,Louisville,Louisville,9.0,-8.930000000000001,-10.7,0.008000000000000007,46.0,0.0
2012,R64,Murray State,Colorado State,Murray State,-5.0,2.16,-7.83,0.31399999999999995,345.0,1.0
2012,R64,Colorado State,Murray State,Murray State,5.0,-2.16,7.83,-0.31399999999999995,-345.0,0.0
2012,R64,Marquette,BYU,Marquette,-11.0,5.670000000000002,5.95,0.028000000000000025,-39.0,1.0
2012,R64,BYU,Marquette,Marquette,11.0,-5.670000000000002,-5.95,-0.028000000000000025,39.0,0.0
2012,R64,Florida,Virginia,Florida,-3.0,5.74,3.0999999999999996,0.015000000000000013,139.0,1.0
2012,R64,Virginia,Florida,Florida,3.0,-5.74,-3.0999999999999996,-0.015000000000000013,-139.0,0.0
2012,R64,Missouri,Norfolk State,Norfolk State,-13.0,23.45,11.07,0.135,427.0,0.0
2012,R64,Norfolk State,Missouri,Norfolk State,13.0,-23.45,-11.07,-0.135,-427.0,1.0
2012,R32,Michigan State,Saint Louis,Michigan State,-8.0,6.17,5.760000000000001,0.019000000000000017,80.0,1.0
2012,R32,Saint Louis,Michigan State,Michigan State,8.0,-6.17,-5.760000000000001,-0.019000000000000017,-80.0,0.0
2012,R32,New Mexico,Louisville,Louisville,1.0,-0.5900000000000016,-5.68,0.050000000000000044,182.0,0.0
2012,R32,Louisville,New Mexico,Louisville,-1.0,0.5900000000000016,5.68,-0.050000000000000044,-182.0,1.0
2012,R32,Murray State,Marquette,Marquette,3.0,-8.180000000000001,-10.1,0.16799999999999993,81.0,0.0
2012,R32,Marquette,Murray State,Marquette,-3.0,8.180000000000001,10.1,-0.16799999999999993,-81.0,1.0
2012,R32,Florida,Norfolk State,Florida,-8.0,21.93,12.719999999999999,-0.019000000000000017,338.0,1.0
2012,R32,Norfolk State,Florida,Florida,8.0,-21.93,-12.719999999999999,0.019000000000000017,-338.0,0.0
2012,S16,Michigan State,Louisville,Louisville,-3.0,5.129999999999999,0.8000000000000007,0.03400000000000003,169.0,0.0
2012,S16,Louisville,Michigan State,Louisville,3.0,-5.129999999999999,-0.8000000000000007,-0.03400000000000003,-169.0,1.0
2012,S16,Marquette,Florida,Florida,-4.0,-1.3299999999999983,0.16999999999999993,0.06800000000000006,-74.0,0.0
2012,S16,Florida,Marquette,Florida,4.0,1.3299999999999983,-0.16999999999999993,-0.06800000000000006,74.0,1.0
2012,E8,Louisville,Florida,Louisville,-3.0,-2.0599999999999987,1.6899999999999995,0.04700000000000004,-117.0,1.0
2012,E8,Florida,Louisville,Louisville,3.0,2.0599999999999987,-1.6899999999999995,-0.04700000000000004,117.0,0.0
2012,F4,Ohio State,Kansas,Kansas,0.0,2.2300000000000004,-0.8599999999999994,-0.025999999999999912,120.0,0.0
2012,F4,Kansas,Ohio State,Kansas,-0.0,-2.2300000000000004,0.8599999999999994,0.025999999999999912,-120.0,1.0
2012,F4,Kentucky,Louisville,Kentucky,-3.0,8.54,-1.0899999999999999,0.19999999999999996,385.0,1.0
2012,F4,Louisville,Kentucky,Kentucky,3.0,-8.54,1.0899999999999999,-0.19999999999999996,-385.0,0.0
2012,NCG,Kansas,Kentucky,Kentucky,1.0,-3.0100000000000016,2.0,-0.129,-212.0,0.0
2012,NCG,Kentucky,Kansas,Kentucky,-1.0,3.0100000000000016,-2.0,0.129,212.0,1.0
2013,R64,Indiana,James Madison,Indiana,-15.0,26.590000000000003,10.610000000000001,0.2230000000000001,575.0,1.0
2013,R64,James Madison,Indiana,Indiana,15.0,-26.590000000000003,-10.610000000000001,-0.2230000000000001,-575.0,0.0
2013,R64,NC State,Temple,Temple,-1.0,4.800000000000001,1.9800000000000004,-0.019999999999999907,103.0,0.0
2013,R64,Temple,NC State,Temple,1.0,-4.800000000000001,-1.9800000000000004,0.019999999999999907,-103.0,1.0
2013,R64,UNLV,California,California,-7.0,2.2200000000000006,-2.1100000000000003,0.07799999999999996,197.0,0.0
2013,R64,California,UNLV,California,7.0,-2.2200000000000006,2.1100000000000003,-0.07799999999999996,-197.0,1.0
2013,R64,Syracuse,Montana,Syracuse,-9.0,21.490000000000002,12.86,-0.031000000000000028,327.0,1.0
2013,R64,Montana,Syracuse,Syracuse,9.0,-21.490000000000002,-12.86,0.031000000000000028,-327.0,0.0
2013,R64,Butler,Bucknell,Butler,-5.0,4.05,8.04,-0.07399999999999995,-115.0,1.0
2013,R64,Bucknell,Butler,Butler,5.0,-4.05,-8.04,0.07399999999999995,115.0,0.0
2013,R64,Marquette,Davidson,Marquette,-11.0,6.750000000000001,12.02,-0.02200000000000002,-189.0,1.0
2013,R64,Davidson,Marquette,Marquette,11.0,-6.750000000000001,-12.02,0.02200000000000002,189.0,0.0
2013,R64,Illinois,Colorado,Illinois,-3.0,1.2699999999999996,2.129999999999999,0.0030000000000000027,1.0,1.0
2013,R64,Colorado,Illinois,Illinois,3.0,-1.2699999999999996,-2.129999999999999,-0.0030000000000000027,-1.0,0.0
2013,R64,Miami (FL),Pacific,Miami (FL),-13.0,15.31,7.11,0.17700000000000005,222.0,1.0
2013,R64,Pacific,Miami (FL),Miami (FL),13.0,-15.31,-7.11,-0.17700000000000005,-222.0,0.0
2013,R32,Indiana,Temple,Indiana,-8.0,15.380000000000003,3.1800000000000006,0.10000000000000009,448.0,1.0
2013,R32,Temple,Indiana,Indiana,8.0,-15.380000000000003,-3.1800000000000006,-0.10000000000000009,-448.0,0.0
2013,R32,California,Syracuse,Syracuse,8.0,-9.71,-0.8600000000000003,-0.11399999999999999,-374.0,0.0
2013,R32,Syracuse,California,Syracuse,-8.0,9.71,0.8600000000000003,0.11399999999999999,374.0,1.0
2013,R32,Butler,Marquette,Marquette,3.0,-3.040000000000001,-2.5,0.007000000000000006,5.0,0.0
2013,R32,Marquette,Butler,Marquette,-3.0,3.040000000000001,2.5,-0.007000000000000006,-5.0,1.0
2013,R32,Illinois,Miami (FL),Miami (FL),5.0,-3.8000000000000007,2.169999999999999,-0.16700000000000004,-195.0,0.0
2013,R32,Miami (FL),Illinois,Miami (FL),-5.0,3.8000000000000007,-2.169999999999999,0.16700000000000004,195.0,1.0
2013,S16,Indiana,Syracuse,Syracuse,-3.0,4.620000000000001,-0.17999999999999972,0.05600000000000005,126.0,0.0
2013,S16,Syracuse,Indiana,Syracuse,3.0,-4.620000000000001,0.17999999999999972,-0.05600000000000005,-126.0,1.0
2013,S16,Marquette,Miami (FL),Marquette,1.0,-2.9299999999999997,0.7199999999999998,-0.06300000000000006,-137.0,1.0
2013,S16,Miami (FL),Marquette,Marquette,-1.0,2.9299999999999997,-0.7199999999999998,0.06300000000000006,137.0,0.0
2013,E8,Syracuse,Marquette,Syracuse,1.0,6.25,-0.019999999999999574,0.007000000000000006,278.0,1.0
2013,E8,Marquette,Syracuse,Syracuse,-1.0,-6.25,0.019999999999999574,-0.007000000000000006,-278.0,0.0
2013,R64,Louisville,North Carolina A&T,Louisville,-15.0,31.75,15.43,0.33399999999999996,619.0,1.0
2013,R64,North Carolina A&T,Louisville,Louisville,15.0,-31.75,-15.43,-0.33399999999999996,-619.0,0.0
2013,R64,Colorado State,Missouri,Colorado State,-1.0,-1.8200000000000003,-0.16999999999999993,0.06699999999999995,4.0,1.0
2013,R64,Missouri,Colorado State,Colorado State,1.0,1.8200000000000003,0.16999999999999993,-0.06699999999999995,-4.0,0.0
2013,R64,Oklahoma State,Oregon,Oregon,-7.0,1.790000000000001,0.9899999999999993,-0.030000000000000027,-6.0,0.0
2013,R64,Oregon,Oklahoma State,Oregon,7.0,-1.790000000000001,-0.9899999999999993,0.030000000000000027,6.0,1.0
2013,R64,Saint Louis,New Mexico State,Saint Louis,-9.0,9.26,3.61,0.11399999999999999,172.0,1.0
2013,R64,New Mexico State,Saint Louis,Saint Louis,9.0,-9.26,-3.61,-0.11399999999999999,-172.0,0.0
2013,R64,Memphis,Saint Mary's,Memphis,-5.0,-2.1800000000000015,-0.5299999999999998,0.06099999999999994,-63.0,1.0
2013,R64,Saint Mary's,Memphis,Memphis,5.0,2.1800000000000015,0.5299999999999998,-0.06099999999999994,63.0,0.0
2013,R64,Michigan State,Valparaiso,Michigan State,-11.0,11.479999999999999,11.670000000000002,-0.015000000000000013,18.0,1.0
2013,R64,Valparaiso,Michigan State,Michigan State,11.0,-11.479999999999999,-11.670000000000002,0.015000000000000013,-18.0,0.0
2013,R64,Creighton,Cincinnati,Creighton,-3.0,1.959999999999999,-1.79,0.131,150.0,1.0
2013,R64,Cincinnati,Creighton,Creighton,3.0,-1.959999999999999,1.79,-0.131,-150.0,0.0
2013,R64,Duke,Albany (NY),Duke,-13.0,22.32,14.08,0.1469999999999999,300.0,1.0
2013,R64,Albany (NY),Duke,Duke,13.0,-22.32,-14.08,-0.1469999999999999,-300.0,0.0
2013,R32,Louisville,Colorado State,Louisville,-7.0,11.22,3.3000000000000007,0.132,303.0,1.0
2013,R32,Colorado State,Louisville,Louisville,7.0,-11.22,-3.3000000000000007,-0.132,-303.0,0.0
2013,R32,Oregon,Saint Louis,Oregon,8.0,-0.5700000000000003,1.4400000000000004,-0.04300000000000004,-54.0,1.0
2013,R32,Saint Louis,Oregon,Oregon,-8.0,0.5700000000000003,-1.4400000000000004,0.04300000000000004,54.0,0.0
2013,R32,Memphis,Michigan State,Michigan State,3.0,-6.35,-7.82,0.11099999999999999,25.0,0.0
2013,R32,Michigan State,Memphis,Michigan State,-3.0,6.35,7.82,-0.11099999999999999,-25.0,1.0
2013,R32,Creighton,Duke,Duke,5.0,-5.030000000000001,-4.42,-0.05499999999999994,-22.0,0.0
2013,R32,Duke,Creighton,Duke,-5.0,5.030000000000001,4.42,0.05499999999999994,22.0,1.0
2013,S16,Louisville,Oregon,Louisville,-11.0,11.040000000000001,3.41,0.118,329.0,1.0
2013,S16,Oregon,Louisville,Louisville,11.0,-11.040000000000001,-3.41,-0.118,-329.0,0.0
2013,S16,Michigan State,Duke,Duke,1.0,-2.830000000000002,0.9800000000000004,-0.08299999999999996,-109.0,0.0
2013,S16,Duke,Michigan State,Duke,-1.0,2.830000000000002,-0.9800000000000004,0.08299999999999996,109.0,1.0
2013,E8,Louisville,Duke,Louisville,-1.0,3.3599999999999994,-0.4299999999999997,0.04200000000000004,199.0,1.0
2013,E8,Duke,Louisville,Louisville,1.0,-3.3599999999999994,0.4299999999999997,-0.04200000000000004,-199.0,0.0
2013,R64,Kansas,Western Kentucky,Kansas,-15.0,21.419999999999998,8.67,0.2819999999999999,445.0,1.0
2013,R64,Western Kentucky,Kansas,Kansas,15.0,-21.419999999999998,-8.67,-0.2819999999999999,-445.0,0.0
2013,R64,UNC,Villanova,UNC,-1.0,-14.379999999999999,-12.479999999999999,-0.08799999999999997,-10.0,1.0
2013,R64,Villanova,UNC,UNC,1.0,14.379999999999999,12.479999999999999,0.08799999999999997,10.0,0.0
2013,R64,VCU,Akron,VCU,-7.0,8.85,4.37,-0.038000000000000034,149.0,1.0
2013,R64,Akron,VCU,VCU,7.0,-8.85,-4.37,0.038000000000000034,-149.0,0.0
2013,R64,Michigan,South Dakota State,Michigan,-9.0,18.939999999999998,13.32,0.08100000000000007,197.0,1.0
2013,R64,South Dakota State,Michigan,Michigan,9.0,-18.939999999999998,-13.32,-0.08100000000000007,-197.0,0.0
2013,R64,UCLA,Minnesota,Minnesota,-5.0,-4.02,-2.540000000000001,0.09599999999999997,-45.0,0.0
2013,R64,Minnesota,UCLA,Minnesota,5.0,4.02,2.540000000000001,-0.09599999999999997,45.0,1.0
2013,R64,Florida,Northwestern State,Florida,-11.0,23.49,10.64,0.06500000000000006,356.0,1.0
2013,R64,Northwestern State,Florida,Florida,11.0,-23.49,-10.64,-0.06500000000000006,-356.0,0.0
2013,R64,San Diego State,Oklahoma,San Diego State,-3.0,1.549999999999999,-0.9400000000000004,0.051000000000000045,141.0,1.0
2013,R64,Oklahoma,San Diego State,San Diego State,3.0,-1.549999999999999,0.9400000000000004,-0.051000000000000045,-141.0,0.0
2013,R64,Georgetown,Florida Gulf Coast,Florida Gulf Coast,-13.0,12.85,9.43,0.07800000000000007,37.0,0.0
2013,R64,Florida Gulf Coast,Georgetown,Florida Gulf Coast,13.0,-12.85,-9.43,-0.07800000000000007,-37.0,1.0
2013,R32,Kansas,UNC,Kansas,-7.0,24.419999999999998,11.49,0.33799999999999997,407.0,1.0
2013,R32,UNC,Kansas,Kansas,7.0,-24.419999999999998,-11.49,-0.33799999999999997,-407.0,0.0
2013,R32,VCU,Michigan,Michigan,1.0,-4.32,-5.500000000000001,-0.04500000000000004,-18.0,0.0
2013,R32,Michigan,VCU,Michigan,-1.0,4.32,5.500000000000001,0.04500000000000004,18.0,1.0
2013,R32,Minnesota,Florida,Florida,8.0,-7.039999999999999,3.460000000000001,-0.16600000000000004,-408.0,0.0
2013,R32,Florida,Minnesota,Florida,-8.0,7.039999999999999,-3.460000000000001,0.16600000000000004,408.0,1.0
2013,R32,San Diego State,Florida Gulf Coast,Florida Gulf Coast,-8.0,9.94,7.96,-0.026999999999999913,52.0,0.0
2013,R32,Florida Gulf Coast,San Diego State,Florida Gulf Coast,8.0,-9.94,-7.96,0.026999999999999913,-52.0,1.0
2013,S16,Kansas,Michigan,Michigan,-3.0,-0.5,-2.500000000000001,0.04299999999999993,25.0,0.0
2013,S16,Michigan,Kansas,Michigan,3.0,0.5,2.500000000000001,-0.04299999999999993,-25.0,1.0
2013,S16,Florida,Florida Gulf Coast,Florida,-12.0,20.869999999999997,8.67,0.08100000000000007,403.0,1.0
2013,S16,Florida Gulf Coast,Florida,Florida,12.0,-20.869999999999997,-8.67,-0.08100000000000007,-403.0,0.0
2013,E8,Michigan,Florida,Michigan,1.0,-2.59,3.200000000000001,0.01100000000000001,-165.0,1.0
2013,E8,Florida,Michigan,Michigan,-1.0,2.59,-3.200000000000001,-0.01100000000000001,165.0,0.0
2013,R64,Gonzaga,Southern,Gonzaga,-15.0,23.060000000000002,14.46,0.21700000000000008,268.0,1.0
2013,R64,Southern,Gonzaga,Gonzaga,15.0,-23.060000000000002,-14.46,-0.21700000000000008,-268.0,0.0
2013,R64,Pitt,Wichita State,Wichita State,-1.0,4.16,-0.4299999999999997,-0.04200000000000004,100.0,0.0
2013,R64,Wichita State,Pitt,Wichita State,1.0,-4.16,0.4299999999999997,0.04200000000000004,-100.0,1.0
2013,R64,Wisconsin,Ole Miss,Ole Miss,-7.0,4.320000000000002,5.5600000000000005,-0.09299999999999997,-54.0,0.0
2013,R64,Ole Miss,Wisconsin,Ole Miss,7.0,-4.320000000000002,-5.5600000000000005,0.09299999999999997,54.0,1.0
2013,R64,Kansas State,La Salle,La Salle,-9.0,3.389999999999999,2.0700000000000003,0.06500000000000006,106.0,0.0
2013,R64,La Salle,Kansas State,La Salle,9.0,-3.389999999999999,-2.0700000000000003,-0.06500000000000006,-106.0,1.0
2013,R64,Arizona,Belmont,Arizona,-5.0,6.899999999999999,8.4,-0.017000000000000015,-60.0,1.0
2013,R64,Belmont,Arizona,Arizona,5.0,-6.899999999999999,-8.4,0.017000000000000015,60.0,0.0
2013,R64,New Mexico,Harvard,Harvard,-11.0,9.280000000000001,6.42,0.16199999999999992,108.0,0.0
2013,R64,Harvard,New Mexico,Harvard,11.0,-9.280000000000001,-6.42,-0.16199999999999992,-108.0,1.0
2013,R64,Notre Dame,Iowa State,Iowa State,-3.0,-0.7400000000000002,1.1100000000000003,0.05699999999999994,-65.0,0.0
2013,R64,Iowa State,Notre Dame,Iowa State,3.0,0.7400000000000002,-1.1100000000000003,-0.05699999999999994,65.0,1.0
2013,R64,Ohio State,Iona,Ohio State,-13.0,16.130000000000003,9.33,0.19600000000000006,264.0,1.0
2013,R64,Iona,Ohio State,Ohio State,13.0,-16.130000000000003,-9.33,-0.19600000000000006,-264.0,0.0
2013,R32,Gonzaga,Wichita State,Wichita State,-8.0,5.760000000000002,-1.9500000000000002,0.14500000000000002,266.0,0.0
2013,R32,Wichita State,Gonzaga,Wichita State,8.0,-5.760000000000002,1.9500000000000002,-0.14500000000000002,-266.0,1.0
2013,R32,Ole Miss,La Salle,La Salle,-1.0,4.289999999999999,-0.2999999999999998,0.04400000000000004,177.0,0.0
2013,R32,La Salle,Ole Miss,La Salle,1.0,-4.289999999999999,0.2999999999999998,-0.04400000000000004,-177.0,1.0
2013,R32,Arizona,Harvard,Arizona,-8.0,13.349999999999998,7.3100000000000005,0.10399999999999998,219.0,1.0
2013,R32,Harvard,Arizona,Arizona,8.0,-13.349999999999998,-7.3100000000000005,-0.10399999999999998,-219.0,0.0
2013,R32,Iowa State,Ohio State,Ohio State,8.0,-5.690000000000001,-3.2,-0.127,-109.0,0.0
2013,R32,Ohio State,Iowa State,Ohio State,-8.0,5.690000000000001,3.2,0.127,109.0,1.0
2013,S16,Wichita State,La Salle,Wichita State,-4.0,4.529999999999999,1.62,0.06300000000000006,142.0,1.0
2013,S16,La Salle,Wichita State,Wichita State,4.0,-4.529999999999999,-1.62,-0.06300000000000006,-142.0,0.0
2013,S16,Arizona,Ohio State,Ohio State,4.0,-2.8800000000000026,-1.8499999999999996,-0.013000000000000012,-58.0,0.0
2013,S16,Ohio State,Arizona,Ohio State,-4.0,2.8800000000000026,1.8499999999999996,0.013000000000000012,58.0,1.0
2013,E8,Wichita State,Ohio State,Wichita State,7.0,-5.510000000000002,-3.24,-0.015000000000000013,-67.0,1.0
2013,E8,Ohio State,Wichita State,Wichita State,-7.0,5.510000000000002,3.24,0.015000000000000013,67.0,0.0
2013,F4,Syracuse,Michigan,Michigan,0.0,-0.9899999999999984,-1.4800000000000004,-0.04500000000000004,4.0,0.0
2013,F4,Michigan,Syracuse,Michigan,-0.0,0.9899999999999984,1.4800000000000004,0.04500000000000004,-4.0,1.0
2013,F4,Louisville,Wichita State,Louisville,-8.0,10.14,3.0500000000000007,0.10599999999999998,292.0,1.0
2013,F4,Wichita State,Louisville,Louisville,8.0,-10.14,-3.0500000000000007,-0.10599999999999998,-292.0,0.0
2013,NCG,Michigan,Louisville,Louisville,3.0,-3.530000000000001,0.9100000000000001,-0.07999999999999996,-162.0,0.0
2013,NCG,Louisville,Michigan,Louisville,-3.0,3.530000000000001,-0.9100000000000001,0.07999999999999996,162.0,1.0
2014,R64,Virginia,Coastal Carolina,Virginia,-15.0,23.59,14.17,0.19300000000000006,257.0,1.0
2014,R64,Coastal Carolina,Virginia,Virginia,15.0,-23.59,-14.17,-0.19300000000000006,-257.0,0.0
2014,R64,Memphis,George Washington,Memphis,-1.0,2.42,2.7199999999999998,-0.02100000000000002,13.0,1.0
2014,R64,George Washington,Memphis,Memphis,1.0,-2.42,-2.7199999999999998,0.02100000000000002,-13.0,0.0
2014,R64,Cincinnati,Harvard,Harvard,-7.0,4.470000000000001,5.75,-0.04999999999999993,-52.0,0.0
2014,R64,Harvard,Cincinnati,Harvard,7.0,-4.470000000000001,-5.75,0.04999999999999993,52.0,1.0
2014,R64,Michigan State,Delaware,Michigan State,-9.0,16.62,10.48,0.049000000000000044,245.0,1.0
2014,R64,Delaware,Michigan State,Michigan State,9.0,-16.62,-10.48,-0.049000000000000044,-245.0,0.0
2014,R64,UNC,Providence,UNC,-5.0,-18.18,-13.35,-0.126,-61.0,1.0
2014,R64,Providence,UNC,UNC,5.0,18.18,13.35,0.126,61.0,0.0
2014,R64,Iowa State,North Carolina Central,Iowa State,-11.0,14.549999999999999,17.91,-0.04599999999999993,-179.0,1.0
2014,R64,North Carolina Central,Iowa State,Iowa State,11.0,-14.549999999999999,-17.91,0.04599999999999993,179.0,0.0
2014,R64,UConn,Saint Joseph's,UConn,-3.0,8.18,3.5500000000000007,0.09400000000000008,209.0,1.0
2014,R64,Saint Joseph's,UConn,UConn,3.0,-8.18,-3.5500000000000007,-0.09400000000000008,-209.0,0.0
2014,R64,Villanova,Milwaukee,Villanova,-13.0,20.5,7.94,0.253,394.0,1.0
2014,R64,Milwaukee,Villanova,Villanova,13.0,-20.5,-7.94,-0.253,-394.0,0.0
2014,R32,Virginia,Memphis,Virginia,-7.0,5.359999999999999,0.7200000000000006,0.1050000000000001,172.0,1.0
2014,R32,Memphis,Virginia,Virginia,7.0,-5.359999999999999,-0.7200000000000006,-0.1050000000000001,-172.0,0.0
2014,R32,Harvard,Michigan State,Michigan State,8.0,-8.560000000000002,-9.850000000000001,0.08099999999999996,12.0,0.0
2014,R32,Michigan State,Harvard,Michigan State,-8.0,8.560000000000002,9.850000000000001,-0.08099999999999996,-12.0,1.0
2014,R32,UNC,Iowa State,Iowa State,3.0,-25.33,-15.38,-0.247,-249.0,0.0
2014,R32,Iowa State,UNC,Iowa State,-3.0,25.33,15.38,0.247,249.0,1.0
2014,R32,UConn,Villanova,UConn,5.0,-1.7399999999999984,1.1300000000000008,-0.052999999999999936,-46.0,1.0
2014,R32,Villanova,UConn,UConn,-5.0,1.7399999999999984,-1.1300000000000008,0.052999999999999936,46.0,0.0
2014,S16,Virginia,Michigan State,Michigan State,-3.0,-0.9700000000000024,-1.5200000000000005,0.04800000000000004,10.0,0.0
2014,S16,Michigan State,Virginia,Michigan State,3.0,0.9700000000000024,1.5200000000000005,-0.04800000000000004,-10.0,1.0
2014,S16,Iowa State,UConn,UConn,-4.0,1.2899999999999991,1.25,-0.02200000000000002,-33.0,0.0
2014,S16,UConn,Iowa State,UConn,4.0,-1.2899999999999991,-1.25,0.02200000000000002,33.0,1.0
2014,E8,Michigan State,UConn,UConn,-3.0,2.120000000000001,0.75,-0.03700000000000003,35.0,0.0
2014,E8,UConn,Michigan State,UConn,3.0,-2.120000000000001,-0.75,0.03700000000000003,-35.0,1.0
2014,R64,Wichita State,Cal Poly,Wichita State,-15.0,17.99,0.050000000000000044,0.56,587.0,1.0
2014,R64,Cal Poly,Wichita State,Wichita State,15.0,-17.99,-0.050000000000000044,-0.56,-587.0,0.0
2014,R64,Kentucky,Kansas State,Kentucky,-1.0,5.93,1.4299999999999997,0.119,206.0,1.0
2014,R64,Kansas State,Kentucky,Kentucky,1.0,-5.93,-1.4299999999999997,-0.119,-206.0,0.0
2014,R64,Saint Louis,NC State,Saint Louis,-7.0,2.610000000000001,-3.2,0.18300000000000005,212.0,1.0
2014,R64,NC State,Saint Louis,Saint Louis,7.0,-2.610000000000001,3.2,-0.18300000000000005,-212.0,0.0
2014,R64,Louisville,Manhattan,Louisville,-9.0,18.650000000000002,5.7,0.07999999999999996,507.0,1.0
2014,R64,Manhattan,Louisville,Louisville,9.0,-18.650000000000002,-5.7,-0.07999999999999996,-507.0,0.0
2014,R64,UMass,Tennessee,Tennessee,-5.0,-6.73,-1.8399999999999999,0.07799999999999996,-237.0,0.0
2014,R64,Tennessee,UMass,Tennessee,5.0,6.73,1.8399999999999999,-0.07799999999999996,237.0,1.0
2014,R64,Duke,Mercer,Mercer,-11.0,14.180000000000001,11.9,-0.007000000000000006,-40.0,0.0
2014,R64,Mercer,Duke,Mercer,11.0,-14.180000000000001,-11.9,0.007000000000000006,40.0,1.0
2014,R64,Texas,Arizona State,Texas,-3.0,-0.6500000000000004,1.7400000000000002,0.050000000000000044,-72.0,1.0
2014,R64,Arizona State,Texas,Texas,3.0,0.6500000000000004,-1.7400000000000002,-0.050000000000000044,72.0,0.0
2014,R64,Michigan,Wofford,Michigan,-13.0,22.84,15.600000000000001,0.15100000000000002,177.0,1.0
2014,R64,Wofford,Michigan,Michigan,13.0,-22.84,-15.600000000000001,-0.15100000000000002,-177.0,0.0
2014,R32,Wichita State,Kentucky,Kentucky,-7.0,-1.4200000000000017,-8.16,0.247,238.0,0.0
2014,R32,Kentucky,Wichita State,Kentucky,7.0,1.4200000000000017,8.16,-0.247,-238.0,1.0
2014,R32,Saint Louis,Louisville,Louisville,1.0,-13.06,-0.5599999999999996,-0.04399999999999993,-467.0,0.0
2014,R32,Louisville,Saint Louis,Louisville,-1.0,13.06,0.5599999999999996,0.04399999999999993,467.0,1.0
2014,R32,Tennessee,Mercer,Tennessee,-3.0,12.01,11.26,-0.10099999999999998,-37.0,1.0
2014,R32,Mercer,Tennessee,Tennessee,3.0,-12.01,-11.26,0.10099999999999998,37.0,0.0
2014,R32,Texas,Michigan,Michigan,5.0,-5.85,-0.5,-0.07099999999999995,-205.0,0.0
2014,R32,Michigan,Texas,Michigan,-5.0,5.85,0.5,0.07099999999999995,205.0,1.0
2014,S16,Kentucky,Louisville,Kentucky,4.0,-6.620000000000001,5.1000000000000005,-0.11299999999999999,-409.0,1.0
2014,S16,Louisville,Kentucky,Kentucky,-4.0,6.620000000000001,-5.1000000000000005,0.11299999999999999,409.0,0.0
2014,S16,Tennessee,Michigan,Michigan,9.0,-1.1799999999999997,-1.8100000000000005,-0.10799999999999998,61.0,0.0
2014,S16,Michigan,Tennessee,Michigan,-9.0,1.1799999999999997,1.8100000000000005,0.10799999999999998,-61.0,1.0
2014,E8,Kentucky,Michigan,Kentucky,6.0,-0.4499999999999993,0.25,-0.03200000000000003,-1.0,1.0
2014,E8,Michigan,Kentucky,Kentucky,-6.0,0.4499999999999993,-0.25,0.03200000000000003,1.0,0.0
2014,R64,Florida,Albany (NY),Florida,-15.0,24.0,13.759999999999998,0.364,409.0,1.0
2014,R64,Albany (NY),Florida,Florida,15.0,-24.0,-13.759999999999998,-0.364,-409.0,0.0
2014,R64,Colorado,Pitt,Pitt,-1.0,-6.66,1.2600000000000007,-0.06499999999999995,-287.0,0.0
2014,R64,Pitt,Colorado,Pitt,1.0,6.66,-1.2600000000000007,0.06499999999999995,287.0,1.0
2014,R64,VCU,Stephen F. Austin,Stephen F. Austin,-7.0,9.73,11.54,-0.17100000000000004,-100.0,0.0
2014,R64,Stephen F. Austin,VCU,Stephen F. Austin,7.0,-9.73,-11.54,0.17100000000000004,100.0,1.0
2014,R64,UCLA,Tulsa,UCLA,-9.0,12.169999999999998,6.45,0.139,227.0,1.0
2014,R64,Tulsa,UCLA,UCLA,9.0,-12.169999999999998,-6.45,-0.139,-227.0,0.0
2014,R64,Ohio State,Dayton,Dayton,-5.0,7.289999999999999,2.7799999999999994,0.01100000000000001,147.0,0.0
2014,R64,Dayton,Ohio State,Dayton,5.0,-7.289999999999999,-2.7799999999999994,-0.01100000000000001,-147.0,1.0
2014,R64,Syracuse,Western Michigan,Syracuse,-11.0,14.32,8.7,0.127,161.0,1.0
2014,R64,Western Michigan,Syracuse,Syracuse,11.0,-14.32,-8.7,-0.127,-161.0,0.0
2014,R64,New Mexico,Stanford,Stanford,-3.0,-0.6999999999999993,-4.16,0.15500000000000003,109.0,0.0
2014,R64,Stanford,New Mexico,Stanford,3.0,0.6999999999999993,4.16,-0.15500000000000003,-109.0,1.0
2014,R64,Kansas,Eastern Kentucky,Kansas,-13.0,19.65,15.74,0.008000000000000007,44.0,1.0
2014,R64,Eastern Kentucky,Kansas,Kansas,13.0,-19.65,-15.74,-0.008000000000000007,-44.0,0.0
2014,R32,Florida,Pitt,Florida,-8.0,3.2300000000000004,0.9999999999999991,0.20100000000000007,117.0,1.0
2014,R32,Pitt,Florida,Florida,8.0,-3.2300000000000004,-0.9999999999999991,-0.20100000000000007,-117.0,0.0
2014,R32,Stephen F. Austin,UCLA,UCLA,8.0,-13.579999999999998,-14.379999999999999,0.15700000000000003,43.0,0.0
2014,R32,UCLA,Stephen F. Austin,UCLA,-8.0,13.579999999999998,14.379999999999999,-0.15700000000000003,-43.0,1.0
2014,R32,Dayton,Syracuse,Dayton,8.0,-5.5,-1.9100000000000001,-0.121,-106.0,1.0
2014,R32,Syracuse,Dayton,Dayton,-8.0,5.5,1.9100000000000001,0.121,106.0,0.0
2014,R32,Stanford,Kansas,Stanford,8.0,-6.83,-2.4000000000000004,-0.07499999999999996,-151.0,1.0
2014,R32,Kansas,Stanford,Stanford,-8.0,6.83,2.4000000000000004,0.07499999999999996,151.0,0.0
2014,S16,Florida,UCLA,Florida,-3.0,2.2900000000000027,0.919999999999999,0.16600000000000004,75.0,1.0
2014,S16,UCLA,Florida,Florida,3.0,-2.2900000000000027,-0.919999999999999,-0.16600000000000004,-75.0,0.0
2014,S16,Dayton,Stanford,Dayton,1.0,-2.869999999999999,-3.66,0.06399999999999995,34.0,1.0
2014,S16,Stanford,Dayton,Dayton,-1.0,2.869999999999999,3.66,-0.06399999999999995,-34.0,0.0
2014,E8,Florida,Dayton,Florida,-10.0,10.14,3.1999999999999993,0.22000000000000008,281.0,1.0
2014,E8,Dayton,Florida,Florida,10.0,-10.14,-3.1999999999999993,-0.22000000000000008,-281.0,0.0
2014,R64,Arizona,Weber State,Arizona,-15.0,24.28,13.27,0.255,351.0,1.0
2014,R64,Weber State,Arizona,Arizona,15.0,-24.28,-13.27,-0.255,-351.0,0.0
2014,R64,Gonzaga,Oklahoma State,Gonzaga,-1.0,-3.459999999999999,-2.9799999999999995,0.18800000000000006,26.0,1.0
2014,R64,Oklahoma State,Gonzaga,Gonzaga,1.0,3.459999999999999,2.9799999999999995,-0.18800000000000006,-26.0,0.0
2014,R64,Oklahoma,North Dakota State,North Dakota State,-7.0,8.600000000000001,8.99,-0.09100000000000008,-132.0,0.0
2014,R64,North Dakota State,Oklahoma,North Dakota State,7.0,-8.600000000000001,-8.99,0.09100000000000008,132.0,1.0
2014,R64,San Diego State,New Mexico State,San Diego State,-9.0,8.79,7.44,0.139,122.0,1.0
2014,R64,New Mexico State,San Diego State,San Diego State,9.0,-8.79,-7.44,-0.139,-122.0,0.0
2014,R64,Baylor,Nebraska,Baylor,-5.0,5.67,1.6099999999999994,0.09000000000000008,214.0,1.0
2014,R64,Nebraska,Baylor,Baylor,5.0,-5.67,-1.6099999999999994,-0.09000000000000008,-214.0,0.0
2014,R64,Creighton,Louisiana,Creighton,-11.0,15.120000000000001,7.45,0.11399999999999999,178.0,1.0
2014,R64,Louisiana,Creighton,Creighton,11.0,-15.120000000000001,-7.45,-0.11399999999999999,-178.0,0.0
2014,R64,Oregon,BYU,Oregon,-3.0,4.119999999999999,2.330000000000001,0.04899999999999993,37.0,1.0
2014,R64,BYU,Oregon,Oregon,3.0,-4.119999999999999,-2.330000000000001,-0.04899999999999993,-37.0,0.0
2014,R64,Wisconsin,American,Wisconsin,-13.0,19.0,13.44,0.18300000000000005,231.0,1.0
2014,R64,American,Wisconsin,Wisconsin,13.0,-19.0,-13.44,-0.18300000000000005,-231.0,0.0
2014,R32,Arizona,Gonzaga,Arizona,-7.0,7.799999999999999,3.679999999999999,0.061999999999999944,155.0,1.0
2014,R32,Gonzaga,Arizona,Arizona,7.0,-7.799999999999999,-3.679999999999999,-0.061999999999999944,-155.0,0.0
2014,R32,North Dakota State,San Diego State,San Diego State,8.0,-8.64,-4.88,-0.07299999999999995,-150.0,0.0
2014,R32,San Diego State,North Dakota State,San Diego State,-8.0,8.64,4.88,0.07299999999999995,150.0,1.0
2014,R32,Baylor,Creighton,Baylor,3.0,-2.2300000000000004,2.9399999999999995,-0.08699999999999997,-114.0,1.0
2014,R32,Creighton,Baylor,Baylor,-3.0,2.2300000000000004,-2.9399999999999995,0.08699999999999997,114.0,0.0
2014,R32,Oregon,Wisconsin,Wisconsin,5.0,-3.9400000000000013,-2.139999999999999,-0.08300000000000007,-99.0,0.0
2014,R32,Wisconsin,Oregon,Wisconsin,-5.0,3.9400000000000013,2.139999999999999,0.08300000000000007,99.0,1.0
2014,S16,Arizona,San Diego State,Arizona,-3.0,8.41,4.179999999999999,0.007000000000000006,66.0,1.0
2014,S16,San Diego State,Arizona,Arizona,3.0,-8.41,-4.179999999999999,-0.007000000000000006,-66.0,0.0
2014,S16,Baylor,Wisconsin,Wisconsin,4.0,-3.8900000000000006,-0.08000000000000007,-0.10499999999999998,-95.0,0.0
2014,S16,Wisconsin,Baylor,Wisconsin,-4.0,3.8900000000000006,0.08000000000000007,0.10499999999999998,95.0,1.0
2014,E8,Arizona,Wisconsin,Wisconsin,-1.0,3.669999999999998,-1.1500000000000004,0.07899999999999996,183.0,0.0
2014,E8,Wisconsin,Arizona,Wisconsin,1.0,-3.669999999999998,1.1500000000000004,-0.07899999999999996,-183.0,1.0
2014,F4,UConn,Florida,UConn,6.0,-3.460000000000001,0.09000000000000163,-0.123,-130.0,1.0
2014,F4,Florida,UConn,UConn,-6.0,3.460000000000001,-0.09000000000000163,0.123,130.0,0.0
2014,F4,Kentucky,Wisconsin,Kentucky,6.0,-1.620000000000001,-0.28999999999999915,-0.06400000000000006,-34.0,1.0
2014,F4,Wisconsin,Kentucky,Kentucky,-6.0,1.620000000000001,0.28999999999999915,0.06400000000000006,34.0,0.0
2014,NCG,UConn,Kentucky,UConn,-1.0,-0.8399999999999999,-1.2699999999999996,0.07500000000000007,17.0,1.0
2014,NCG,Kentucky,UConn,UConn,1.0,0.8399999999999999,1.2699999999999996,-0.07500000000000007,-17.0,0.0
2015,R64,Villanova,Lafayette,Villanova,-15.0,26.5,10.67,0.31100000000000005,544.0,1.0
2015,R64,Lafayette,Villanova,Villanova,15.0,-26.5,-10.67,-0.31100000000000005,-544.0,0.0
2015,R64,NC State,LSU,NC State,-1.0,2.719999999999999,4.090000000000001,-0.05600000000000005,-32.0,1.0
2015,R64,LSU,NC State,NC State,1.0,-2.719999999999999,-4.090000000000001,0.05600000000000005,32.0,0.0
2015,R64,Northern Iowa,Wyoming,Northern Iowa,-7.0,8.729999999999999,2.04,0.17200000000000004,192.0,1.0
2015,R64,Wyoming,Northern Iowa,Northern Iowa,7.0,-8.729999999999999,-2.04,-0.17200000000000004,-192.0,0.0
2015,R64,Louisville,UC Irvine,Louisville,-9.0,14.490000000000002,8.530000000000001,0.132,147.0,1.0
2015,R64,UC Irvine,Louisville,Louisville,9.0,-14.490000000000002,-8.530000000000001,-0.132,-147.0,0.0
2015,R64,Providence,Dayton,Dayton,-5.0,2.7300000000000004,5.44,-0.10299999999999998,-106.0,0.0
2015,R64,Dayton,Providence,Dayton,5.0,-2.7300000000000004,-5.44,0.10299999999999998,106.0,1.0
2015,R64,Oklahoma,Albany (NY),Oklahoma,-11.0,18.99,15.12,-0.040999999999999925,145.0,1.0
2015,R64,Albany (NY),Oklahoma,Oklahoma,11.0,-18.99,-15.12,0.040999999999999925,-145.0,0.0
2015,R64,Michigan State,Georgia,Michigan State,-3.0,5.040000000000001,1.4000000000000004,0.05599999999999994,165.0,1.0
2015,R64,Georgia,Michigan State,Michigan State,3.0,-5.040000000000001,-1.4000000000000004,-0.05599999999999994,-165.0,0.0
2015,R64,Virginia,Belmont,Virginia,-13.0,21.38,10.58,0.21499999999999997,353.0,1.0
2015,R64,Belmont,Virginia,Virginia,13.0,-21.38,-10.58,-0.21499999999999997,-353.0,0.0
2015,R32,Villanova,NC State,NC State,-7.0,9.02,-2.170000000000001,0.30600000000000005,403.0,0.0
2015,R32,NC State,Villanova,NC State,7.0,-9.02,2.170000000000001,-0.30600000000000005,-403.0,1.0
2015,R32,Northern Iowa,Louisville,Louisville,1.0,-5.580000000000002,-6.98,0.136,40.0,0.0
2015,R32,Louisville,Northern Iowa,Louisville,-1.0,5.580000000000002,6.98,-0.136,-40.0,1.0
2015,R32,Dayton,Oklahoma,Oklahoma,8.0,-7.669999999999998,-5.88,0.06399999999999995,-56.0,0.0
2015,R32,Oklahoma,Dayton,Oklahoma,-8.0,7.669999999999998,5.88,-0.06399999999999995,56.0,1.0
2015,R32,Michigan State,Virginia,Michigan State,5.0,-4.27,2.1900000000000004,-0.19000000000000006,-182.0,1.0
2015,R32,Virginia,Michigan State,Michigan State,-5.0,4.27,-2.1900000000000004,0.19000000000000006,182.0,0.0
2015,S16,NC State,Louisville,Louisville,4.0,-4.010000000000002,0.7400000000000002,-0.139,-171.0,0.0
2015,S16,Louisville,NC State,Louisville,-4.0,4.010000000000002,-0.7400000000000002,0.139,171.0,1.0
2015,S16,Oklahoma,Michigan State,Michigan State,-4.0,1.1899999999999977,-0.0600000000000005,-0.005999999999999894,14.0,0.0
2015,S16,Michigan State,Oklahoma,Michigan State,4.0,-1.1899999999999977,0.0600000000000005,0.005999999999999894,-14.0,1.0
2015,E8,Louisville,Michigan State,Michigan State,-3.0,0.6600000000000001,-1.0199999999999996,0.05800000000000005,38.0,0.0
2015,E8,Michigan State,Louisville,Michigan State,3.0,-0.6600000000000001,1.0199999999999996,-0.05800000000000005,-38.0,1.0
2015,R64,Kentucky,Hampton,Kentucky,-15.0,36.97,15.75,0.488,823.0,1.0
2015,R64,Hampton,Kentucky,Kentucky,15.0,-36.97,-15.75,-0.488,-823.0,0.0
2015,R64,Cincinnati,Purdue,Cincinnati,-1.0,-2.209999999999999,-3.2399999999999993,0.05800000000000005,35.0,1.0
2015,R64,Purdue,Cincinnati,Cincinnati,1.0,2.209999999999999,3.2399999999999993,-0.05800000000000005,-35.0,0.0
2015,R64,West Virginia,Buffalo,West Virginia,-7.0,7.1899999999999995,7.6899999999999995,0.017000000000000015,-5.0,1.0
2015,R64,Buffalo,West Virginia,West Virginia,7.0,-7.1899999999999995,-7.6899999999999995,-0.017000000000000015,5.0,0.0
2015,R64,Maryland,Valparaiso,Maryland,-9.0,7.03,9.629999999999999,-0.02399999999999991,-146.0,1.0
2015,R64,Valparaiso,Maryland,Maryland,9.0,-7.03,-9.629999999999999,0.02399999999999991,146.0,0.0
2015,R64,Butler,Texas,Butler,-5.0,0.4800000000000004,-0.45000000000000107,0.08800000000000008,32.0,1.0
2015,R64,Texas,Butler,Butler,5.0,-0.4800000000000004,0.45000000000000107,-0.08800000000000008,-32.0,0.0
2015,R64,Notre Dame,Northeastern,Notre Dame,-11.0,17.2,8.36,0.18499999999999994,346.0,1.0
2015,R64,Northeastern,Notre Dame,Notre Dame,11.0,-17.2,-8.36,-0.18499999999999994,-346.0,0.0
2015,R64,Wichita State,Indiana,Wichita State,-3.0,2.620000000000001,-3.52,0.269,257.0,1.0
2015,R64,Indiana,Wichita State,Wichita State,3.0,-2.620000000000001,3.52,-0.269,-257.0,0.0
2015,R64,Kansas,New Mexico State,Kansas,-13.0,14.759999999999998,15.8,0.07399999999999995,-55.0,1.0
2015,R64,New Mexico State,Kansas,Kansas,13.0,-14.759999999999998,-15.8,-0.07399999999999995,55.0,0.0
2015,R32,Kentucky,Cincinnati,Kentucky,-7.0,18.0,4.27,0.29799999999999993,567.0,1.0
2015,R32,Cincinnati,Kentucky,Kentucky,7.0,-18.0,-4.27,-0.29799999999999993,-567.0,0.0
2015,R32,West Virginia,Maryland,West Virginia,1.0,1.799999999999999,1.6599999999999993,-0.08600000000000008,5.0,1.0
2015,R32,Maryland,West Virginia,West Virginia,-1.0,-1.799999999999999,-1.6599999999999993,0.08600000000000008,-5.0,0.0
2015,R32,Butler,Notre Dame,Notre Dame,3.0,-2.59,1.5999999999999996,-0.16599999999999993,-191.0,0.0
2015,R32,Notre Dame,Butler,Notre Dame,-3.0,2.59,-1.5999999999999996,0.16599999999999993,191.0,1.0
2015,R32,Wichita State,Kansas,Wichita State,5.0,-2.9099999999999984,-8.450000000000001,0.10699999999999998,224.0,1.0
2015,R32,Kansas,Wichita State,Wichita State,-5.0,2.9099999999999984,8.450000000000001,-0.10699999999999998,-224.0,0.0
2015,S16,Kentucky,West Virginia,Kentucky,-4.0,13.6,-0.6199999999999992,0.26,578.0,1.0
2015,S16,West Virginia,Kentucky,Kentucky,4.0,-13.6,0.6199999999999992,-0.26,-578.0,0.0
2015,S16,Notre Dame,Wichita State,Notre Dame,-4.0,3.67,3.3399999999999994,-0.015000000000000013,12.0,1.0
2015,S16,Wichita State,Notre Dame,Notre Dame,4.0,-3.67,-3.3399999999999994,0.015000000000000013,-12.0,0.0
2015,E8,Kentucky,Notre Dame,Kentucky,-2.0,9.489999999999998,1.6500000000000004,0.132,318.0,1.0
2015,E8,Notre Dame,Kentucky,Kentucky,2.0,-9.489999999999998,-1.6500000000000004,-0.132,-318.0,0.0
2015,R64,Duke,Robert Morris,Duke,-15.0,27.99,13.37,0.32600000000000007,572.0,1.0
2015,R64,Robert Morris,Duke,Duke,15.0,-27.99,-13.37,-0.32600000000000007,-572.0,0.0
2015,R64,San Diego State,St. John's (NY),San Diego State,-1.0,-0.03999999999999915,-4.799999999999999,0.11399999999999999,184.0,1.0
2015,R64,St. John's (NY),San Diego State,San Diego State,1.0,0.03999999999999915,4.799999999999999,-0.11399999999999999,-184.0,0.0
2015,R64,Utah,Stephen F. Austin,Utah,-7.0,12.370000000000001,11.620000000000001,-0.10999999999999999,13.0,1.0
2015,R64,Stephen F. Austin,Utah,Utah,7.0,-12.370000000000001,-11.620000000000001,0.10999999999999999,-13.0,0.0
2015,R64,Georgetown,Eastern Washington,Georgetown,-9.0,14.690000000000001,13.65,-0.07599999999999996,-45.0,1.0
2015,R64,Eastern Washington,Georgetown,Georgetown,9.0,-14.690000000000001,-13.65,0.07599999999999996,45.0,0.0
2015,R64,SMU,UCLA,UCLA,-5.0,0.8699999999999992,-4.699999999999999,0.18300000000000005,181.0,0.0
2015,R64,UCLA,SMU,UCLA,5.0,-0.8699999999999992,4.699999999999999,-0.18300000000000005,-181.0,1.0
2015,R64,Iowa State,UAB,UAB,-11.0,16.0,7.53,0.17899999999999994,275.0,0.0
2015,R64,UAB,Iowa State,UAB,11.0,-16.0,-7.53,-0.17899999999999994,-275.0,1.0
2015,R64,Iowa,Davidson,Iowa,-3.0,3.8599999999999994,5.200000000000001,-0.10299999999999998,-55.0,1.0
2015,R64,Davidson,Iowa,Iowa,3.0,-3.8599999999999994,-5.200000000000001,0.10299999999999998,55.0,0.0
2015,R64,Gonzaga,North Dakota State,Gonzaga,-13.0,22.84,8.75,0.2240000000000001,562.0,1.0
2015,R64,North Dakota State,Gonzaga,Gonzaga,13.0,-22.84,-8.75,-0.2240000000000001,-562.0,0.0
2015,R32,Duke,San Diego State,Duke,-7.0,13.159999999999998,5.629999999999999,0.14700000000000002,302.0,1.0
2015,R32,San Diego State,Duke,Duke,7.0,-13.159999999999998,-5.629999999999999,-0.14700000000000002,-302.0,0.0
2015,R32,Utah,Georgetown,Utah,1.0,5.5,-2.3900000000000006,0.07599999999999996,310.0,1.0
2015,R32,Georgetown,Utah,Utah,-1.0,-5.5,2.3900000000000006,-0.07599999999999996,-310.0,0.0
2015,R32,UCLA,UAB,UCLA,-3.0,10.13,6.6499999999999995,0.05499999999999994,113.0,1.0
2015,R32,UAB,UCLA,UCLA,3.0,-10.13,-6.6499999999999995,-0.05499999999999994,-113.0,0.0
2015,R32,Iowa,Gonzaga,Gonzaga,5.0,-5.290000000000001,3.2700000000000005,-0.274,-393.0,0.0
2015,R32,Gonzaga,Iowa,Gonzaga,-5.0,5.290000000000001,-3.2700000000000005,0.274,393.0,1.0
2015,S16,Duke,Utah,Duke,-4.0,3.9899999999999984,2.4499999999999993,0.15400000000000003,92.0,1.0
2015,S16,Utah,Duke,Duke,4.0,-3.9899999999999984,-2.4499999999999993,-0.15400000000000003,-92.0,0.0
2015,S16,UCLA,Gonzaga,Gonzaga,9.0,-9.05,3.1499999999999995,-0.31000000000000005,-509.0,0.0
2015,S16,Gonzaga,UCLA,Gonzaga,-9.0,9.05,-3.1499999999999995,0.31000000000000005,509.0,1.0
2015,E8,Duke,Gonzaga,Duke,-1.0,3.849999999999998,4.749999999999999,-0.02400000000000002,-57.0,1.0
2015,E8,Gonzaga,Duke,Duke,1.0,-3.849999999999998,-4.749999999999999,0.02400000000000002,57.0,0.0
2015,R64,Wisconsin,Coastal Carolina,Wisconsin,-15.0,25.63,16.47,0.19400000000000006,256.0,1.0
2015,R64,Coastal Carolina,Wisconsin,Wisconsin,15.0,-25.63,-16.47,-0.19400000000000006,-256.0,0.0
2015,R64,Oregon,Oklahoma State,Oregon,-1.0,-1.5199999999999996,-1.9800000000000004,0.15900000000000003,14.0,1.0
2015,R64,Oklahoma State,Oregon,Oregon,1.0,1.5199999999999996,1.9800000000000004,-0.15900000000000003,-14.0,0.0
2015,R64,Arkansas,Wofford,Arkansas,-7.0,11.51,9.77,-0.050000000000000044,20.0,1.0
2015,R64,Wofford,Arkansas,Arkansas,7.0,-11.51,-9.77,0.050000000000000044,-20.0,0.0
2015,R64,UNC,Harvard,UNC,-9.0,-11.66,-5.4,-0.249,-140.0,1.0
2015,R64,Harvard,UNC,UNC,9.0,11.66,5.4,0.249,140.0,0.0
2015,R64,Xavier,Ole Miss,Xavier,-5.0,4.029999999999999,2.4700000000000006,0.0040000000000000036,71.0,1.0
2015,R64,Ole Miss,Xavier,Xavier,5.0,-4.029999999999999,-2.4700000000000006,-0.0040000000000000036,-71.0,0.0
2015,R64,Baylor,Georgia State,Georgia State,-11.0,12.380000000000003,11.36,-0.008000000000000007,-14.0,0.0
2015,R64,Georgia State,Baylor,Georgia State,11.0,-12.380000000000003,-11.36,0.008000000000000007,14.0,1.0
2015,R64,VCU,Ohio State,Ohio State,-3.0,-6.890000000000001,-1.2700000000000005,0.03599999999999992,-190.0,0.0
2015,R64,Ohio State,VCU,Ohio State,3.0,6.890000000000001,1.2700000000000005,-0.03599999999999992,190.0,1.0
2015,R64,Arizona,Texas Southern,Arizona,-13.0,30.31,13.5,0.266,639.0,1.0
2015,R64,Texas Southern,Arizona,Arizona,13.0,-30.31,-13.5,-0.266,-639.0,0.0
2015,R32,Wisconsin,Oregon,Wisconsin,-7.0,13.18,2.639999999999999,0.17800000000000005,410.0,1.0
2015,R32,Oregon,Wisconsin,Wisconsin,7.0,-13.18,-2.639999999999999,-0.17800000000000005,-410.0,0.0
2015,R32,Arkansas,UNC,UNC,1.0,21.26,12.440000000000001,0.266,203.0,0.0
2015,R32,UNC,Arkansas,UNC,-1.0,-21.26,-12.440000000000001,-0.266,-203.0,1.0
2015,R32,Xavier,Georgia State,Xavier,-8.0,9.95,11.51,-0.09199999999999997,-95.0,1.0
2015,R32,Georgia State,Xavier,Xavier,8.0,-9.95,-11.51,0.09199999999999997,95.0,0.0
2015,R32,Ohio State,Arizona,Arizona,8.0,-4.649999999999999,-0.040000000000000036,-0.20899999999999996,-212.0,0.0
2015,R32,Arizona,Ohio State,Arizona,-8.0,4.649999999999999,0.040000000000000036,0.20899999999999996,212.0,1.0
2015,S16,Wisconsin,UNC,Wisconsin,-3.0,31.8,15.94,0.41600000000000004,514.0,1.0
2015,S16,UNC,Wisconsin,Wisconsin,3.0,-31.8,-15.94,-0.41600000000000004,-514.0,0.0
2015,S16,Xavier,Arizona,Arizona,4.0,-8.909999999999998,2.0700000000000003,-0.273,-423.0,0.0
2015,S16,Arizona,Xavier,Arizona,-4.0,8.909999999999998,-2.0700000000000003,0.273,423.0,1.0
2015,E8,Wisconsin,Arizona,Wisconsin,-1.0,0.28000000000000114,2.879999999999999,0.0050000000000000044,-70.0,1.0
2015,E8,Arizona,Wisconsin,Wisconsin,1.0,-0.28000000000000114,-2.879999999999999,-0.0050000000000000044,70.0,0.0
2015,F4,Michigan State,Duke,Duke,6.0,-7.509999999999998,0.13000000000000078,-0.20500000000000007,-298.0,0.0
2015,F4,Duke,Michigan State,Duke,-6.0,7.509999999999998,-0.13000000000000078,0.20500000000000007,298.0,1.0
2015,F4,Kentucky,Wisconsin,Wisconsin,0.0,4.109999999999999,-1.6199999999999992,0.07399999999999995,209.0,0.0
2015,F4,Wisconsin,Kentucky,Wisconsin,-0.0,-4.109999999999999,1.6199999999999992,-0.07399999999999995,-209.0,1.0
2015,NCG,Duke,Wisconsin,Duke,0.0,0.35999999999999943,-0.41999999999999993,-0.0030000000000000027,16.0,1.0
2015,NCG,Wisconsin,Duke,Duke,-0.0,-0.35999999999999943,0.41999999999999993,0.0030000000000000027,-16.0,0.0
2016,R64,UNC,Florida Gulf Coast,UNC,-15.0,1.8900000000000001,0.5699999999999998,0.04700000000000004,9.0,1.0
2016,R64,Florida Gulf Coast,UNC,UNC,15.0,-1.8900000000000001,-0.5699999999999998,-0.04700000000000004,-9.0,0.0
2016,R64,USC,Providence,Providence,-1.0,1.58,-0.8200000000000012,-0.06800000000000006,78.0,0.0
2016,R64,Providence,USC,Providence,1.0,-1.58,0.8200000000000012,0.06800000000000006,-78.0,1.0
2016,R64,Indiana,Chattanooga,Indiana,-7.0,16.35,10.36,-0.05799999999999994,156.0,1.0
2016,R64,Chattanooga,Indiana,Indiana,7.0,-16.35,-10.36,0.05799999999999994,-156.0,0.0
2016,R64,Kentucky,Stony Brook,Kentucky,-9.0,16.48,14.120000000000001,-0.038000000000000034,10.0,1.0
2016,R64,Stony Brook,Kentucky,Kentucky,9.0,-16.48,-14.120000000000001,0.038000000000000034,-10.0,0.0
2016,R64,Notre Dame,Michigan,Notre Dame,-5.0,0.34999999999999964,1.6500000000000004,0.028000000000000025,-67.0,1.0
2016,R64,Michigan,Notre Dame,Notre Dame,5.0,-0.34999999999999964,-1.6500000000000004,-0.028000000000000025,67.0,0.0
2016,R64,West Virginia,Stephen F. Austin,Stephen F. Austin,-11.0,12.379999999999999,15.25,-0.08099999999999996,-161.0,0.0
2016,R64,Stephen F. Austin,West Virginia,Stephen F. Austin,11.0,-12.379999999999999,-15.25,0.08099999999999996,161.0,1.0
2016,R64,Wisconsin,Pitt,Wisconsin,-3.0,-2.0700000000000003,0.6500000000000004,-0.007000000000000006,-116.0,1.0
2016,R64,Pitt,Wisconsin,Wisconsin,3.0,2.0700000000000003,-0.6500000000000004,0.007000000000000006,116.0,0.0
2016,R64,Xavier,Weber State,Xavier,-13.0,18.4,13.559999999999999,0.08099999999999996,27.0,1.0
2016,R64,Weber State,Xavier,Xavier,13.0,-18.4,-13.559999999999999,-0.08099999999999996,-27.0,0.0
2016,R32,UNC,Providence,UNC,-8.0,-10.84,-11.71,-0.039000000000000035,117.0,1.0
2016,R32,Providence,UNC,UNC,8.0,10.84,11.71,0.039000000000000035,-117.0,0.0
2016,R32,Indiana,Kentucky,Indiana,1.0,-0.6400000000000006,-1.9399999999999995,0.02100000000000002,34.0,1.0
2016,R32,Kentucky,Indiana,Indiana,-1.0,0.6400000000000006,1.9399999999999995,-0.02100000000000002,-34.0,0.0
2016,R32,Notre Dame,Stephen F. Austin,Notre Dame,-8.0,4.869999999999999,15.04,-0.15699999999999992,-412.0,1.0
2016,R32,Stephen F. Austin,Notre Dame,Notre Dame,8.0,-4.869999999999999,-15.04,0.15699999999999992,412.0,0.0
2016,R32,Wisconsin,Xavier,Wisconsin,5.0,-5.179999999999998,0.9700000000000006,-0.19499999999999995,-205.0,1.0
2016,R32,Xavier,Wisconsin,Wisconsin,-5.0,5.179999999999998,-0.9700000000000006,0.19499999999999995,205.0,0.0
2016,S16,UNC,Indiana,UNC,-4.0,-18.49,-10.15,-0.124,-205.0,1.0
2016,S16,Indiana,UNC,UNC,4.0,18.49,10.15,0.124,205.0,0.0
2016,S16,Notre Dame,Wisconsin,Notre Dame,-1.0,0.6999999999999993,0.16999999999999993,0.038000000000000034,23.0,1.0
2016,S16,Wisconsin,Notre Dame,Notre Dame,1.0,-0.6999999999999993,-0.16999999999999993,-0.038000000000000034,-23.0,0.0
2016,E8,UNC,Notre Dame,UNC,-5.0,-13.0,-12.82,-0.020000000000000018,76.0,1.0
2016,E8,Notre Dame,UNC,UNC,5.0,13.0,12.82,0.020000000000000018,-76.0,0.0
2016,R64,Virginia,Hampton,Virginia,-15.0,30.78,19.57,0.128,411.0,1.0
2016,R64,Hampton,Virginia,Virginia,15.0,-30.78,-19.57,-0.128,-411.0,0.0
2016,R64,Texas Tech,Butler,Butler,-1.0,-4.050000000000001,2.7,-0.07300000000000006,-225.0,0.0
2016,R64,Butler,Texas Tech,Butler,1.0,4.050000000000001,-2.7,0.07300000000000006,225.0,1.0
2016,R64,Purdue,Little Rock,Little Rock,-7.0,13.05,9.22,-0.11399999999999999,87.0,0.0
2016,R64,Little Rock,Purdue,Little Rock,7.0,-13.05,-9.22,0.11399999999999999,-87.0,1.0
2016,R64,Iowa State,Iona,Iowa State,-9.0,13.34,11.94,-0.010000000000000009,60.0,1.0
2016,R64,Iona,Iowa State,Iowa State,9.0,-13.34,-11.94,0.010000000000000009,-60.0,0.0
2016,R64,Seton Hall,Gonzaga,Gonzaga,-5.0,-2.2600000000000016,4.049999999999999,-0.04300000000000004,-263.0,0.0
2016,R64,Gonzaga,Seton Hall,Gonzaga,5.0,2.2600000000000016,-4.049999999999999,0.04300000000000004,263.0,1.0
2016,R64,Utah,Fresno State,Utah,-11.0,10.23,6.549999999999999,0.03600000000000003,121.0,1.0
2016,R64,Fresno State,Utah,Utah,11.0,-10.23,-6.549999999999999,-0.03600000000000003,-121.0,0.0
2016,R64,Dayton,Syracuse,Syracuse,-3.0,-3.2799999999999994,-4.99,0.136,37.0,0.0
2016,R64,Syracuse,Dayton,Syracuse,3.0,3.2799999999999994,4.99,-0.136,-37.0,1.0
2016,R64,Michigan State,Middle Tennessee,Middle Tennessee,-13.0,19.93,7.640000000000001,0.11499999999999999,419.0,0.0
2016,R64,Middle Tennessee,Michigan State,Middle Tennessee,13.0,-19.93,-7.640000000000001,-0.11499999999999999,-419.0,1.0
2016,R32,Virginia,Butler,Virginia,-8.0,5.579999999999998,3.5699999999999994,0.11699999999999999,110.0,1.0
2016,R32,Butler,Virginia,Virginia,8.0,-5.579999999999998,-3.5699999999999994,-0.11699999999999999,-110.0,0.0
2016,R32,Little Rock,Iowa State,Iowa State,8.0,-9.809999999999999,-11.92,0.19999999999999996,121.0,0.0
2016,R32,Iowa State,Little Rock,Iowa State,-8.0,9.809999999999999,11.92,-0.19999999999999996,-121.0,1.0
2016,R32,Gonzaga,Utah,Gonzaga,8.0,1.4200000000000017,-4.559999999999999,0.028000000000000025,204.0,1.0
2016,R32,Utah,Gonzaga,Gonzaga,-8.0,-1.4200000000000017,4.559999999999999,-0.028000000000000025,-204.0,0.0
2016,R32,Syracuse,Middle Tennessee,Syracuse,-5.0,11.959999999999999,10.45,-0.09199999999999997,51.0,1.0
2016,R32,Middle Tennessee,Syracuse,Syracuse,5.0,-11.959999999999999,-10.45,0.09199999999999997,-51.0,0.0
2016,S16,Virginia,Iowa State,Virginia,-3.0,5.109999999999999,0.9599999999999991,0.127,167.0,1.0
2016,S16,Iowa State,Virginia,Virginia,3.0,-5.109999999999999,-0.9599999999999991,-0.127,-167.0,0.0
2016,S16,Gonzaga,Syracuse,Syracuse,1.0,2.3000000000000025,-5.52,0.15600000000000003,300.0,0.0
2016,S16,Syracuse,Gonzaga,Syracuse,-1.0,-2.3000000000000025,5.52,-0.15600000000000003,-300.0,1.0
2016,E8,Virginia,Syracuse,Syracuse,-9.0,7.42,1.3699999999999992,0.16200000000000003,224.0,0.0
2016,E8,Syracuse,Virginia,Syracuse,9.0,-7.42,-1.3699999999999992,-0.16200000000000003,-224.0,1.0
2016,R64,Kansas,Austin Peay,Kansas,-15.0,29.91,14.200000000000001,0.368,544.0,1.0
2016,R64,Austin Peay,Kansas,Kansas,15.0,-29.91,-14.200000000000001,-0.368,-544.0,0.0
2016,R64,Colorado,UConn,UConn,-1.0,-3.8500000000000014,1.3599999999999994,-0.04699999999999993,-177.0,0.0
2016,R64,UConn,Colorado,UConn,1.0,3.8500000000000014,-1.3599999999999994,0.04699999999999993,177.0,1.0
2016,R64,Maryland,South Dakota State,Maryland,-7.0,11.27,9.530000000000001,-0.015000000000000013,50.0,1.0
2016,R64,South Dakota State,Maryland,Maryland,7.0,-11.27,-9.530000000000001,0.015000000000000013,-50.0,0.0
2016,R64,California,Hawaii,Hawaii,-9.0,6.360000000000001,8.91,-0.1479999999999999,-97.0,0.0
2016,R64,Hawaii,California,Hawaii,9.0,-6.360000000000001,-8.91,0.1479999999999999,97.0,1.0
2016,R64,Arizona,Wichita State,Wichita State,-5.0,1.3999999999999986,2.99,-0.008000000000000007,-76.0,0.0
2016,R64,Wichita State,Arizona,Wichita State,5.0,-1.3999999999999986,-2.99,0.008000000000000007,76.0,1.0
2016,R64,Miami (FL),Buffalo,Miami (FL),-11.0,17.18,9.79,0.20000000000000007,199.0,1.0
2016,R64,Buffalo,Miami (FL),Miami (FL),11.0,-17.18,-9.79,-0.20000000000000007,-199.0,0.0
2016,R64,Iowa,Temple,Iowa,-3.0,9.32,2.1400000000000006,0.031000000000000028,237.0,1.0
2016,R64,Temple,Iowa,Iowa,3.0,-9.32,-2.1400000000000006,-0.031000000000000028,-237.0,0.0
2016,R64,Villanova,UNC Asheville,Villanova,-13.0,22.979999999999997,12.96,0.22799999999999998,336.0,1.0
2016,R64,UNC Asheville,Villanova,Villanova,13.0,-22.979999999999997,-12.96,-0.22799999999999998,-336.0,0.0
2016,R32,Kansas,UConn,Kansas,-8.0,7.98,4.94,0.17400000000000004,173.0,1.0
2016,R32,UConn,Kansas,Kansas,8.0,-7.98,-4.94,-0.17400000000000004,-173.0,0.0
2016,R32,Maryland,Hawaii,Maryland,-8.0,7.6800000000000015,9.350000000000001,-0.07399999999999995,-28.0,1.0
2016,R32,Hawaii,Maryland,Maryland,8.0,-7.6800000000000015,-9.350000000000001,0.07399999999999995,28.0,0.0
2016,R32,Wichita State,Miami (FL),Miami (FL),8.0,-1.129999999999999,-6.449999999999999,-0.028000000000000025,195.0,0.0
2016,R32,Miami (FL),Wichita State,Miami (FL),-8.0,1.129999999999999,6.449999999999999,0.028000000000000025,-195.0,1.0
2016,R32,Iowa,Villanova,Villanova,5.0,-7.069999999999997,-1.0,-0.20799999999999996,-301.0,0.0
2016,R32,Villanova,Iowa,Villanova,-5.0,7.069999999999997,1.0,0.20799999999999996,301.0,1.0
2016,S16,Kansas,Maryland,Kansas,-4.0,7.16,2.91,0.118,194.0,1.0
2016,S16,Maryland,Kansas,Kansas,4.0,-7.16,-2.91,-0.118,-194.0,0.0
2016,S16,Miami (FL),Villanova,Villanova,1.0,-5.559999999999999,0.9799999999999986,-0.10399999999999998,-301.0,0.0
2016,S16,Villanova,Miami (FL),Villanova,-1.0,5.559999999999999,-0.9799999999999986,0.10399999999999998,301.0,1.0
2016,E8,Kansas,Villanova,Villanova,-1.0,-0.2099999999999973,1.5099999999999998,-0.007000000000000006,-56.0,0.0
2016,E8,Villanova,Kansas,Villanova,1.0,0.2099999999999973,-1.5099999999999998,0.007000000000000006,56.0,1.0
2016,R64,Oregon,Holy Cross,Oregon,-15.0,29.25,14.75,0.38699999999999996,554.0,1.0
2016,R64,Holy Cross,Oregon,Oregon,15.0,-29.25,-14.75,-0.38699999999999996,-554.0,0.0
2016,R64,Saint Joseph's,Cincinnati,Saint Joseph's,-1.0,-3.09,-0.3200000000000003,0.11099999999999999,-70.0,1.0
2016,R64,Cincinnati,Saint Joseph's,Saint Joseph's,1.0,3.09,0.3200000000000003,-0.11099999999999999,70.0,0.0
2016,R64,Baylor,Yale,Yale,-7.0,7.049999999999999,10.79,-0.12,-79.0,0.0
2016,R64,Yale,Baylor,Yale,7.0,-7.049999999999999,-10.79,0.12,79.0,1.0
2016,R64,Duke,UNC Wilmington,Duke,-9.0,12.98,10.24,-0.06400000000000006,70.0,1.0
2016,R64,UNC Wilmington,Duke,Duke,9.0,-12.98,-10.24,0.06400000000000006,-70.0,0.0
2016,R64,Texas,Northern Iowa,Northern Iowa,-5.0,6.020000000000001,7.2700000000000005,-0.03300000000000003,-70.0,0.0
2016,R64,Northern Iowa,Texas,Northern Iowa,5.0,-6.020000000000001,-7.2700000000000005,0.03300000000000003,70.0,1.0
2016,R64,Texas A&M,Green Bay,Texas A&M,-11.0,17.29,9.12,0.118,237.0,1.0
2016,R64,Green Bay,Texas A&M,Texas A&M,11.0,-17.29,-9.12,-0.118,-237.0,0.0
2016,R64,Oregon State,VCU,VCU,-3.0,-3.4399999999999995,4.91,-0.09999999999999998,-284.0,0.0
2016,R64,VCU,Oregon State,VCU,3.0,3.4399999999999995,-4.91,0.09999999999999998,284.0,1.0
2016,R64,Oklahoma,Cal State Bakersfield,Oklahoma,-13.0,17.18,16.29,0.05700000000000005,18.0,1.0
2016,R64,Cal State Bakersfield,Oklahoma,Oklahoma,13.0,-17.18,-16.29,-0.05700000000000005,-18.0,0.0
2016,R32,Oregon,Saint Joseph's,Oregon,-7.0,5.950000000000001,3.710000000000001,0.03799999999999992,118.0,1.0
2016,R32,Saint Joseph's,Oregon,Oregon,7.0,-5.950000000000001,-3.710000000000001,-0.03799999999999992,-118.0,0.0
2016,R32,Yale,Duke,Duke,8.0,-10.15,-11.62,0.07300000000000006,23.0,0.0
2016,R32,Duke,Yale,Duke,-8.0,10.15,11.62,-0.07300000000000006,-23.0,1.0
2016,R32,Northern Iowa,Texas A&M,Texas A&M,8.0,-9.67,-4.009999999999999,-0.118,-198.0,0.0
2016,R32,Texas A&M,Northern Iowa,Texas A&M,-8.0,9.67,4.009999999999999,0.118,198.0,1.0
2016,R32,VCU,Oklahoma,Oklahoma,8.0,-5.9300000000000015,-6.790000000000001,-0.09000000000000008,22.0,0.0
2016,R32,Oklahoma,VCU,Oklahoma,-8.0,5.9300000000000015,6.790000000000001,0.09000000000000008,-22.0,1.0
2016,S16,Oregon,Duke,Oregon,-3.0,-1.1799999999999997,-1.9499999999999993,0.122,65.0,1.0
2016,S16,Duke,Oregon,Oregon,3.0,1.1799999999999997,1.9499999999999993,-0.122,-65.0,0.0
2016,S16,Texas A&M,Oklahoma,Oklahoma,1.0,-1.3100000000000023,-2.6900000000000013,-0.027000000000000024,51.0,0.0
2016,S16,Oklahoma,Texas A&M,Oklahoma,-1.0,1.3100000000000023,2.6900000000000013,0.027000000000000024,-51.0,1.0
2016,E8,Oregon,Oklahoma,Oklahoma,-1.0,-1.7100000000000009,-2.5,0.03199999999999992,57.0,0.0
2016,E8,Oklahoma,Oregon,Oklahoma,1.0,1.7100000000000009,2.5,-0.03199999999999992,-57.0,1.0
2016,F4,UNC,Syracuse,UNC,-9.0,-13.52,-13.0,0.025000000000000022,59.0,1.0
2016,F4,Syracuse,UNC,UNC,9.0,13.52,13.0,-0.025000000000000022,-59.0,0.0
2016,F4,Villanova,Oklahoma,Villanova,0.0,4.319999999999997,-1.4299999999999997,0.09099999999999997,256.0,1.0
2016,F4,Oklahoma,Villanova,Villanova,-0.0,-4.319999999999997,1.4299999999999997,-0.09099999999999997,-256.0,0.0
2016,NCG,UNC,Villanova,Villanova,-1.0,-22.979999999999997,-12.96,-0.22799999999999998,-336.0,0.0
2016,NCG,Villanova,UNC,Villanova,1.0,22.979999999999997,12.96,0.22799999999999998,336.0,1.0
2017,R64,Villanova,Mount St. Mary's,Villanova,-15.0,28.09,12.79,0.33299999999999996,551.0,1.0
2017,R64,Mount St. Mary's,Villanova,Villanova,15.0,-28.09,-12.79,-0.33299999999999996,-551.0,0.0
2017,R64,Wisconsin,Virginia Tech,Wisconsin,-1.0,6.629999999999999,1.0199999999999996,0.06299999999999994,225.0,1.0
2017,R64,Virginia Tech,Wisconsin,Wisconsin,1.0,-6.629999999999999,-1.0199999999999996,-0.06299999999999994,-225.0,0.0
2017,R64,Virginia,UNC Wilmington,Virginia,-7.0,12.569999999999999,11.48,-0.1529999999999999,-13.0,1.0
2017,R64,UNC Wilmington,Virginia,Virginia,7.0,-12.569999999999999,-11.48,0.1529999999999999,13.0,0.0
2017,R64,Florida,ETSU,Florida,-9.0,23.97,13.969999999999999,0.18300000000000005,308.0,1.0
2017,R64,ETSU,Florida,Florida,9.0,-23.97,-13.969999999999999,-0.18300000000000005,-308.0,0.0
2017,R64,SMU,USC,USC,-5.0,7.23,-1.9500000000000002,0.135,316.0,0.0
2017,R64,USC,SMU,USC,5.0,-7.23,1.9500000000000002,-0.135,-316.0,1.0
2017,R64,Baylor,New Mexico State,Baylor,-11.0,15.09,15.69,-0.052999999999999936,-46.0,1.0
2017,R64,New Mexico State,Baylor,Baylor,11.0,-15.09,-15.69,0.052999999999999936,46.0,0.0
2017,R64,South Carolina,Marquette,South Carolina,-3.0,2.26,1.5600000000000005,0.10899999999999999,80.0,1.0
2017,R64,Marquette,South Carolina,South Carolina,3.0,-2.26,-1.5600000000000005,-0.10899999999999999,-80.0,0.0
2017,R64,Duke,Troy,Duke,-13.0,22.029999999999998,14.27,0.16200000000000003,172.0,1.0
2017,R64,Troy,Duke,Duke,13.0,-22.029999999999998,-14.27,-0.16200000000000003,-172.0,0.0
2017,R32,Villanova,Wisconsin,Wisconsin,-7.0,4.400000000000002,-0.120000000000001,0.15900000000000003,153.0,0.0
2017,R32,Wisconsin,Villanova,Wisconsin,7.0,-4.400000000000002,0.120000000000001,-0.15900000000000003,-153.0,1.0
2017,R32,Virginia,Florida,Florida,1.0,-1.7699999999999996,-0.08000000000000007,-0.07399999999999995,-80.0,0.0
2017,R32,Florida,Virginia,Florida,-1.0,1.7699999999999996,0.08000000000000007,0.07399999999999995,80.0,1.0
2017,R32,USC,Baylor,Baylor,8.0,-8.27,-5.469999999999999,-0.049000000000000044,-139.0,0.0
2017,R32,Baylor,USC,Baylor,-8.0,8.27,5.469999999999999,0.049000000000000044,139.0,1.0
2017,R32,South Carolina,Duke,South Carolina,5.0,-4.039999999999999,-0.75,-0.05400000000000005,-101.0,1.0
2017,R32,Duke,South Carolina,South Carolina,-5.0,4.039999999999999,0.75,0.05400000000000005,101.0,0.0
2017,S16,Wisconsin,Florida,Florida,4.0,-3.0,-1.6099999999999994,-0.020000000000000018,-40.0,0.0
2017,S16,Florida,Wisconsin,Florida,-4.0,3.0,1.6099999999999994,0.020000000000000018,40.0,1.0
2017,S16,Baylor,South Carolina,South Carolina,-4.0,2.2300000000000004,1.709999999999999,0.06800000000000006,29.0,0.0
2017,S16,South Carolina,Baylor,South Carolina,4.0,-2.2300000000000004,-1.709999999999999,-0.06800000000000006,-29.0,1.0
2017,E8,Florida,South Carolina,South Carolina,-3.0,4.879999999999999,0.8499999999999996,0.04700000000000004,117.0,0.0
2017,E8,South Carolina,Florida,South Carolina,3.0,-4.879999999999999,-0.8499999999999996,-0.04700000000000004,-117.0,1.0
2017,R64,Kansas,UC Davis,Kansas,-15.0,28.740000000000002,16.91,0.22199999999999998,388.0,1.0
2017,R64,UC Davis,Kansas,Kansas,15.0,-28.740000000000002,-16.91,-0.22199999999999998,-388.0,0.0
2017,R64,Miami (FL),Michigan State,Michigan State,-1.0,0.8100000000000005,-0.9299999999999997,0.06500000000000006,51.0,0.0
2017,R64,Michigan State,Miami (FL),Michigan State,1.0,-0.8100000000000005,0.9299999999999997,-0.06500000000000006,-51.0,1.0
2017,R64,Iowa State,Nevada,Iowa State,-7.0,10.020000000000001,9.91,-0.11399999999999999,4.0,1.0
2017,R64,Nevada,Iowa State,Iowa State,7.0,-10.020000000000001,-9.91,0.11399999999999999,-4.0,0.0
2017,R64,Purdue,Vermont,Purdue,-9.0,13.459999999999999,12.059999999999999,-0.05799999999999994,0.0,1.0
2017,R64,Vermont,Purdue,Purdue,9.0,-13.459999999999999,-12.059999999999999,0.05799999999999994,-0.0,0.0
2017,R64,Creighton,Rhode Island,Rhode Island,-5.0,4.389999999999999,4.329999999999999,0.0,26.0,0.0
2017,R64,Rhode Island,Creighton,Rhode Island,5.0,-4.389999999999999,-4.329999999999999,-0.0,-26.0,1.0
2017,R64,Oregon,Iona,Oregon,-11.0,19.72,10.850000000000001,0.21699999999999997,387.0,1.0
2017,R64,Iona,Oregon,Oregon,11.0,-19.72,-10.850000000000001,-0.21699999999999997,-387.0,0.0
2017,R64,Michigan,Oklahoma State,Michigan,-3.0,-0.39000000000000057,-2.0500000000000007,0.07800000000000007,89.0,1.0
2017,R64,Oklahoma State,Michigan,Michigan,3.0,0.39000000000000057,2.0500000000000007,-0.07800000000000007,-89.0,0.0
2017,R64,Louisville,Jacksonville State,Louisville,-13.0,25.32,14.39,0.16400000000000003,329.0,1.0
2017,R64,Jacksonville State,Louisville,Louisville,13.0,-25.32,-14.39,-0.16400000000000003,-329.0,0.0
2017,R32,Kansas,Michigan State,Kansas,-8.0,9.860000000000001,1.7300000000000004,0.29000000000000004,296.0,1.0
2017,R32,Michigan State,Kansas,Kansas,8.0,-9.860000000000001,-1.7300000000000004,-0.29000000000000004,-296.0,0.0
2017,R32,Iowa State,Purdue,Purdue,1.0,0.38000000000000256,3.1500000000000004,-0.08499999999999996,-97.0,0.0
2017,R32,Purdue,Iowa State,Purdue,-1.0,-0.38000000000000256,-3.1500000000000004,0.08499999999999996,97.0,1.0
2017,R32,Rhode Island,Oregon,Oregon,8.0,-7.92,-3.7600000000000007,-0.132,-222.0,0.0
2017,R32,Oregon,Rhode Island,Oregon,-8.0,7.92,3.7600000000000007,0.132,222.0,1.0
2017,R32,Michigan,Louisville,Michigan,5.0,-3.669999999999998,-0.9800000000000004,-0.050999999999999934,-57.0,1.0
2017,R32,Louisville,Michigan,Michigan,-5.0,3.669999999999998,0.9800000000000004,0.050999999999999934,57.0,0.0
2017,S16,Kansas,Purdue,Kansas,-3.0,3.400000000000002,3.4400000000000013,0.08999999999999997,10.0,1.0
2017,S16,Purdue,Kansas,Kansas,3.0,-3.400000000000002,-3.4400000000000013,-0.08999999999999997,-10.0,0.0
2017,S16,Oregon,Michigan,Oregon,-4.0,2.0,-1.7899999999999991,0.16199999999999992,183.0,1.0
2017,S16,Michigan,Oregon,Oregon,4.0,-2.0,1.7899999999999991,-0.16199999999999992,-183.0,0.0
2017,E8,Kansas,Oregon,Oregon,-2.0,2.7300000000000004,3.8499999999999996,0.015000000000000013,-104.0,0.0
2017,E8,Oregon,Kansas,Oregon,2.0,-2.7300000000000004,-3.8499999999999996,-0.015000000000000013,104.0,1.0
2017,R64,UNC,Texas Southern,UNC,-15.0,7.25,2.1999999999999993,0.039999999999999925,234.0,1.0
2017,R64,Texas Southern,UNC,UNC,15.0,-7.25,-2.1999999999999993,-0.039999999999999925,-234.0,0.0
2017,R64,Arkansas,Seton Hall,Arkansas,-1.0,1.9399999999999995,-0.6500000000000004,0.08599999999999997,102.0,1.0
2017,R64,Seton Hall,Arkansas,Arkansas,1.0,-1.9399999999999995,0.6500000000000004,-0.08599999999999997,-102.0,0.0
2017,R64,Minnesota,Middle Tennessee,Middle Tennessee,-7.0,4.76,9.3,-0.15500000000000003,-203.0,0.0
2017,R64,Middle Tennessee,Minnesota,Middle Tennessee,7.0,-4.76,-9.3,0.15500000000000003,203.0,1.0
2017,R64,Butler,Winthrop,Butler,-9.0,16.36,16.35,-0.05300000000000005,-39.0,1.0
2017,R64,Winthrop,Butler,Butler,9.0,-16.36,-16.35,0.05300000000000005,39.0,0.0
2017,R64,Cincinnati,Kansas State,Cincinnati,-5.0,3.629999999999999,-4.99,0.23299999999999998,315.0,1.0
2017,R64,Kansas State,Cincinnati,Cincinnati,5.0,-3.629999999999999,4.99,-0.23299999999999998,-315.0,0.0
2017,R64,UCLA,Kent State,UCLA,-11.0,19.790000000000003,8.02,0.25,370.0,1.0
2017,R64,Kent State,UCLA,UCLA,11.0,-19.790000000000003,-8.02,-0.25,-370.0,0.0
2017,R64,Dayton,Wichita State,Wichita State,-3.0,-8.259999999999998,1.3099999999999996,-0.11099999999999999,-368.0,0.0
2017,R64,Wichita State,Dayton,Wichita State,3.0,8.259999999999998,-1.3099999999999996,0.11099999999999999,368.0,1.0
2017,R64,Kentucky,Northern Kentucky,Kentucky,-13.0,24.05,13.33,0.15599999999999992,357.0,1.0
2017,R64,Northern Kentucky,Kentucky,Kentucky,13.0,-24.05,-13.33,-0.15599999999999992,-357.0,0.0
2017,R32,UNC,Arkansas,UNC,-7.0,-13.2,-14.21,-0.025000000000000022,87.0,1.0
2017,R32,Arkansas,UNC,UNC,7.0,13.2,14.21,0.025000000000000022,-87.0,0.0
2017,R32,Middle Tennessee,Butler,Butler,8.0,-7.899999999999999,-10.71,0.126,144.0,0.0
2017,R32,Butler,Middle Tennessee,Butler,-8.0,7.899999999999999,10.71,-0.126,-144.0,1.0
2017,R32,Cincinnati,UCLA,UCLA,3.0,-2.240000000000002,-0.8999999999999995,-0.028000000000000025,-48.0,0.0
2017,R32,UCLA,Cincinnati,UCLA,-3.0,2.240000000000002,0.8999999999999995,0.028000000000000025,48.0,1.0
2017,R32,Wichita State,Kentucky,Kentucky,8.0,-2.6400000000000006,-7.53,0.019000000000000017,161.0,0.0
2017,R32,Kentucky,Wichita State,Kentucky,-8.0,2.6400000000000006,7.53,-0.019000000000000017,-161.0,1.0
2017,S16,UNC,Butler,UNC,-3.0,-16.86,-15.84,-0.038000000000000034,29.0,1.0
2017,S16,Butler,UNC,UNC,3.0,16.86,15.84,0.038000000000000034,-29.0,0.0
2017,S16,UCLA,Kentucky,Kentucky,1.0,-3.2099999999999973,-4.1000000000000005,0.019000000000000017,5.0,0.0
2017,S16,Kentucky,UCLA,Kentucky,-1.0,3.2099999999999973,4.1000000000000005,-0.019000000000000017,-5.0,1.0
2017,E8,UNC,Kentucky,UNC,-1.0,-23.04,-16.1,-0.14500000000000002,-226.0,1.0
2017,E8,Kentucky,UNC,UNC,1.0,23.04,16.1,0.14500000000000002,226.0,0.0
2017,R64,Gonzaga,South Dakota State,Gonzaga,-15.0,27.560000000000002,4.79,0.43499999999999994,838.0,1.0
2017,R64,South Dakota State,Gonzaga,Gonzaga,15.0,-27.560000000000002,-4.79,-0.43499999999999994,-838.0,0.0
2017,R64,Northwestern,Vanderbilt,Northwestern,-1.0,0.33000000000000007,-2.290000000000001,0.124,97.0,1.0
2017,R64,Vanderbilt,Northwestern,Northwestern,1.0,-0.33000000000000007,2.290000000000001,-0.124,-97.0,0.0
2017,R64,Notre Dame,Princeton,Notre Dame,-7.0,11.239999999999998,11.62,-0.04500000000000004,-17.0,1.0
2017,R64,Princeton,Notre Dame,Notre Dame,7.0,-11.239999999999998,-11.62,0.04500000000000004,17.0,0.0
2017,R64,West Virginia,Bucknell,West Virginia,-9.0,18.56,12.15,0.014000000000000012,254.0,1.0
2017,R64,Bucknell,West Virginia,West Virginia,9.0,-18.56,-12.15,-0.014000000000000012,-254.0,0.0
2017,R64,Maryland,Xavier,Xavier,-5.0,-2.0100000000000016,-3.2200000000000006,0.09499999999999997,67.0,0.0
2017,R64,Xavier,Maryland,Xavier,5.0,2.0100000000000016,3.2200000000000006,-0.09499999999999997,-67.0,1.0
2017,R64,Florida State,Florida Gulf Coast,Florida State,-11.0,16.61,12.29,-0.02200000000000002,5.0,1.0
2017,R64,Florida Gulf Coast,Florida State,Florida State,11.0,-16.61,-12.29,0.02200000000000002,-5.0,0.0
2017,R64,Saint Mary's,VCU,Saint Mary's,-3.0,5.18,-1.58,0.10999999999999999,222.0,1.0
2017,R64,VCU,Saint Mary's,Saint Mary's,3.0,-5.18,1.58,-0.10999999999999999,-222.0,0.0
2017,R64,Arizona,North Dakota,Arizona,-13.0,20.08,13.08,0.17700000000000005,172.0,1.0
2017,R64,North Dakota,Arizona,Arizona,13.0,-20.08,-13.08,-0.17700000000000005,-172.0,0.0
2017,R32,Gonzaga,Northwestern,Gonzaga,-7.0,11.240000000000002,-4.3,0.2819999999999999,623.0,1.0
2017,R32,Northwestern,Gonzaga,Gonzaga,7.0,-11.240000000000002,4.3,-0.2819999999999999,-623.0,0.0
2017,R32,Notre Dame,West Virginia,West Virginia,1.0,-6.640000000000001,0.10999999999999943,-0.03500000000000003,-258.0,0.0
2017,R32,West Virginia,Notre Dame,West Virginia,-1.0,6.640000000000001,-0.10999999999999943,0.03500000000000003,258.0,1.0
2017,R32,Xavier,Florida State,Xavier,8.0,-4.07,2.6400000000000006,-0.11099999999999999,-225.0,1.0
2017,R32,Florida State,Xavier,Xavier,-8.0,4.07,-2.6400000000000006,0.11099999999999999,225.0,0.0
2017,R32,Saint Mary's,Arizona,Arizona,5.0,-1.5,-5.4399999999999995,-0.01200000000000001,102.0,0.0
2017,R32,Arizona,Saint Mary's,Arizona,-5.0,1.5,5.4399999999999995,0.01200000000000001,-102.0,1.0
2017,S16,Gonzaga,West Virginia,Gonzaga,-3.0,0.8100000000000023,-5.54,0.19199999999999995,277.0,1.0
2017,S16,West Virginia,Gonzaga,Gonzaga,3.0,-0.8100000000000023,5.54,-0.19199999999999995,-277.0,0.0
2017,S16,Xavier,Arizona,Xavier,9.0,-3.4499999999999993,3.88,-0.23299999999999998,-268.0,1.0
2017,S16,Arizona,Xavier,Xavier,-9.0,3.4499999999999993,-3.88,0.23299999999999998,268.0,0.0
2017,E8,Gonzaga,Xavier,Gonzaga,-10.0,10.46,-7.38,0.31699999999999995,699.0,1.0
2017,E8,Xavier,Gonzaga,Gonzaga,10.0,-10.46,7.38,-0.31699999999999995,-699.0,0.0
2017,F4,South Carolina,Gonzaga,Gonzaga,6.0,-7.740000000000002,6.03,-0.246,-531.0,0.0
2017,F4,Gonzaga,South Carolina,Gonzaga,-6.0,7.740000000000002,-6.03,0.246,531.0,1.0
2017,F4,Oregon,UNC,UNC,2.0,19.96,13.990000000000002,0.14900000000000002,228.0,0.0
2017,F4,UNC,Oregon,UNC,-2.0,-19.96,-13.990000000000002,-0.14900000000000002,-228.0,1.0
2017,NCG,Gonzaga,UNC,UNC,0.0,24.42,9.74,0.252,541.0,0.0
2017,NCG,UNC,Gonzaga,UNC,-0.0,-24.42,-9.74,-0.252,-541.0,1.0
2018,R64,Villanova,Radford,Villanova,-15.0,29.26,14.33,0.261,570.0,1.0
2018,R64,Radford,Villanova,Villanova,15.0,-29.26,-14.33,-0.261,-570.0,0.0
2018,R64,Virginia Tech,Alabama,Alabama,-1.0,2.01,-3.9300000000000006,0.07999999999999996,191.0,0.0
2018,R64,Alabama,Virginia Tech,Alabama,1.0,-2.01,3.9300000000000006,-0.07999999999999996,-191.0,1.0
2018,R64,West Virginia,Murray State,West Virginia,-7.0,13.02,12.91,-0.10999999999999999,-9.0,1.0
2018,R64,Murray State,West Virginia,West Virginia,7.0,-13.02,-12.91,0.10999999999999999,9.0,0.0
2018,R64,Wichita State,Marshall,Marshall,-9.0,12.369999999999997,5.02,0.06400000000000006,199.0,0.0
2018,R64,Marshall,Wichita State,Marshall,9.0,-12.369999999999997,-5.02,-0.06400000000000006,-199.0,1.0
2018,R64,Florida,St. Bonaventure,Florida,-5.0,7.790000000000001,7.470000000000001,-0.14700000000000002,11.0,1.0
2018,R64,St. Bonaventure,Florida,Florida,5.0,-7.790000000000001,-7.470000000000001,0.14700000000000002,-11.0,0.0
2018,R64,Texas Tech,Stephen F. Austin,Texas Tech,-11.0,16.72,16.07,-0.07000000000000006,-71.0,1.0
2018,R64,Stephen F. Austin,Texas Tech,Texas Tech,11.0,-16.72,-16.07,0.07000000000000006,71.0,0.0
2018,R64,Arkansas,Butler,Butler,-3.0,-2.160000000000002,-0.7000000000000011,0.05700000000000005,-51.0,0.0
2018,R64,Butler,Arkansas,Butler,3.0,2.160000000000002,0.7000000000000011,-0.05700000000000005,51.0,1.0
2018,R64,Purdue,Cal State Fullerton,Purdue,-13.0,24.34,9.77,0.18600000000000005,470.0,1.0
2018,R64,Cal State Fullerton,Purdue,Purdue,13.0,-24.34,-9.77,-0.18600000000000005,-470.0,0.0
2018,R32,Villanova,Alabama,Villanova,-8.0,14.3,-0.40000000000000036,0.344,595.0,1.0
2018,R32,Alabama,Villanova,Villanova,8.0,-14.3,0.40000000000000036,-0.344,-595.0,0.0
2018,R32,West Virginia,Marshall,West Virginia,-8.0,15.68,8.940000000000001,0.009000000000000008,221.0,1.0
2018,R32,Marshall,West Virginia,West Virginia,8.0,-15.68,-8.940000000000001,-0.009000000000000008,-221.0,0.0
2018,R32,Florida,Texas Tech,Texas Tech,3.0,-2.719999999999999,0.4800000000000004,-0.11199999999999999,-138.0,0.0
2018,R32,Texas Tech,Florida,Texas Tech,-3.0,2.719999999999999,-0.4800000000000004,0.11199999999999999,138.0,1.0
2018,R32,Butler,Purdue,Purdue,8.0,-6.489999999999998,1.8100000000000005,-0.21100000000000008,-320.0,0.0
2018,R32,Purdue,Butler,Purdue,-8.0,6.489999999999998,-1.8100000000000005,0.21100000000000008,320.0,1.0
2018,S16,Villanova,West Virginia,Villanova,-4.0,6.75,0.8599999999999994,0.19700000000000006,267.0,1.0
2018,S16,West Virginia,Villanova,Villanova,4.0,-6.75,-0.8599999999999994,-0.19700000000000006,-267.0,0.0
2018,S16,Texas Tech,Purdue,Texas Tech,1.0,-4.030000000000001,0.8599999999999994,-0.08100000000000007,-181.0,1.0
2018,S16,Purdue,Texas Tech,Texas Tech,-1.0,4.030000000000001,-0.8599999999999994,0.08100000000000007,181.0,0.0
2018,E8,Villanova,Texas Tech,Villanova,-2.0,7.260000000000002,0.6400000000000006,0.17000000000000004,294.0,1.0
2018,E8,Texas Tech,Villanova,Villanova,2.0,-7.260000000000002,-0.6400000000000006,-0.17000000000000004,-294.0,0.0
2018,R64,Kansas,Penn,Kansas,-15.0,5.540000000000001,4.090000000000001,0.128,57.0,1.0
2018,R64,Penn,Kansas,Kansas,15.0,-5.540000000000001,-4.090000000000001,-0.128,-57.0,0.0
2018,R64,Seton Hall,NC State,Seton Hall,-1.0,2.76,3.4099999999999993,0.01100000000000001,-16.0,1.0
2018,R64,NC State,Seton Hall,Seton Hall,1.0,-2.76,-3.4099999999999993,-0.01100000000000001,16.0,0.0
2018,R64,Clemson,New Mexico State,Clemson,-7.0,8.1,10.35,-0.10999999999999999,-112.0,1.0
2018,R64,New Mexico State,Clemson,Clemson,7.0,-8.1,-10.35,0.10999999999999999,112.0,0.0
2018,R64,Auburn,College of Charleston,Auburn,-9.0,14.14,10.58,0.0,90.0,1.0
2018,R64,College of Charleston,Auburn,Auburn,9.0,-14.14,-10.58,-0.0,-90.0,0.0
2018,R64,TCU,Syracuse,Syracuse,-5.0,3.4899999999999984,-0.33999999999999986,0.014000000000000012,115.0,0.0
2018,R64,Syracuse,TCU,Syracuse,5.0,-3.4899999999999984,0.33999999999999986,-0.014000000000000012,-115.0,1.0
2018,R64,Michigan State,Bucknell,Michigan State,-11.0,17.92,10.559999999999999,0.14300000000000002,258.0,1.0
2018,R64,Bucknell,Michigan State,Michigan State,11.0,-17.92,-10.559999999999999,-0.14300000000000002,-258.0,0.0
2018,R64,Rhode Island,Oklahoma,Rhode Island,-3.0,-2.0,-5.95,0.20200000000000007,141.0,1.0
2018,R64,Oklahoma,Rhode Island,Rhode Island,3.0,2.0,5.95,-0.20200000000000007,-141.0,0.0
2018,R64,Duke,Iona,Duke,-13.0,23.68,11.889999999999999,0.19600000000000006,445.0,1.0
2018,R64,Iona,Duke,Duke,13.0,-23.68,-11.889999999999999,-0.19600000000000006,-445.0,0.0
2018,R32,Kansas,Seton Hall,Kansas,-7.0,5.720000000000001,1.7700000000000014,0.14800000000000002,182.0,1.0
2018,R32,Seton Hall,Kansas,Kansas,7.0,-5.720000000000001,-1.7700000000000014,-0.14800000000000002,-182.0,0.0
2018,R32,Clemson,Auburn,Clemson,1.0,1.1899999999999995,1.96,-0.051000000000000045,-18.0,1.0
2018,R32,Auburn,Clemson,Clemson,-1.0,-1.1899999999999995,-1.96,0.051000000000000045,18.0,0.0
2018,R32,Syracuse,Michigan State,Syracuse,8.0,-9.52,2.92,-0.235,-430.0,1.0
2018,R32,Michigan State,Syracuse,Syracuse,-8.0,9.52,-2.92,0.235,430.0,0.0
2018,R32,Rhode Island,Duke,Duke,5.0,-12.62,-5.089999999999999,-0.019000000000000017,-300.0,0.0
2018,R32,Duke,Rhode Island,Duke,-5.0,12.62,5.089999999999999,0.019000000000000017,300.0,1.0
2018,S16,Kansas,Clemson,Kansas,-4.0,4.23,2.630000000000001,0.08100000000000007,94.0,1.0
2018,S16,Clemson,Kansas,Kansas,4.0,-4.23,-2.630000000000001,-0.08100000000000007,-94.0,0.0
2018,S16,Syracuse,Duke,Duke,9.0,-11.54,0.3200000000000003,-0.16200000000000003,-439.0,0.0
2018,S16,Duke,Syracuse,Duke,-9.0,11.54,-0.3200000000000003,0.16200000000000003,439.0,1.0
2018,E8,Kansas,Duke,Kansas,-1.0,-3.039999999999999,2.1800000000000015,0.01100000000000001,-174.0,1.0
2018,E8,Duke,Kansas,Kansas,1.0,3.039999999999999,-2.1800000000000015,-0.01100000000000001,174.0,0.0
2018,R64,Virginia,UMBC,UMBC,-15.0,24.22,12.89,0.21800000000000008,283.0,0.0
2018,R64,UMBC,Virginia,UMBC,15.0,-24.22,-12.89,-0.21800000000000008,-283.0,1.0
2018,R64,Creighton,Kansas State,Kansas State,-1.0,3.5000000000000018,-0.6400000000000006,-0.040000000000000036,160.0,0.0
2018,R64,Kansas State,Creighton,Kansas State,1.0,-3.5000000000000018,0.6400000000000006,0.040000000000000036,-160.0,1.0
2018,R64,Kentucky,Davidson,Kentucky,-7.0,6.219999999999999,8.16,0.06699999999999995,-38.0,1.0
2018,R64,Davidson,Kentucky,Kentucky,7.0,-6.219999999999999,-8.16,-0.06699999999999995,38.0,0.0
2018,R64,Arizona,Buffalo,Buffalo,-9.0,7.68,6.59,0.02100000000000002,4.0,0.0
2018,R64,Buffalo,Arizona,Buffalo,9.0,-7.68,-6.59,-0.02100000000000002,-4.0,1.0
2018,R64,Miami (FL),Loyola (IL),Loyola (IL),-5.0,2.460000000000001,5.16,-0.15400000000000003,-156.0,0.0
2018,R64,Loyola (IL),Miami (FL),Loyola (IL),5.0,-2.460000000000001,-5.16,0.15400000000000003,156.0,1.0
2018,R64,Tennessee,Wright State,Tennessee,-11.0,17.62,13.76,0.029000000000000026,90.0,1.0
2018,R64,Wright State,Tennessee,Tennessee,11.0,-17.62,-13.76,-0.029000000000000026,-90.0,0.0
2018,R64,Nevada,Texas,Nevada,-3.0,0.47999999999999865,-5.74,0.22499999999999998,240.0,1.0
2018,R64,Texas,Nevada,Nevada,3.0,-0.47999999999999865,5.74,-0.22499999999999998,-240.0,0.0
2018,R64,Cincinnati,Georgia State,Cincinnati,-13.0,17.03,6.31,0.17499999999999993,344.0,1.0
2018,R64,Georgia State,Cincinnati,Cincinnati,13.0,-17.03,-6.31,-0.17499999999999993,-344.0,0.0
2018,R32,UMBC,Kansas State,Kansas State,7.0,-14.87,-12.58,0.017999999999999905,12.0,0.0
2018,R32,Kansas State,UMBC,Kansas State,-7.0,14.87,12.58,-0.017999999999999905,-12.0,1.0
2018,R32,Kentucky,Buffalo,Kentucky,-8.0,9.249999999999998,10.48,-0.04700000000000004,-64.0,1.0
2018,R32,Buffalo,Kentucky,Kentucky,8.0,-9.249999999999998,-10.48,0.04700000000000004,64.0,0.0
2018,R32,Loyola (IL),Tennessee,Loyola (IL),8.0,-7.83,-8.319999999999999,0.09899999999999998,61.0,1.0
2018,R32,Tennessee,Loyola (IL),Loyola (IL),-8.0,7.83,8.319999999999999,-0.09899999999999998,-61.0,0.0
2018,R32,Nevada,Cincinnati,Nevada,5.0,-5.8100000000000005,1.4,-0.07699999999999996,-250.0,1.0
2018,R32,Cincinnati,Nevada,Nevada,-5.0,5.8100000000000005,-1.4,0.07699999999999996,250.0,0.0
2018,S16,Kansas State,Kentucky,Kansas State,4.0,-4.389999999999999,-1.9900000000000002,-0.026999999999999913,-89.0,1.0
2018,S16,Kentucky,Kansas State,Kansas State,-4.0,4.389999999999999,1.9900000000000002,0.026999999999999913,89.0,0.0
2018,S16,Loyola (IL),Nevada,Loyola (IL),4.0,-4.07,-3.13,0.05799999999999994,-8.0,1.0
2018,S16,Nevada,Loyola (IL),Loyola (IL),-4.0,4.07,3.13,-0.05799999999999994,8.0,0.0
2018,E8,Kansas State,Loyola (IL),Loyola (IL),-2.0,2.4800000000000004,6.94,-0.16599999999999993,-192.0,0.0
2018,E8,Loyola (IL),Kansas State,Loyola (IL),2.0,-2.4800000000000004,-6.94,0.16599999999999993,192.0,1.0
2018,R64,Xavier,Texas Southern,Xavier,-15.0,26.59,14.96,0.38499999999999995,409.0,1.0
2018,R64,Texas Southern,Xavier,Xavier,15.0,-26.59,-14.96,-0.38499999999999995,-409.0,0.0
2018,R64,Missouri,Florida State,Florida State,-1.0,-1.9699999999999989,0.6899999999999995,-0.051000000000000045,-102.0,0.0
2018,R64,Florida State,Missouri,Florida State,1.0,1.9699999999999989,-0.6899999999999995,0.051000000000000045,102.0,1.0
2018,R64,Ohio State,South Dakota State,Ohio State,-7.0,10.830000000000002,9.4,-0.06500000000000006,-65.0,1.0
2018,R64,South Dakota State,Ohio State,Ohio State,7.0,-10.830000000000002,-9.4,0.06500000000000006,65.0,0.0
2018,R64,Gonzaga,UNC Greensboro,Gonzaga,-9.0,13.900000000000002,6.470000000000001,0.09399999999999997,213.0,1.0
2018,R64,UNC Greensboro,Gonzaga,Gonzaga,9.0,-13.900000000000002,-6.470000000000001,-0.09399999999999997,-213.0,0.0
2018,R64,Houston,San Diego State,Houston,-5.0,3.76,0.25,0.10399999999999998,109.0,1.0
2018,R64,San Diego State,Houston,Houston,5.0,-3.76,-0.25,-0.10399999999999998,-109.0,0.0
2018,R64,Michigan,Montana,Michigan,-11.0,12.740000000000002,11.65,0.040000000000000036,127.0,1.0
2018,R64,Montana,Michigan,Michigan,11.0,-12.740000000000002,-11.65,-0.040000000000000036,-127.0,0.0
2018,R64,Texas A&M,Providence,Texas A&M,-3.0,4.1800000000000015,0.3899999999999988,0.029000000000000026,133.0,1.0
2018,R64,Providence,Texas A&M,Texas A&M,3.0,-4.1800000000000015,-0.3899999999999988,-0.029000000000000026,-133.0,0.0
2018,R64,UNC,Lipscomb,UNC,-13.0,-1.8199999999999998,0.21999999999999975,-0.07899999999999996,-86.0,1.0
2018,R64,Lipscomb,UNC,UNC,13.0,1.8199999999999998,-0.21999999999999975,0.07899999999999996,86.0,0.0
2018,R32,Xavier,Florida State,Florida State,-8.0,3.2799999999999994,0.9299999999999997,0.17199999999999993,82.0,0.0
2018,R32,Florida State,Xavier,Florida State,8.0,-3.2799999999999994,-0.9299999999999997,-0.17199999999999993,-82.0,1.0
2018,R32,Ohio State,Gonzaga,Gonzaga,1.0,-0.7699999999999996,6.42,-0.13,-292.0,0.0
2018,R32,Gonzaga,Ohio State,Gonzaga,-1.0,0.7699999999999996,-6.42,0.13,292.0,1.0
2018,R32,Houston,Michigan,Michigan,3.0,-3.040000000000001,-5.25,-0.03400000000000003,-9.0,0.0
2018,R32,Michigan,Houston,Michigan,-3.0,3.040000000000001,5.25,0.03400000000000003,9.0,1.0
2018,R32,Texas A&M,UNC,Texas A&M,5.0,19.22,14.2,0.01100000000000001,106.0,1.0
2018,R32,UNC,Texas A&M,Texas A&M,-5.0,-19.22,-14.2,-0.01100000000000001,-106.0,0.0
2018,S16,Florida State,Gonzaga,Florida State,5.0,-2.660000000000002,5.9,-0.20799999999999996,-331.0,1.0
2018,S16,Gonzaga,Florida State,Florida State,-5.0,2.660000000000002,-5.9,0.20799999999999996,331.0,0.0
2018,S16,Michigan,Texas A&M,Michigan,-4.0,3.7300000000000004,-1.209999999999999,0.17600000000000005,259.0,1.0
2018,S16,Texas A&M,Michigan,Michigan,4.0,-3.7300000000000004,1.209999999999999,-0.17600000000000005,-259.0,0.0
2018,E8,Florida State,Michigan,Michigan,6.0,-3.2500000000000018,-0.9100000000000001,-0.14800000000000002,-168.0,0.0
2018,E8,Michigan,Florida State,Michigan,-6.0,3.2500000000000018,0.9100000000000001,0.14800000000000002,168.0,1.0
2018,F4,Villanova,Kansas,Villanova,0.0,5.25,-1.6400000000000006,0.10499999999999998,285.0,1.0
2018,F4,Kansas,Villanova,Villanova,-0.0,-5.25,1.6400000000000006,-0.10499999999999998,-285.0,0.0
2018,F4,Loyola (IL),Michigan,Michigan,8.0,-8.660000000000002,-7.61,0.03699999999999992,-79.0,0.0
2018,F4,Michigan,Loyola (IL),Michigan,-8.0,8.660000000000002,7.61,-0.03699999999999992,79.0,1.0
2018,NCG,Villanova,Michigan,Villanova,-2.0,7.609999999999999,0.8300000000000001,0.09499999999999997,233.0,1.0
2018,NCG,Michigan,Villanova,Villanova,2.0,-7.609999999999999,-0.8300000000000001,-0.09499999999999997,-233.0,0.0
2019,R64,Duke,North Dakota State,Duke,-15.0,30.909999999999997,14.05,0.29899999999999993,552.0,1.0
2019,R64,North Dakota State,Duke,Duke,15.0,-30.909999999999997,-14.05,-0.29899999999999993,-552.0,0.0
2019,R64,VCU,UCF,UCF,-1.0,-1.4099999999999984,-2.71,0.031000000000000028,43.0,0.0
2019,R64,UCF,VCU,UCF,1.0,1.4099999999999984,2.71,-0.031000000000000028,-43.0,1.0
2019,R64,Mississippi State,Liberty,Liberty,-7.0,10.690000000000001,12.95,-0.13,-211.0,0.0
2019,R64,Liberty,Mississippi State,Liberty,7.0,-10.690000000000001,-12.95,0.13,211.0,1.0
2019,R64,Virginia Tech,Saint Louis,Virginia Tech,-9.0,14.220000000000002,5.5600000000000005,0.10399999999999998,300.0,1.0
2019,R64,Saint Louis,Virginia Tech,Virginia Tech,9.0,-14.220000000000002,-5.5600000000000005,-0.10399999999999998,-300.0,0.0
2019,R64,Maryland,Belmont,Maryland,-5.0,6.890000000000002,12.69,-0.1419999999999999,-228.0,1.0
2019,R64,Belmont,Maryland,Maryland,5.0,-6.890000000000002,-12.69,0.1419999999999999,228.0,0.0
2019,R64,LSU,Yale,LSU,-11.0,10.98,10.4,0.06700000000000006,32.0,1.0
2019,R64,Yale,LSU,LSU,11.0,-10.98,-10.4,-0.06700000000000006,-32.0,0.0
2019,R64,Louisville,Minnesota,Minnesota,-3.0,4.760000000000002,-0.23000000000000043,-0.02300000000000002,167.0,0.0
2019,R64,Minnesota,Louisville,Minnesota,3.0,-4.760000000000002,0.23000000000000043,0.02300000000000002,-167.0,1.0
2019,R64,Michigan State,Bradley,Michigan State,-13.0,25.009999999999998,13.24,0.25,447.0,1.0
2019,R64,Bradley,Michigan State,Michigan State,13.0,-25.009999999999998,-13.24,-0.25,-447.0,0.0
2019,R32,Duke,UCF,Duke,-8.0,13.53,6.4,0.11499999999999999,310.0,1.0
2019,R32,UCF,Duke,Duke,8.0,-13.53,-6.4,-0.11499999999999999,-310.0,0.0
2019,R32,Liberty,Virginia Tech,Virginia Tech,8.0,-14.010000000000002,-11.67,0.06300000000000006,43.0,0.0
2019,R32,Virginia Tech,Liberty,Virginia Tech,-8.0,14.010000000000002,11.67,-0.06300000000000006,-43.0,1.0
2019,R32,Maryland,LSU,LSU,3.0,-0.48999999999999844,0.9299999999999997,-0.124,-56.0,0.0
2019,R32,LSU,Maryland,LSU,-3.0,0.48999999999999844,-0.9299999999999997,0.124,56.0,1.0
2019,R32,Minnesota,Michigan State,Michigan State,8.0,-12.41,-1.0700000000000003,-0.20999999999999996,-446.0,0.0
2019,R32,Michigan State,Minnesota,Michigan State,-8.0,12.41,1.0700000000000003,0.20999999999999996,446.0,1.0
2019,S16,Duke,Virginia Tech,Duke,-3.0,7.619999999999997,4.19,0.09899999999999998,165.0,1.0
2019,S16,Virginia Tech,Duke,Duke,3.0,-7.619999999999997,-4.19,-0.09899999999999998,-165.0,0.0
2019,S16,LSU,Michigan State,Michigan State,1.0,-8.43,-3.1799999999999997,-0.020999999999999908,-234.0,0.0
2019,S16,Michigan State,LSU,Michigan State,-1.0,8.43,3.1799999999999997,0.020999999999999908,234.0,1.0
2019,E8,Duke,Michigan State,Michigan State,-1.0,1.9699999999999989,-0.35999999999999943,0.02100000000000002,76.0,0.0
2019,E8,Michigan State,Duke,Michigan State,1.0,-1.9699999999999989,0.35999999999999943,-0.02100000000000002,-76.0,1.0
2019,R64,UNC,Iona,UNC,-15.0,-15.029999999999998,3.15,-0.386,-480.0,1.0
2019,R64,Iona,UNC,UNC,15.0,15.029999999999998,-3.15,0.386,480.0,0.0
2019,R64,Utah State,Washington,Washington,-1.0,-0.02999999999999936,-6.12,0.050000000000000044,224.0,0.0
2019,R64,Washington,Utah State,Washington,1.0,0.02999999999999936,6.12,-0.050000000000000044,-224.0,1.0
2019,R64,Auburn,New Mexico State,Auburn,-7.0,10.79,13.3,-0.10699999999999998,-37.0,1.0
2019,R64,New Mexico State,Auburn,Auburn,7.0,-10.79,-13.3,0.10699999999999998,37.0,0.0
2019,R64,Kansas,Northeastern,Kansas,-9.0,14.400000000000002,13.489999999999998,0.04599999999999993,42.0,1.0
2019,R64,Northeastern,Kansas,Kansas,9.0,-14.400000000000002,-13.489999999999998,-0.04599999999999993,-42.0,0.0
2019,R64,Iowa State,Ohio State,Ohio State,-5.0,4.18,-1.6999999999999993,0.08600000000000008,206.0,0.0
2019,R64,Ohio State,Iowa State,Ohio State,5.0,-4.18,1.6999999999999993,-0.08600000000000008,-206.0,1.0
2019,R64,Houston,Georgia State,Houston,-11.0,16.47,3.9600000000000004,0.18600000000000005,422.0,1.0
2019,R64,Georgia State,Houston,Houston,11.0,-16.47,-3.9600000000000004,-0.18600000000000005,-422.0,0.0
2019,R64,Wofford,Seton Hall,Wofford,-3.0,3.67,-7.54,0.269,519.0,1.0
2019,R64,Seton Hall,Wofford,Wofford,3.0,-3.67,7.54,-0.269,-519.0,0.0
2019,R64,Kentucky,Abilene Christian,Kentucky,-13.0,23.34,17.63,0.017000000000000015,71.0,1.0
2019,R64,Abilene Christian,Kentucky,Kentucky,13.0,-23.34,-17.63,-0.017000000000000015,-71.0,0.0
2019,R32,UNC,Washington,UNC,-8.0,-31.82,-9.36,-0.621,-636.0,1.0
2019,R32,Washington,UNC,UNC,8.0,31.82,9.36,0.621,636.0,0.0
2019,R32,Auburn,Kansas,Auburn,1.0,2.4899999999999984,-1.8699999999999992,0.028000000000000025,238.0,1.0
2019,R32,Kansas,Auburn,Auburn,-1.0,-2.4899999999999984,1.8699999999999992,-0.028000000000000025,-238.0,0.0
2019,R32,Ohio State,Houston,Houston,8.0,-5.02,6.39,-0.32100000000000006,-428.0,0.0
2019,R32,Houston,Ohio State,Houston,-8.0,5.02,-6.39,0.32100000000000006,428.0,1.0
2019,R32,Wofford,Kentucky,Kentucky,5.0,-7.51,-9.489999999999998,0.04599999999999993,172.0,0.0
2019,R32,Kentucky,Wofford,Kentucky,-5.0,7.51,9.489999999999998,-0.04599999999999993,-172.0,1.0
2019,S16,UNC,Auburn,Auburn,-4.0,-40.65,-13.27,-0.621,-894.0,0.0
2019,S16,Auburn,UNC,Auburn,4.0,40.65,13.27,0.621,894.0,1.0
2019,S16,Houston,Kentucky,Kentucky,1.0,-2.5199999999999996,-5.679999999999999,0.08099999999999996,117.0,0.0
2019,S16,Kentucky,Houston,Kentucky,-1.0,2.5199999999999996,5.679999999999999,-0.08099999999999996,-117.0,1.0
2019,E8,Auburn,Kentucky,Auburn,3.0,-0.5899999999999999,0.6300000000000008,-0.061000000000000054,26.0,1.0
2019,E8,Kentucky,Auburn,Auburn,-3.0,0.5899999999999999,-0.6300000000000008,0.061000000000000054,-26.0,0.0
2019,R64,Virginia,Gardner-Webb,Virginia,-15.0,28.07,14.58,0.264,332.0,1.0
2019,R64,Gardner-Webb,Virginia,Virginia,15.0,-28.07,-14.58,-0.264,-332.0,0.0
2019,R64,Ole Miss,Oklahoma,Oklahoma,-1.0,-2.9800000000000004,-4.08,0.018000000000000016,33.0,0.0
2019,R64,Oklahoma,Ole Miss,Oklahoma,1.0,2.9800000000000004,4.08,-0.018000000000000016,-33.0,1.0
2019,R64,Wisconsin,Oregon,Oregon,-7.0,3.9499999999999993,4.88,0.018000000000000016,-63.0,0.0
2019,R64,Oregon,Wisconsin,Oregon,7.0,-3.9499999999999993,-4.88,-0.018000000000000016,63.0,1.0
2019,R64,Kansas State,UC Irvine,UC Irvine,-9.0,9.690000000000001,11.48,-0.10299999999999998,-111.0,0.0
2019,R64,UC Irvine,Kansas State,UC Irvine,9.0,-9.690000000000001,-11.48,0.10299999999999998,111.0,1.0
2019,R64,Villanova,Saint Mary's,Villanova,-5.0,1.75,3.5699999999999994,0.07499999999999996,-49.0,1.0
2019,R64,Saint Mary's,Villanova,Villanova,5.0,-1.75,-3.5699999999999994,-0.07499999999999996,49.0,0.0
2019,R64,Purdue,Old Dominion,Purdue,-11.0,17.659999999999997,13.17,-0.02100000000000002,171.0,1.0
2019,R64,Old Dominion,Purdue,Purdue,11.0,-17.659999999999997,-13.17,0.02100000000000002,-171.0,0.0
2019,R64,Cincinnati,Iowa,Iowa,-3.0,0.2599999999999998,-4.34,0.14300000000000002,161.0,0.0
2019,R64,Iowa,Cincinnati,Iowa,3.0,-0.2599999999999998,4.34,-0.14300000000000002,-161.0,1.0
2019,R64,Tennessee,Colgate,Tennessee,-13.0,20.32,13.99,0.1519999999999999,265.0,1.0
2019,R64,Colgate,Tennessee,Tennessee,13.0,-20.32,-13.99,-0.1519999999999999,-265.0,0.0
2019,R32,Virginia,Oklahoma,Virginia,-8.0,10.16,-2.0600000000000005,0.3330000000000001,477.0,1.0
2019,R32,Oklahoma,Virginia,Virginia,8.0,-10.16,2.0600000000000005,-0.3330000000000001,-477.0,0.0
2019,R32,Oregon,UC Irvine,Oregon,-1.0,8.25,8.43,-0.17999999999999994,-25.0,1.0
2019,R32,UC Irvine,Oregon,Oregon,1.0,-8.25,-8.43,0.17999999999999994,25.0,0.0
2019,R32,Villanova,Purdue,Purdue,3.0,-7.0699999999999985,-4.0200000000000005,0.0,-110.0,0.0
2019,R32,Purdue,Villanova,Purdue,-3.0,7.0699999999999985,4.0200000000000005,-0.0,110.0,1.0
2019,R32,Iowa,Tennessee,Tennessee,8.0,-7.280000000000001,-0.3200000000000003,-0.18099999999999994,-300.0,0.0
2019,R32,Tennessee,Iowa,Tennessee,-8.0,7.280000000000001,0.3200000000000003,0.18099999999999994,300.0,1.0
2019,S16,Virginia,Oregon,Virginia,-11.0,11.510000000000002,4.0200000000000005,0.263,285.0,1.0
2019,S16,Oregon,Virginia,Virginia,11.0,-11.510000000000002,-4.0200000000000005,-0.263,-285.0,0.0
2019,S16,Purdue,Tennessee,Purdue,1.0,-0.15000000000000213,1.83,-0.11599999999999999,-116.0,1.0
2019,S16,Tennessee,Purdue,Purdue,-1.0,0.15000000000000213,-1.83,0.11599999999999999,116.0,0.0
2019,E8,Virginia,Purdue,Virginia,-2.0,4.060000000000002,-1.8399999999999999,0.19900000000000007,243.0,1.0
2019,E8,Purdue,Virginia,Virginia,2.0,-4.060000000000002,1.8399999999999999,-0.19900000000000007,-243.0,0.0
2019,R64,Gonzaga,FDU,Gonzaga,-15.0,33.879999999999995,12.25,0.29200000000000004,738.0,1.0
2019,R64,FDU,Gonzaga,Gonzaga,15.0,-33.879999999999995,-12.25,-0.29200000000000004,-738.0,0.0
2019,R64,Syracuse,Baylor,Baylor,-1.0,0.34999999999999964,0.8300000000000001,0.0,-16.0,0.0
2019,R64,Baylor,Syracuse,Baylor,1.0,-0.34999999999999964,-0.8300000000000001,-0.0,16.0,1.0
2019,R64,Marquette,Murray State,Murray State,-7.0,5.8199999999999985,10.07,-0.14200000000000002,-206.0,0.0
2019,R64,Murray State,Marquette,Murray State,7.0,-5.8199999999999985,-10.07,0.14200000000000002,206.0,1.0
2019,R64,Florida State,Vermont,Florida State,-9.0,13.11,14.44,-0.010000000000000009,-79.0,1.0
2019,R64,Vermont,Florida State,Florida State,9.0,-13.11,-14.44,0.010000000000000009,79.0,0.0
2019,R64,Buffalo,Arizona State,Buffalo,-5.0,5.280000000000001,-3.42,0.21299999999999997,343.0,1.0
2019,R64,Arizona State,Buffalo,Buffalo,5.0,-5.280000000000001,3.42,-0.21299999999999997,-343.0,0.0
2019,R64,Texas Tech,Northern Kentucky,Texas Tech,-11.0,18.119999999999997,11.92,0.07299999999999995,167.0,1.0
2019,R64,Northern Kentucky,Texas Tech,Texas Tech,11.0,-18.119999999999997,-11.92,-0.07299999999999995,-167.0,0.0
2019,R64,Nevada,Florida,Florida,-3.0,0.5800000000000001,-8.540000000000001,0.29699999999999993,302.0,0.0
2019,R64,Florida,Nevada,Florida,3.0,-0.5800000000000001,8.540000000000001,-0.29699999999999993,-302.0,1.0
2019,R64,Michigan,Montana,Michigan,-13.0,20.32,15.600000000000001,0.06800000000000006,149.0,1.0
2019,R64,Montana,Michigan,Michigan,13.0,-20.32,-15.600000000000001,-0.06800000000000006,-149.0,0.0
2019,R32,Gonzaga,Baylor,Gonzaga,-8.0,14.409999999999998,-4.25,0.30400000000000005,703.0,1.0
2019,R32,Baylor,Gonzaga,Gonzaga,8.0,-14.409999999999998,4.25,-0.30400000000000005,-703.0,0.0
2019,R32,Murray State,Florida State,Florida State,8.0,-9.029999999999998,-13.37,0.06399999999999995,186.0,0.0
2019,R32,Florida State,Murray State,Florida State,-8.0,9.029999999999998,13.37,-0.06399999999999995,-186.0,1.0
2019,R32,Buffalo,Texas Tech,Texas Tech,3.0,-7.229999999999999,-6.909999999999999,0.07300000000000006,-17.0,0.0
2019,R32,Texas Tech,Buffalo,Texas Tech,-3.0,7.229999999999999,6.909999999999999,-0.07300000000000006,17.0,1.0
2019,R32,Florida,Michigan,Michigan,8.0,-6.4,0.6699999999999999,-0.255,-266.0,0.0
2019,R32,Michigan,Florida,Michigan,-8.0,6.4,-0.6699999999999999,0.255,266.0,1.0
2019,S16,Gonzaga,Florida State,Gonzaga,-3.0,9.8,-5.25,0.10799999999999998,557.0,1.0
2019,S16,Florida State,Gonzaga,Gonzaga,3.0,-9.8,5.25,-0.10799999999999998,-557.0,0.0
2019,S16,Texas Tech,Michigan,Texas Tech,1.0,0.9699999999999989,-1.0200000000000014,0.004999999999999893,87.0,1.0
2019,S16,Michigan,Texas Tech,Texas Tech,-1.0,-0.9699999999999989,1.0200000000000014,-0.004999999999999893,-87.0,0.0
2019,E8,Gonzaga,Texas Tech,Texas Tech,-2.0,5.0,-4.52,0.07600000000000007,339.0,0.0
2019,E8,Texas Tech,Gonzaga,Texas Tech,2.0,-5.0,4.52,-0.07600000000000007,-339.0,1.0
2019,F4,Michigan State,Texas Tech,Texas Tech,-1.0,2.1400000000000006,2.8100000000000005,0.0050000000000000044,-13.0,0.0
2019,F4,Texas Tech,Michigan State,Texas Tech,1.0,-2.1400000000000006,-2.8100000000000005,-0.0050000000000000044,13.0,1.0
2019,F4,Auburn,Virginia,Virginia,4.0,-4.620000000000001,0.7699999999999996,-0.17100000000000004,-144.0,0.0
2019,F4,Virginia,Auburn,Virginia,-4.0,4.620000000000001,-0.7699999999999996,0.17100000000000004,144.0,1.0
2019,NCG,Texas Tech,Virginia,Virginia,2.0,-2.6700000000000017,-0.620000000000001,-0.1050000000000001,-78.0,0.0
2019,NCG,Virginia,Texas Tech,Virginia,-2.0,2.6700000000000017,0.620000000000001,0.1050000000000001,78.0,1.0
2021,R64,Michigan,Texas Southern,Michigan,-15.0,28.15,20.28,0.16699999999999993,186.0,1.0
2021,R64,Texas Southern,Michigan,Michigan,15.0,-28.15,-20.28,-0.16699999999999993,-186.0,0.0
2021,R64,LSU,St. Bonaventure,LSU,-1.0,2.26,4.65,-0.10699999999999998,2.0,1.0
2021,R64,St. Bonaventure,LSU,LSU,1.0,-2.26,-4.65,0.10699999999999998,-2.0,0.0
2021,R64,Colorado,Georgetown,Colorado,-7.0,8.749999999999998,-0.7899999999999991,0.21899999999999997,304.0,1.0
2021,R64,Georgetown,Colorado,Colorado,7.0,-8.749999999999998,0.7899999999999991,-0.21899999999999997,-304.0,0.0
2021,R64,Florida State,UNC Greensboro,Florida State,-9.0,13.64,11.31,0.020000000000000018,30.0,1.0
2021,R64,UNC Greensboro,Florida State,Florida State,9.0,-13.64,-11.31,-0.020000000000000018,-30.0,0.0
2021,R64,BYU,UCLA,UCLA,-5.0,-1.1100000000000012,-4.109999999999999,0.05300000000000005,97.0,0.0
2021,R64,UCLA,BYU,UCLA,5.0,1.1100000000000012,4.109999999999999,-0.05300000000000005,-97.0,1.0
2021,R64,Texas,Abilene Christian,Abilene Christian,-11.0,9.24,15.73,-0.124,-277.0,0.0
2021,R64,Abilene Christian,Texas,Abilene Christian,11.0,-9.24,-15.73,0.124,277.0,1.0
2021,R64,UConn,Maryland,Maryland,-3.0,1.83,-3.380000000000001,0.10399999999999998,64.0,0.0
2021,R64,Maryland,UConn,Maryland,3.0,-1.83,3.380000000000001,-0.10399999999999998,-64.0,1.0
2021,R64,Alabama,Iona,Alabama,-13.0,20.779999999999998,16.43,0.121,222.0,1.0
2021,R64,Iona,Alabama,Alabama,13.0,-20.779999999999998,-16.43,-0.121,-222.0,0.0
2021,R32,Michigan,LSU,Michigan,-7.0,6.300000000000001,2.1099999999999994,0.16599999999999993,111.0,1.0
2021,R32,LSU,Michigan,Michigan,7.0,-6.300000000000001,-2.1099999999999994,-0.16599999999999993,-111.0,0.0
2021,R32,Colorado,Florida State,Florida State,1.0,1.759999999999998,0.41000000000000014,-0.0010000000000000009,99.0,0.0
2021,R32,Florida State,Colorado,Florida State,-1.0,-1.759999999999998,-0.41000000000000014,0.0010000000000000009,-99.0,1.0
2021,R32,UCLA,Abilene Christian,UCLA,-3.0,10.030000000000001,17.71,-0.14,-284.0,1.0
2021,R32,Abilene Christian,UCLA,UCLA,3.0,-10.030000000000001,-17.71,0.14,284.0,0.0
2021,R32,Maryland,Alabama,Alabama,8.0,-5.639999999999999,1.9600000000000009,-0.24,-215.0,0.0
2021,R32,Alabama,Maryland,Alabama,-8.0,5.639999999999999,-1.9600000000000009,0.24,215.0,1.0
2021,S16,Michigan,Florida State,Michigan,-3.0,4.879999999999999,2.09,0.10099999999999998,102.0,1.0
2021,S16,Florida State,Michigan,Michigan,3.0,-4.879999999999999,-2.09,-0.10099999999999998,-102.0,0.0
2021,S16,UCLA,Alabama,UCLA,9.0,-3.2799999999999976,1.33,-0.10000000000000009,-157.0,1.0
2021,S16,Alabama,UCLA,UCLA,-9.0,3.2799999999999976,-1.33,0.10000000000000009,157.0,0.0
2021,E8,Michigan,UCLA,UCLA,-10.0,5.699999999999999,-0.08999999999999986,0.133,142.0,0.0
2021,E8,UCLA,Michigan,UCLA,10.0,-5.699999999999999,0.08999999999999986,-0.133,-142.0,1.0
2021,R64,Illinois,Drexel,Illinois,-15.0,24.22,15.26,0.17400000000000004,310.0,1.0
2021,R64,Drexel,Illinois,Illinois,15.0,-24.22,-15.26,-0.17400000000000004,-310.0,0.0
2021,R64,Loyola (IL),Georgia Tech,Loyola (IL),-1.0,2.33,-6.54,0.18499999999999994,337.0,1.0
2021,R64,Georgia Tech,Loyola (IL),Loyola (IL),1.0,-2.33,6.54,-0.18499999999999994,-337.0,0.0
2021,R64,Tennessee,Oregon State,Oregon State,-7.0,5.390000000000001,-2.3599999999999994,0.061000000000000054,134.0,0.0
2021,R64,Oregon State,Tennessee,Oregon State,7.0,-5.390000000000001,2.3599999999999994,-0.061000000000000054,-134.0,1.0
2021,R64,Oklahoma State,Liberty,Oklahoma State,-9.0,9.59,15.919999999999998,-0.09300000000000008,-302.0,1.0
2021,R64,Liberty,Oklahoma State,Oklahoma State,9.0,-9.59,-15.919999999999998,0.09300000000000008,302.0,0.0
2021,R64,San Diego State,Syracuse,Syracuse,-5.0,1.0899999999999999,-5.6,0.17799999999999994,218.0,0.0
2021,R64,Syracuse,San Diego State,Syracuse,5.0,-1.0899999999999999,5.6,-0.17799999999999994,-218.0,1.0
2021,R64,West Virginia,Morehead State,West Virginia,-11.0,16.31,14.38,-0.08699999999999997,8.0,1.0
2021,R64,Morehead State,West Virginia,West Virginia,11.0,-16.31,-14.38,0.08699999999999997,-8.0,0.0
2021,R64,Clemson,Rutgers,Rutgers,-3.0,-1.6500000000000004,-3.01,0.09600000000000009,26.0,0.0
2021,R64,Rutgers,Clemson,Rutgers,3.0,1.6500000000000004,3.01,-0.09600000000000009,-26.0,1.0
2021,R64,Houston,Cleveland State,Houston,-13.0,26.78,10.190000000000001,0.17100000000000004,579.0,1.0
2021,R64,Cleveland State,Houston,Houston,13.0,-26.78,-10.190000000000001,-0.17100000000000004,-579.0,0.0
2021,R32,Illinois,Loyola (IL),Loyola (IL),-7.0,8.13,9.969999999999999,-0.06499999999999995,-95.0,0.0
2021,R32,Loyola (IL),Illinois,Loyola (IL),7.0,-8.13,-9.969999999999999,0.06499999999999995,95.0,1.0
2021,R32,Oregon State,Oklahoma State,Oregon State,8.0,-2.17,1.040000000000001,-0.09399999999999997,-23.0,1.0
2021,R32,Oklahoma State,Oregon State,Oregon State,-8.0,2.17,-1.040000000000001,0.09399999999999997,23.0,0.0
2021,R32,Syracuse,West Virginia,Syracuse,8.0,-2.09,-1.4600000000000009,-0.01200000000000001,-23.0,1.0
2021,R32,West Virginia,Syracuse,Syracuse,-8.0,2.09,1.4600000000000009,0.01200000000000001,23.0,0.0
2021,R32,Rutgers,Houston,Houston,8.0,-7.52,7.13,-0.30400000000000005,-525.0,0.0
2021,R32,Houston,Rutgers,Houston,-8.0,7.52,-7.13,0.30400000000000005,525.0,1.0
2021,S16,Loyola (IL),Oregon State,Oregon State,-4.0,3.639999999999999,-9.45,0.23299999999999998,371.0,0.0
2021,S16,Oregon State,Loyola (IL),Oregon State,4.0,-3.639999999999999,9.45,-0.23299999999999998,-371.0,1.0
2021,S16,Syracuse,Houston,Houston,9.0,-8.39,3.2199999999999998,-0.23199999999999998,-440.0,0.0
2021,S16,Houston,Syracuse,Houston,-9.0,8.39,-3.2199999999999998,0.23199999999999998,440.0,1.0
2021,E8,Oregon State,Houston,Houston,10.0,-10.18,5.45,-0.269,-478.0,0.0
2021,E8,Houston,Oregon State,Houston,-10.0,10.18,-5.45,0.269,478.0,1.0
2021,R64,Baylor,Hartford,Baylor,-15.0,28.279999999999998,12.350000000000001,0.30800000000000005,487.0,1.0
2021,R64,Hartford,Baylor,Baylor,15.0,-28.279999999999998,-12.350000000000001,-0.30800000000000005,-487.0,0.0
2021,R64,UNC,Wisconsin,Wisconsin,-1.0,-24.21,-19.52,-0.08099999999999996,-152.0,0.0
2021,R64,Wisconsin,UNC,Wisconsin,1.0,24.21,19.52,0.08099999999999996,152.0,1.0
2021,R64,Villanova,Winthrop,Villanova,-7.0,12.779999999999998,16.34,-0.20000000000000007,-89.0,1.0
2021,R64,Winthrop,Villanova,Villanova,7.0,-12.779999999999998,-16.34,0.20000000000000007,89.0,0.0
2021,R64,Purdue,North Texas,North Texas,-9.0,7.970000000000001,10.21,0.0,-88.0,0.0
2021,R64,North Texas,Purdue,North Texas,9.0,-7.970000000000001,-10.21,-0.0,88.0,1.0
2021,R64,Texas Tech,Utah State,Texas Tech,-5.0,5.6,5.96,-0.06899999999999995,-27.0,1.0
2021,R64,Utah State,Texas Tech,Texas Tech,5.0,-5.6,-5.96,0.06899999999999995,27.0,0.0
2021,R64,Arkansas,Colgate,Arkansas,-11.0,4.140000000000001,9.08,-0.09399999999999997,91.0,1.0
2021,R64,Colgate,Arkansas,Arkansas,11.0,-4.140000000000001,-9.08,0.09399999999999997,-91.0,0.0
2021,R64,Florida,Virginia Tech,Florida,-3.0,1.1099999999999994,3.3200000000000003,-0.08200000000000007,-37.0,1.0
2021,R64,Virginia Tech,Florida,Florida,3.0,-1.1099999999999994,-3.3200000000000003,0.08200000000000007,37.0,0.0
2021,R64,Ohio State,Oral Roberts,Oral Roberts,-13.0,16.52,12.229999999999999,0.05600000000000005,28.0,0.0
2021,R64,Oral Roberts,Ohio State,Oral Roberts,13.0,-16.52,-12.229999999999999,-0.05600000000000005,-28.0,1.0
2021,R32,Baylor,Wisconsin,Baylor,-8.0,7.609999999999999,-4.529999999999999,0.3520000000000001,359.0,1.0
2021,R32,Wisconsin,Baylor,Baylor,8.0,-7.609999999999999,4.529999999999999,-0.3520000000000001,-359.0,0.0
2021,R32,Villanova,North Texas,Villanova,-8.0,9.889999999999999,8.17,0.07699999999999996,-2.0,1.0
2021,R32,North Texas,Villanova,Villanova,8.0,-9.889999999999999,-8.17,-0.07699999999999996,2.0,0.0
2021,R32,Texas Tech,Arkansas,Arkansas,3.0,-1.2100000000000009,0.10000000000000053,-0.16000000000000003,-70.0,0.0
2021,R32,Arkansas,Texas Tech,Arkansas,-3.0,1.2100000000000009,-0.10000000000000053,0.16000000000000003,70.0,1.0
2021,R32,Florida,Oral Roberts,Oral Roberts,-8.0,11.969999999999999,9.86,-0.02100000000000002,-63.0,0.0
2021,R32,Oral Roberts,Florida,Oral Roberts,8.0,-11.969999999999999,-9.86,0.02100000000000002,63.0,1.0
2021,S16,Baylor,Villanova,Baylor,-4.0,7.359999999999999,-1.7899999999999991,0.21300000000000008,316.0,1.0
2021,S16,Villanova,Baylor,Baylor,4.0,-7.359999999999999,1.7899999999999991,-0.21300000000000008,-316.0,0.0
2021,S16,Arkansas,Oral Roberts,Arkansas,-12.0,16.07,7.22,0.16000000000000003,180.0,1.0
2021,S16,Oral Roberts,Arkansas,Arkansas,12.0,-16.07,-7.22,-0.16000000000000003,-180.0,0.0
2021,E8,Baylor,Arkansas,Baylor,-2.0,7.029999999999998,0.22000000000000064,0.15200000000000002,183.0,1.0
2021,E8,Arkansas,Baylor,Baylor,2.0,-7.029999999999998,-0.22000000000000064,-0.15200000000000002,-183.0,0.0
2021,R64,Gonzaga,Norfolk State,Gonzaga,-15.0,33.36,14.43,0.2889999999999999,584.0,1.0
2021,R64,Norfolk State,Gonzaga,Gonzaga,15.0,-33.36,-14.43,-0.2889999999999999,-584.0,0.0
2021,R64,Oklahoma,Missouri,Oklahoma,-1.0,1.1500000000000004,-2.01,-0.02200000000000002,87.0,1.0
2021,R64,Missouri,Oklahoma,Oklahoma,1.0,-1.1500000000000004,2.01,0.02200000000000002,-87.0,0.0
2021,R64,Creighton,UC Santa Barbara,Creighton,-7.0,8.48,10.62,-0.10499999999999998,-115.0,1.0
2021,R64,UC Santa Barbara,Creighton,Creighton,7.0,-8.48,-10.62,0.10499999999999998,115.0,0.0
2021,R64,Virginia,Ohio,Ohio,-9.0,9.79,8.16,0.039999999999999925,27.0,0.0
2021,R64,Ohio,Virginia,Ohio,9.0,-9.79,-8.16,-0.039999999999999925,-27.0,1.0
2021,R64,USC,Drake,USC,-5.0,11.08,11.13,-0.08099999999999996,-30.0,1.0
2021,R64,Drake,USC,USC,5.0,-11.08,-11.13,0.08099999999999996,30.0,0.0
2021,R64,Kansas,Eastern Washington,Kansas,-11.0,11.259999999999998,13.41,0.03299999999999992,-8.0,1.0
2021,R64,Eastern Washington,Kansas,Kansas,11.0,-11.259999999999998,-13.41,-0.03299999999999992,8.0,0.0
2021,R64,Oregon,VCU,VCU,-3.0,4.849999999999998,4.890000000000001,0.019000000000000017,12.0,0.0
2021,R64,VCU,Oregon,VCU,3.0,-4.849999999999998,-4.890000000000001,-0.019000000000000017,-12.0,1.0
2021,R64,Iowa,Grand Canyon,Iowa,-13.0,16.29,13.89,0.0020000000000000018,19.0,1.0
2021,R64,Grand Canyon,Iowa,Iowa,13.0,-16.29,-13.89,-0.0020000000000000018,-19.0,0.0
2021,R32,Gonzaga,Oklahoma,Gonzaga,-7.0,13.68,-2.9399999999999995,0.376,555.0,1.0
2021,R32,Oklahoma,Gonzaga,Gonzaga,7.0,-13.68,2.9399999999999995,-0.376,-555.0,0.0
2021,R32,Creighton,Ohio,Creighton,-8.0,10.8,9.11,0.029999999999999916,75.0,1.0
2021,R32,Ohio,Creighton,Creighton,8.0,-10.8,-9.11,-0.029999999999999916,-75.0,0.0
2021,R32,USC,Kansas,USC,3.0,5.210000000000001,0.39000000000000057,0.05800000000000005,144.0,1.0
2021,R32,Kansas,USC,USC,-3.0,-5.210000000000001,-0.39000000000000057,-0.05800000000000005,-144.0,0.0
2021,R32,Oregon,Iowa,Oregon,5.0,-5.25,-0.7799999999999994,0.040000000000000036,-158.0,1.0
2021,R32,Iowa,Oregon,Oregon,-5.0,5.25,0.7799999999999994,-0.040000000000000036,158.0,0.0
2021,S16,Gonzaga,Creighton,Gonzaga,-4.0,10.919999999999998,-2.619999999999999,0.259,441.0,1.0
2021,S16,Creighton,Gonzaga,Gonzaga,4.0,-10.919999999999998,2.619999999999999,-0.259,-441.0,0.0
2021,S16,USC,Oregon,USC,-1.0,4.350000000000001,1.0,0.008000000000000007,143.0,1.0
2021,S16,Oregon,USC,USC,1.0,-4.350000000000001,-1.0,-0.008000000000000007,-143.0,0.0
2021,E8,Gonzaga,USC,Gonzaga,-5.0,6.699999999999999,-4.73,0.21099999999999997,356.0,1.0
2021,E8,USC,Gonzaga,Gonzaga,5.0,-6.699999999999999,4.73,-0.21099999999999997,-356.0,0.0
2021,F4,UCLA,Gonzaga,Gonzaga,10.0,-10.899999999999999,5.42,-0.281,-522.0,0.0
2021,F4,Gonzaga,UCLA,Gonzaga,-10.0,10.899999999999999,-5.42,0.281,522.0,1.0
2021,F4,Houston,Baylor,Baylor,1.0,-3.169999999999998,-2.0300000000000002,-0.05800000000000005,48.0,0.0
2021,F4,Baylor,Houston,Baylor,-1.0,3.169999999999998,2.0300000000000002,0.05800000000000005,-48.0,1.0
2021,NCG,Gonzaga,Baylor,Baylor,0.0,2.370000000000001,-1.4800000000000004,0.03599999999999992,158.0,0.0
2021,NCG,Baylor,Gonzaga,Baylor,-0.0,-2.370000000000001,1.4800000000000004,-0.03599999999999992,-158.0,1.0
2022,R64,Baylor,Norfolk State,Baylor,-15.0,25.64,18.060000000000002,0.020000000000000018,136.0,1.0
2022,R64,Norfolk State,Baylor,Baylor,15.0,-25.64,-18.060000000000002,-0.020000000000000018,-136.0,0.0
2022,R64,UNC,Marquette,UNC,-1.0,-15.879999999999999,-14.240000000000002,-0.06299999999999994,132.0,1.0
2022,R64,Marquette,UNC,UNC,1.0,15.879999999999999,14.240000000000002,0.06299999999999994,-132.0,0.0
2022,R64,Saint Mary's,Indiana,Saint Mary's,-7.0,2.1099999999999994,-1.5,0.16500000000000004,147.0,1.0
2022,R64,Indiana,Saint Mary's,Saint Mary's,7.0,-2.1099999999999994,1.5,-0.16500000000000004,-147.0,0.0
2022,R64,UCLA,Akron,UCLA,-9.0,18.39,12.29,0.06500000000000006,111.0,1.0
2022,R64,Akron,UCLA,UCLA,9.0,-18.39,-12.29,-0.06500000000000006,-111.0,0.0
2022,R64,Texas,Virginia Tech,Texas,-5.0,2.530000000000001,2.389999999999999,0.008000000000000007,-11.0,1.0
2022,R64,Virginia Tech,Texas,Texas,5.0,-2.530000000000001,-2.389999999999999,-0.008000000000000007,11.0,0.0
2022,R64,Purdue,Yale,Purdue,-11.0,19.25,9.57,0.17100000000000004,321.0,1.0
2022,R64,Yale,Purdue,Purdue,11.0,-19.25,-9.57,-0.17100000000000004,-321.0,0.0
2022,R64,Murray State,San Francisco,Murray State,-3.0,-4.25,-8.31,0.20600000000000007,214.0,1.0
2022,R64,San Francisco,Murray State,Murray State,3.0,4.25,8.31,-0.20600000000000007,-214.0,0.0
2022,R64,Kentucky,Saint Peter's,Saint Peter's,-13.0,17.939999999999998,8.49,0.118,286.0,0.0
2022,R64,Saint Peter's,Kentucky,Saint Peter's,13.0,-17.939999999999998,-8.49,-0.118,-286.0,1.0
2022,R32,Baylor,UNC,UNC,-7.0,26.25,14.04,0.263,232.0,0.0
2022,R32,UNC,Baylor,UNC,7.0,-26.25,-14.04,-0.263,-232.0,1.0
2022,R32,Saint Mary's,UCLA,UCLA,1.0,-4.48,-1.7799999999999994,-0.006000000000000005,-74.0,0.0
2022,R32,UCLA,Saint Mary's,UCLA,-1.0,4.48,1.7799999999999994,0.006000000000000005,74.0,1.0
2022,R32,Texas,Purdue,Purdue,3.0,-2.139999999999997,0.6399999999999988,-0.137,-127.0,0.0
2022,R32,Purdue,Texas,Purdue,-3.0,2.139999999999997,-0.6399999999999988,0.137,127.0,1.0
2022,R32,Murray State,Saint Peter's,Saint Peter's,-8.0,6.909999999999999,-2.5999999999999996,0.265,388.0,0.0
2022,R32,Saint Peter's,Murray State,Saint Peter's,8.0,-6.909999999999999,2.5999999999999996,-0.265,-388.0,1.0
2022,S16,UNC,UCLA,UNC,4.0,-23.82,-13.64,-0.24,-174.0,1.0
2022,S16,UCLA,UNC,UNC,-4.0,23.82,13.64,0.24,174.0,0.0
2022,S16,Purdue,Saint Peter's,Saint Peter's,-12.0,16.189999999999998,8.700000000000001,0.137,252.0,0.0
2022,S16,Saint Peter's,Purdue,Saint Peter's,12.0,-16.189999999999998,-8.700000000000001,-0.137,-252.0,1.0
2022,E8,UNC,Saint Peter's,UNC,-7.0,-7.4799999999999995,-4.8100000000000005,-0.11599999999999999,57.0,1.0
2022,E8,Saint Peter's,UNC,UNC,7.0,7.4799999999999995,4.8100000000000005,0.11599999999999999,-57.0,0.0
2022,R64,Kansas,Texas Southern,Kansas,-15.0,25.580000000000002,17.54,0.256,345.0,1.0
2022,R64,Texas Southern,Kansas,Kansas,15.0,-25.580000000000002,-17.54,-0.256,-345.0,0.0
2022,R64,San Diego State,Creighton,Creighton,-1.0,1.790000000000001,-2.6899999999999995,0.061999999999999944,135.0,0.0
2022,R64,Creighton,San Diego State,Creighton,1.0,-1.790000000000001,2.6899999999999995,-0.061999999999999944,-135.0,1.0
2022,R64,Iowa,Richmond,Richmond,-7.0,11.829999999999998,2.3899999999999997,0.07299999999999995,337.0,0.0
2022,R64,Richmond,Iowa,Richmond,7.0,-11.829999999999998,-2.3899999999999997,-0.07299999999999995,-337.0,1.0
2022,R64,Providence,South Dakota State,Providence,-9.0,6.48,11.52,-0.039000000000000035,-268.0,1.0
2022,R64,South Dakota State,Providence,Providence,9.0,-6.48,-11.52,0.039000000000000035,268.0,0.0
2022,R64,LSU,Iowa State,Iowa State,-5.0,5.0699999999999985,-1.0299999999999994,0.018000000000000016,204.0,0.0
2022,R64,Iowa State,LSU,Iowa State,5.0,-5.0699999999999985,1.0299999999999994,-0.018000000000000016,-204.0,1.0
2022,R64,Wisconsin,Colgate,Wisconsin,-11.0,12.15,15.530000000000001,0.10099999999999998,-166.0,1.0
2022,R64,Colgate,Wisconsin,Wisconsin,11.0,-12.15,-15.530000000000001,-0.10099999999999998,166.0,0.0
2022,R64,USC,Miami (FL),Miami (FL),-3.0,1.2799999999999994,-1.5300000000000002,0.062000000000000055,85.0,0.0
2022,R64,Miami (FL),USC,Miami (FL),3.0,-1.2799999999999994,1.5300000000000002,-0.062000000000000055,-85.0,1.0
2022,R64,Auburn,Jacksonville State,Auburn,-13.0,19.39,11.96,0.16799999999999993,173.0,1.0
2022,R64,Jacksonville State,Auburn,Auburn,13.0,-19.39,-11.96,-0.16799999999999993,-173.0,0.0
2022,R32,Kansas,Creighton,Kansas,-8.0,10.940000000000001,2.7600000000000016,0.19299999999999995,341.0,1.0
2022,R32,Creighton,Kansas,Kansas,8.0,-10.940000000000001,-2.7600000000000016,-0.19299999999999995,-341.0,0.0
2022,R32,Richmond,Providence,Providence,8.0,-6.01,-3.2699999999999996,-0.16899999999999993,-80.0,0.0
2022,R32,Providence,Richmond,Providence,-8.0,6.01,3.2699999999999996,0.16899999999999993,80.0,1.0
2022,R32,Iowa State,Wisconsin,Iowa State,8.0,-0.75,0.16999999999999993,-0.129,-24.0,1.0
2022,R32,Wisconsin,Iowa State,Iowa State,-8.0,0.75,-0.16999999999999993,0.129,24.0,0.0
2022,R32,Miami (FL),Auburn,Miami (FL),8.0,-7.979999999999999,-0.5499999999999998,-0.121,-242.0,1.0
2022,R32,Auburn,Miami (FL),Miami (FL),-8.0,7.979999999999999,0.5499999999999998,0.121,242.0,0.0
2022,S16,Kansas,Providence,Kansas,-3.0,9.200000000000001,3.5500000000000007,0.03200000000000003,263.0,1.0
2022,S16,Providence,Kansas,Kansas,3.0,-9.200000000000001,-3.5500000000000007,-0.03200000000000003,-263.0,0.0
2022,S16,Iowa State,Miami (FL),Miami (FL),1.0,1.1600000000000001,1.71,-0.07399999999999995,-26.0,0.0
2022,S16,Miami (FL),Iowa State,Miami (FL),-1.0,-1.1600000000000001,-1.71,0.07399999999999995,26.0,1.0
2022,E8,Kansas,Miami (FL),Kansas,-9.0,11.06,3.6800000000000006,0.14700000000000002,306.0,1.0
2022,E8,Miami (FL),Kansas,Kansas,9.0,-11.06,-3.6800000000000006,-0.14700000000000002,-306.0,0.0
2022,R64,Arizona,Wright State,Arizona,-15.0,24.69,11.95,0.281,445.0,1.0
2022,R64,Wright State,Arizona,Arizona,15.0,-24.69,-11.95,-0.281,-445.0,0.0
2022,R64,Seton Hall,TCU,TCU,-1.0,-0.9700000000000006,-1.6400000000000006,0.038000000000000034,56.0,0.0
2022,R64,TCU,Seton Hall,TCU,1.0,0.9700000000000006,1.6400000000000006,-0.038000000000000034,-56.0,1.0
2022,R64,Houston,UAB,Houston,-7.0,11.65,6.609999999999999,0.07099999999999995,136.0,1.0
2022,R64,UAB,Houston,Houston,7.0,-11.65,-6.609999999999999,-0.07099999999999995,-136.0,0.0
2022,R64,Illinois,Chattanooga,Illinois,-9.0,10.57,10.42,-0.07400000000000007,-105.0,1.0
2022,R64,Chattanooga,Illinois,Illinois,9.0,-10.57,-10.42,0.07400000000000007,105.0,0.0
2022,R64,Colorado State,Michigan,Michigan,-5.0,-2.75,-6.25,0.247,118.0,0.0
2022,R64,Michigan,Colorado State,Michigan,5.0,2.75,6.25,-0.247,-118.0,1.0
2022,R64,Tennessee,Longwood,Tennessee,-11.0,20.810000000000002,16.05,-0.017000000000000015,39.0,1.0
2022,R64,Longwood,Tennessee,Tennessee,11.0,-20.810000000000002,-16.05,0.017000000000000015,-39.0,0.0
2022,R64,Ohio State,Loyola (IL),Ohio State,-3.0,0.7799999999999994,6.15,-0.133,-211.0,1.0
2022,R64,Loyola (IL),Ohio State,Ohio State,3.0,-0.7799999999999994,-6.15,0.133,211.0,0.0
2022,R64,Villanova,Delaware,Villanova,-13.0,18.99,12.11,0.16000000000000003,231.0,1.0
2022,R64,Delaware,Villanova,Villanova,13.0,-18.99,-12.11,-0.16000000000000003,-231.0,0.0
2022,R32,Arizona,TCU,Arizona,-8.0,9.03,-3.3200000000000003,0.274,468.0,1.0
2022,R32,TCU,Arizona,Arizona,8.0,-9.03,3.3200000000000003,-0.274,-468.0,0.0
2022,R32,Houston,Illinois,Houston,1.0,5.859999999999999,-3.0100000000000007,0.14500000000000002,373.0,1.0
2022,R32,Illinois,Houston,Houston,-1.0,-5.859999999999999,3.0100000000000007,-0.14500000000000002,-373.0,0.0
2022,R32,Michigan,Tennessee,Michigan,8.0,-6.200000000000001,1.08,-0.21199999999999997,-258.0,1.0
2022,R32,Tennessee,Michigan,Michigan,-8.0,6.200000000000001,-1.08,0.21199999999999997,258.0,0.0
2022,R32,Ohio State,Villanova,Villanova,5.0,-5.139999999999999,-1.209999999999999,-0.16400000000000003,-180.0,0.0
2022,R32,Villanova,Ohio State,Villanova,-5.0,5.139999999999999,1.209999999999999,0.16400000000000003,180.0,1.0
2022,S16,Arizona,Houston,Houston,-4.0,0.1999999999999993,0.3700000000000001,0.050000000000000044,-22.0,0.0
2022,S16,Houston,Arizona,Houston,4.0,-0.1999999999999993,-0.3700000000000001,-0.050000000000000044,22.0,1.0
2022,S16,Michigan,Villanova,Villanova,9.0,-5.049999999999999,0.7300000000000004,-0.22999999999999998,-233.0,0.0
2022,S16,Villanova,Michigan,Villanova,-9.0,5.049999999999999,-0.7300000000000004,0.22999999999999998,233.0,1.0
2022,E8,Houston,Villanova,Villanova,3.0,3.240000000000002,-3.8199999999999994,0.052999999999999936,268.0,0.0
2022,E8,Villanova,Houston,Villanova,-3.0,-3.240000000000002,3.8199999999999994,-0.052999999999999936,-268.0,1.0
2022,R64,Gonzaga,Georgia State,Gonzaga,-15.0,26.57,5.84,0.254,528.0,1.0
2022,R64,Georgia State,Gonzaga,Gonzaga,15.0,-26.57,-5.84,-0.254,-528.0,0.0
2022,R64,Boise State,Memphis,Memphis,-1.0,-2.74,-2.6400000000000006,0.10399999999999998,34.0,0.0
2022,R64,Memphis,Boise State,Memphis,1.0,2.74,2.6400000000000006,-0.10399999999999998,-34.0,1.0
2022,R64,UConn,New Mexico State,New Mexico State,-7.0,9.29,5.64,-0.09700000000000009,47.0,0.0
2022,R64,New Mexico State,UConn,New Mexico State,7.0,-9.29,-5.64,0.09700000000000009,-47.0,1.0
2022,R64,Arkansas,Vermont,Arkansas,-9.0,8.46,14.32,-0.06699999999999995,-196.0,1.0
2022,R64,Vermont,Arkansas,Arkansas,9.0,-8.46,-14.32,0.06699999999999995,196.0,0.0
2022,R64,Alabama,Notre Dame,Notre Dame,-5.0,2.75,4.58,-0.1100000000000001,-91.0,0.0
2022,R64,Notre Dame,Alabama,Notre Dame,5.0,-2.75,-4.58,0.1100000000000001,91.0,1.0
2022,R64,Texas Tech,Montana State,Texas Tech,-11.0,20.34,14.190000000000001,-0.041000000000000036,169.0,1.0
2022,R64,Montana State,Texas Tech,Texas Tech,11.0,-20.34,-14.190000000000001,0.041000000000000036,-169.0,0.0
2022,R64,Michigan State,Davidson,Michigan State,-3.0,2.75,8.040000000000001,-0.15500000000000003,-207.0,1.0
2022,R64,Davidson,Michigan State,Michigan State,3.0,-2.75,-8.040000000000001,0.15500000000000003,207.0,0.0
2022,R64,Duke,Cal State Fullerton,Duke,-13.0,19.59,9.54,0.16499999999999992,369.0,1.0
2022,R64,Cal State Fullerton,Duke,Duke,13.0,-19.59,-9.54,-0.16499999999999992,-369.0,0.0
2022,R32,Gonzaga,Memphis,Gonzaga,-8.0,10.790000000000001,-3.3600000000000003,0.20799999999999996,446.0,1.0
2022,R32,Memphis,Gonzaga,Gonzaga,8.0,-10.790000000000001,3.3600000000000003,-0.20799999999999996,-446.0,0.0
2022,R32,New Mexico State,Arkansas,Arkansas,8.0,-9.16,-7.379999999999999,0.03700000000000003,-16.0,0.0
2022,R32,Arkansas,New Mexico State,Arkansas,-8.0,9.16,7.379999999999999,-0.03700000000000003,16.0,1.0
2022,R32,Notre Dame,Texas Tech,Texas Tech,8.0,-8.209999999999999,-1.6400000000000006,-0.04399999999999993,-232.0,0.0
2022,R32,Texas Tech,Notre Dame,Texas Tech,-8.0,8.209999999999999,1.6400000000000006,0.04399999999999993,232.0,1.0
2022,R32,Michigan State,Duke,Duke,5.0,-6.370000000000001,2.700000000000001,-0.18199999999999994,-363.0,0.0
2022,R32,Duke,Michigan State,Duke,-5.0,6.370000000000001,-2.700000000000001,0.18199999999999994,363.0,1.0
2022,S16,Gonzaga,Arkansas,Arkansas,-3.0,9.190000000000001,-4.119999999999999,0.118,388.0,0.0
2022,S16,Arkansas,Gonzaga,Arkansas,3.0,-9.190000000000001,4.119999999999999,-0.118,-388.0,1.0
2022,S16,Texas Tech,Duke,Duke,1.0,0.5299999999999976,1.3900000000000006,-0.09099999999999997,-56.0,0.0
2022,S16,Duke,Texas Tech,Duke,-1.0,-0.5299999999999976,-1.3900000000000006,0.09099999999999997,56.0,1.0
2022,E8,Arkansas,Duke,Duke,2.0,-3.280000000000001,1.3599999999999994,-0.06399999999999995,-196.0,0.0
2022,E8,Duke,Arkansas,Duke,-2.0,3.280000000000001,-1.3599999999999994,0.06399999999999995,196.0,1.0
2022,F4,UNC,Duke,UNC,6.0,-24.07,-12.54,-0.2899999999999999,-270.0,1.0
2022,F4,Duke,UNC,UNC,-6.0,24.07,12.54,0.2899999999999999,270.0,0.0
2022,F4,Kansas,Villanova,Kansas,-1.0,2.9700000000000024,1.0100000000000016,0.06099999999999994,96.0,1.0
2022,F4,Villanova,Kansas,Kansas,1.0,-2.9700000000000024,-1.0100000000000016,-0.06099999999999994,-96.0,0.0
2022,NCG,UNC,Kansas,Kansas,7.0,-26.8,-16.580000000000002,-0.31899999999999995,-230.0,0.0
2022,NCG,Kansas,UNC,Kansas,-7.0,26.8,16.580000000000002,0.31899999999999995,230.0,1.0
2023,R64,Purdue,FDU,FDU,-15.0,27.21,18.14,0.261,228.0,0.0
2023,R64,FDU,Purdue,FDU,15.0,-27.21,-18.14,-0.261,-228.0,1.0
2023,R64,Memphis,Florida Atlantic,Florida Atlantic,-1.0,0.5800000000000001,4.6000000000000005,-0.15400000000000003,-222.0,0.0
2023,R64,Florida Atlantic,Memphis,Florida Atlantic,1.0,-0.5800000000000001,-4.6000000000000005,0.15400000000000003,222.0,1.0
2023,R64,Duke,Oral Roberts,Duke,-7.0,7.279999999999999,10.280000000000001,-0.10699999999999998,-155.0,1.0
2023,R64,Oral Roberts,Duke,Duke,7.0,-7.279999999999999,-10.280000000000001,0.10699999999999998,155.0,0.0
2023,R64,Tennessee,Louisiana,Tennessee,-9.0,16.57,8.49,-0.07100000000000006,195.0,1.0
2023,R64,Louisiana,Tennessee,Tennessee,9.0,-16.57,-8.49,0.07100000000000006,-195.0,0.0
2023,R64,Kentucky,Providence,Kentucky,-5.0,1.8699999999999992,1.5300000000000002,0.01100000000000001,18.0,1.0
2023,R64,Providence,Kentucky,Kentucky,5.0,-1.8699999999999992,-1.5300000000000002,-0.01100000000000001,-18.0,0.0
2023,R64,Kansas State,Montana State,Kansas State,-11.0,13.61,10.91,0.008000000000000007,-19.0,1.0
2023,R64,Montana State,Kansas State,Kansas State,11.0,-13.61,-10.91,-0.008000000000000007,19.0,0.0
2023,R64,Michigan State,USC,Michigan State,-3.0,1.1899999999999995,3.25,-0.049000000000000044,-65.0,1.0
2023,R64,USC,Michigan State,Michigan State,3.0,-1.1899999999999995,-3.25,0.049000000000000044,65.0,0.0
2023,R64,Marquette,Vermont,Marquette,-13.0,15.440000000000001,11.14,0.13,131.0,1.0
2023,R64,Vermont,Marquette,Marquette,13.0,-15.440000000000001,-11.14,-0.13,-131.0,0.0
2023,R32,FDU,Florida Atlantic,Florida Atlantic,7.0,-22.9,-12.129999999999999,-0.32900000000000007,-369.0,0.0
2023,R32,Florida Atlantic,FDU,Florida Atlantic,-7.0,22.9,12.129999999999999,0.32900000000000007,369.0,1.0
2023,R32,Duke,Tennessee,Tennessee,1.0,-5.01,-0.54,0.05600000000000005,-161.0,0.0
2023,R32,Tennessee,Duke,Tennessee,-1.0,5.01,0.54,-0.05600000000000005,161.0,1.0
2023,R32,Kentucky,Kansas State,Kansas State,3.0,-1.0299999999999994,-1.4000000000000004,-0.07499999999999996,0.0,0.0
2023,R32,Kansas State,Kentucky,Kansas State,-3.0,1.0299999999999994,1.4000000000000004,0.07499999999999996,-0.0,1.0
2023,R32,Michigan State,Marquette,Michigan State,5.0,-2.8200000000000003,3.24,-0.18800000000000006,-224.0,1.0
2023,R32,Marquette,Michigan State,Michigan State,-5.0,2.8200000000000003,-3.24,0.18800000000000006,224.0,0.0
2023,S16,Florida Atlantic,Tennessee,Florida Atlantic,5.0,-6.92,-5.680000000000001,0.20300000000000007,25.0,1.0
2023,S16,Tennessee,Florida Atlantic,Florida Atlantic,-5.0,6.92,5.680000000000001,-0.20300000000000007,-25.0,0.0
2023,S16,Kansas State,Michigan State,Kansas State,-4.0,1.5399999999999991,-1.7699999999999996,0.10399999999999998,125.0,1.0
2023,S16,Michigan State,Kansas State,Kansas State,4.0,-1.5399999999999991,1.7699999999999996,-0.10399999999999998,-125.0,0.0
2023,E8,Florida Atlantic,Kansas State,Florida Atlantic,6.0,-1.8699999999999992,-7.180000000000001,0.17500000000000004,261.0,1.0
2023,E8,Kansas State,Florida Atlantic,Florida Atlantic,-6.0,1.8699999999999992,7.180000000000001,-0.17500000000000004,-261.0,0.0
2023,R64,Houston,Northern Kentucky,Houston,-15.0,23.029999999999998,7.68,0.263,496.0,1.0
2023,R64,Northern Kentucky,Houston,Houston,15.0,-23.029999999999998,-7.68,-0.263,-496.0,0.0
2023,R64,Iowa,Auburn,Auburn,-1.0,-0.2699999999999996,-0.5999999999999996,-0.04200000000000004,6.0,0.0
2023,R64,Auburn,Iowa,Auburn,1.0,0.2699999999999996,0.5999999999999996,0.04200000000000004,-6.0,1.0
2023,R64,Miami (FL),Drake,Miami (FL),-7.0,6.140000000000001,7.9799999999999995,0.013000000000000012,-117.0,1.0
2023,R64,Drake,Miami (FL),Miami (FL),7.0,-6.140000000000001,-7.9799999999999995,-0.013000000000000012,117.0,0.0
2023,R64,Indiana,Kent State,Indiana,-9.0,7.409999999999999,10.100000000000001,-0.14300000000000002,-148.0,1.0
2023,R64,Kent State,Indiana,Indiana,9.0,-7.409999999999999,-10.100000000000001,0.14300000000000002,148.0,0.0
2023,R64,Iowa State,Pitt,Pitt,-5.0,4.77,5.19,-0.09100000000000008,-30.0,0.0
2023,R64,Pitt,Iowa State,Pitt,5.0,-4.77,-5.19,0.09100000000000008,30.0,1.0
2023,R64,Xavier,Kennesaw State,Xavier,-11.0,15.430000000000001,11.22,-0.013000000000000012,43.0,1.0
2023,R64,Kennesaw State,Xavier,Xavier,11.0,-15.430000000000001,-11.22,0.013000000000000012,-43.0,0.0
2023,R64,Texas A&M,Penn State,Penn State,-3.0,0.7200000000000006,-1.5999999999999996,0.09199999999999997,73.0,0.0
2023,R64,Penn State,Texas A&M,Penn State,3.0,-0.7200000000000006,1.5999999999999996,-0.09199999999999997,-73.0,1.0
2023,R64,Texas,Colgate,Texas,-13.0,18.36,16.29,0.020000000000000018,78.0,1.0
2023,R64,Colgate,Texas,Texas,13.0,-18.36,-16.29,-0.020000000000000018,-78.0,0.0
2023,R32,Houston,Auburn,Houston,-8.0,7.85,-4.499999999999999,0.274,472.0,1.0
2023,R32,Auburn,Houston,Houston,8.0,-7.85,4.499999999999999,-0.274,-472.0,0.0
2023,R32,Miami (FL),Indiana,Miami (FL),1.0,-0.9599999999999991,-2.040000000000001,0.127,52.0,1.0
2023,R32,Indiana,Miami (FL),Miami (FL),-1.0,0.9599999999999991,2.040000000000001,-0.127,-52.0,0.0
2023,R32,Pitt,Xavier,Xavier,8.0,-5.440000000000001,-3.96,-0.06299999999999994,-60.0,0.0
2023,R32,Xavier,Pitt,Xavier,-8.0,5.440000000000001,3.96,0.06299999999999994,60.0,1.0
2023,R32,Penn State,Texas,Texas,8.0,-7.52,-1.4100000000000001,-0.14100000000000001,-236.0,0.0
2023,R32,Texas,Penn State,Texas,-8.0,7.52,1.4100000000000001,0.14100000000000001,236.0,1.0
2023,S16,Houston,Miami (FL),Miami (FL),-4.0,8.219999999999999,-2.05,0.10799999999999998,380.0,0.0
2023,S16,Miami (FL),Houston,Miami (FL),4.0,-8.219999999999999,2.05,-0.10799999999999998,-380.0,1.0
2023,S16,Xavier,Texas,Texas,1.0,-4.529999999999998,-1.2699999999999996,-0.03300000000000003,-131.0,0.0
2023,S16,Texas,Xavier,Texas,-1.0,4.529999999999998,1.2699999999999996,0.03300000000000003,131.0,1.0
2023,E8,Miami (FL),Texas,Miami (FL),3.0,-6.579999999999998,-3.59,0.02100000000000002,-121.0,1.0
2023,E8,Texas,Miami (FL),Miami (FL),-3.0,6.579999999999998,3.59,-0.02100000000000002,121.0,0.0
2023,R64,Alabama,Texas A&M-Corpus Christi,Alabama,-15.0,25.76,16.67,0.1519999999999999,259.0,1.0
2023,R64,Texas A&M-Corpus Christi,Alabama,Alabama,15.0,-25.76,-16.67,-0.1519999999999999,-259.0,0.0
2023,R64,Maryland,West Virginia,Maryland,-1.0,-1.3699999999999992,-2.540000000000001,0.06999999999999995,46.0,1.0
2023,R64,West Virginia,Maryland,Maryland,1.0,1.3699999999999992,2.540000000000001,-0.06999999999999995,-46.0,0.0
2023,R64,San Diego State,College of Charleston,San Diego State,-7.0,7.41,12.94,-0.06500000000000006,-151.0,1.0
2023,R64,College of Charleston,San Diego State,San Diego State,7.0,-7.41,-12.94,0.06500000000000006,151.0,0.0
2023,R64,Virginia,Furman,Furman,-9.0,8.39,8.88,-0.020000000000000018,-107.0,0.0
2023,R64,Furman,Virginia,Furman,9.0,-8.39,-8.88,0.020000000000000018,107.0,1.0
2023,R64,Creighton,NC State,Creighton,-5.0,5.329999999999998,4.220000000000001,-0.027000000000000024,62.0,1.0
2023,R64,NC State,Creighton,Creighton,5.0,-5.329999999999998,-4.220000000000001,0.027000000000000024,-62.0,0.0
2023,R64,Baylor,UC Santa Barbara,Baylor,-11.0,14.0,12.569999999999999,-0.09499999999999997,25.0,1.0
2023,R64,UC Santa Barbara,Baylor,Baylor,11.0,-14.0,-12.569999999999999,0.09499999999999997,-25.0,0.0
2023,R64,Missouri,Utah State,Missouri,-3.0,-2.8200000000000003,0.08000000000000007,-0.029000000000000026,-132.0,1.0
2023,R64,Utah State,Missouri,Missouri,3.0,2.8200000000000003,-0.08000000000000007,0.029000000000000026,132.0,0.0
2023,R64,Arizona,Princeton,Princeton,-13.0,14.319999999999999,9.31,0.08100000000000007,152.0,0.0
2023,R64,Princeton,Arizona,Princeton,13.0,-14.319999999999999,-9.31,-0.08100000000000007,-152.0,1.0
2023,R32,Alabama,Maryland,Alabama,-7.0,8.610000000000001,1.3000000000000007,0.20899999999999996,283.0,1.0
2023,R32,Maryland,Alabama,Alabama,7.0,-8.610000000000001,-1.3000000000000007,-0.20899999999999996,-283.0,0.0
2023,R32,San Diego State,Furman,San Diego State,-8.0,10.920000000000002,11.82,0.04299999999999993,-48.0,1.0
2023,R32,Furman,San Diego State,San Diego State,8.0,-10.920000000000002,-11.82,-0.04299999999999993,48.0,0.0
2023,R32,Creighton,Baylor,Creighton,3.0,0.5299999999999976,-0.7399999999999984,-0.027000000000000024,67.0,1.0
2023,R32,Baylor,Creighton,Creighton,-3.0,-0.5299999999999976,0.7399999999999984,0.027000000000000024,-67.0,0.0
2023,R32,Missouri,Princeton,Princeton,-8.0,6.65,7.859999999999999,-0.0050000000000000044,-66.0,0.0
2023,R32,Princeton,Missouri,Princeton,8.0,-6.65,-7.859999999999999,0.0050000000000000044,66.0,1.0
2023,S16,Alabama,San Diego State,San Diego State,-4.0,7.380000000000001,0.7300000000000004,0.017000000000000015,201.0,0.0
2023,S16,San Diego State,Alabama,San Diego State,4.0,-7.380000000000001,-0.7300000000000004,-0.017000000000000015,-201.0,1.0
2023,S16,Creighton,Princeton,Creighton,-9.0,13.069999999999999,10.770000000000001,-0.06999999999999995,73.0,1.0
2023,S16,Princeton,Creighton,Creighton,9.0,-13.069999999999999,-10.770000000000001,0.06999999999999995,-73.0,0.0
2023,E8,San Diego State,Creighton,San Diego State,-1.0,-2.019999999999998,-0.8800000000000008,0.17199999999999993,3.0,1.0
2023,E8,Creighton,San Diego State,San Diego State,1.0,2.019999999999998,0.8800000000000008,-0.17199999999999993,-3.0,0.0
2023,R64,Kansas,Howard,Kansas,-15.0,24.24,16.98,0.14900000000000002,173.0,1.0
2023,R64,Howard,Kansas,Kansas,15.0,-24.24,-16.98,-0.14900000000000002,-173.0,0.0
2023,R64,Arkansas,Illinois,Arkansas,-1.0,1.1799999999999997,2.219999999999999,0.0050000000000000044,-16.0,1.0
2023,R64,Illinois,Arkansas,Arkansas,1.0,-1.1799999999999997,-2.219999999999999,-0.0050000000000000044,16.0,0.0
2023,R64,Saint Mary's,VCU,Saint Mary's,-7.0,7.52,5.2299999999999995,0.0,90.0,1.0
2023,R64,VCU,Saint Mary's,Saint Mary's,7.0,-7.52,-5.2299999999999995,-0.0,-90.0,0.0
2023,R64,UConn,Iona,UConn,-9.0,15.34,11.27,0.02400000000000002,200.0,1.0
2023,R64,Iona,UConn,UConn,9.0,-15.34,-11.27,-0.02400000000000002,-200.0,0.0
2023,R64,TCU,Arizona State,TCU,-5.0,4.32,0.5999999999999996,-0.010000000000000009,127.0,1.0
2023,R64,Arizona State,TCU,TCU,5.0,-4.32,-0.5999999999999996,0.010000000000000009,-127.0,0.0
2023,R64,Gonzaga,Grand Canyon,Gonzaga,-11.0,14.559999999999999,6.77,0.17099999999999993,187.0,1.0
2023,R64,Grand Canyon,Gonzaga,Gonzaga,11.0,-14.559999999999999,-6.77,-0.17099999999999993,-187.0,0.0
2023,R64,Northwestern,Boise State,Northwestern,-3.0,0.9000000000000004,2.500000000000001,-0.05899999999999994,-84.0,1.0
2023,R64,Boise State,Northwestern,Northwestern,3.0,-0.9000000000000004,-2.500000000000001,0.05899999999999994,84.0,0.0
2023,R64,UCLA,UNC Asheville,UCLA,-13.0,23.849999999999998,13.01,0.06699999999999995,312.0,1.0
2023,R64,UNC Asheville,UCLA,UCLA,13.0,-23.849999999999998,-13.01,-0.06699999999999995,-312.0,0.0
2023,R32,Kansas,Arkansas,Arkansas,-7.0,3.209999999999999,1.9700000000000006,0.16700000000000004,45.0,0.0
2023,R32,Arkansas,Kansas,Arkansas,7.0,-3.209999999999999,-1.9700000000000006,-0.16700000000000004,-45.0,1.0
2023,R32,Saint Mary's,UConn,UConn,1.0,-5.539999999999999,-1.33,-0.02400000000000002,-195.0,0.0
2023,R32,UConn,Saint Mary's,UConn,-1.0,5.539999999999999,1.33,0.02400000000000002,195.0,1.0
2023,R32,TCU,Gonzaga,Gonzaga,3.0,-3.379999999999999,0.7400000000000002,-0.20899999999999996,-233.0,0.0
2023,R32,Gonzaga,TCU,Gonzaga,-3.0,3.379999999999999,-0.7400000000000002,0.20899999999999996,233.0,1.0
2023,R32,Northwestern,UCLA,UCLA,5.0,-8.43,0.05000000000000071,-0.19099999999999995,-329.0,0.0
2023,R32,UCLA,Northwestern,UCLA,-5.0,8.43,-0.05000000000000071,0.19099999999999995,329.0,1.0
2023,S16,Arkansas,UConn,UConn,4.0,-6.959999999999999,1.3599999999999994,-0.18400000000000005,-343.0,0.0
2023,S16,UConn,Arkansas,UConn,-4.0,6.959999999999999,-1.3599999999999994,0.18400000000000005,343.0,1.0
2023,S16,Gonzaga,UCLA,Gonzaga,1.0,-3.120000000000001,-0.620000000000001,0.0,-26.0,1.0
2023,S16,UCLA,Gonzaga,Gonzaga,-1.0,3.120000000000001,0.620000000000001,-0.0,26.0,0.0
2023,E8,UConn,Gonzaga,UConn,1.0,3.960000000000001,0.47000000000000064,-0.04299999999999993,91.0,1.0
2023,E8,Gonzaga,UConn,UConn,-1.0,-3.960000000000001,-0.47000000000000064,0.04299999999999993,-91.0,0.0
2023,F4,Florida Atlantic,San Diego State,San Diego State,4.0,-1.8900000000000006,-6.62,0.07600000000000007,188.0,0.0
2023,F4,San Diego State,Florida Atlantic,San Diego State,-4.0,1.8900000000000006,6.62,-0.07600000000000007,-188.0,1.0
2023,F4,Miami (FL),UConn,UConn,1.0,-8.969999999999999,-1.67,-0.01100000000000001,-299.0,0.0
2023,F4,UConn,Miami (FL),UConn,-1.0,8.969999999999999,1.67,0.01100000000000001,299.0,1.0
2023,NCG,San Diego State,UConn,UConn,1.0,-7.139999999999999,0.41000000000000014,0.025999999999999912,-263.0,0.0
2023,NCG,UConn,San Diego State,UConn,-1.0,7.139999999999999,-0.41000000000000014,-0.025999999999999912,263.0,1.0
2024,R64,UConn,Stetson,UConn,-15.0,31.79,11.94,0.29600000000000004,599.0,1.0
2024,R64,Stetson,UConn,UConn,15.0,-31.79,-11.94,-0.29600000000000004,-599.0,0.0
2024,R64,Florida Atlantic,Northwestern,Northwestern,-1.0,0.4900000000000002,-3.8899999999999997,0.08799999999999997,149.0,0.0
2024,R64,Northwestern,Florida Atlantic,Northwestern,1.0,-0.4900000000000002,3.8899999999999997,-0.08799999999999997,-149.0,1.0
2024,R64,San Diego State,UAB,San Diego State,-7.0,9.54,4.639999999999999,0.04599999999999993,191.0,1.0
2024,R64,UAB,San Diego State,San Diego State,7.0,-9.54,-4.639999999999999,-0.04599999999999993,-191.0,0.0
2024,R64,Auburn,Yale,Yale,-9.0,17.830000000000002,7.25,0.07400000000000007,279.0,0.0
2024,R64,Yale,Auburn,Yale,9.0,-17.830000000000002,-7.25,-0.07400000000000007,-279.0,1.0
2024,R64,BYU,Duquesne,Duquesne,-5.0,11.979999999999999,3.1800000000000006,0.0,246.0,0.0
2024,R64,Duquesne,BYU,Duquesne,5.0,-11.979999999999999,-3.1800000000000006,-0.0,-246.0,1.0
2024,R64,Illinois,Morehead State,Illinois,-11.0,19.049999999999997,15.059999999999999,0.020000000000000018,-34.0,1.0
2024,R64,Morehead State,Illinois,Illinois,11.0,-19.049999999999997,-15.059999999999999,-0.020000000000000018,34.0,0.0
2024,R64,Washington State,Drake,Washington State,-3.0,2.9399999999999995,5.3500000000000005,-0.08600000000000008,-95.0,1.0
2024,R64,Drake,Washington State,Washington State,3.0,-2.9399999999999995,-5.3500000000000005,0.08600000000000008,95.0,0.0
2024,R64,Iowa State,South Dakota State,Iowa State,-13.0,21.78,11.21,0.15500000000000003,325.0,1.0
2024,R64,South Dakota State,Iowa State,Iowa State,13.0,-21.78,-11.21,-0.15500000000000003,-325.0,0.0
2024,R32,UConn,Northwestern,UConn,-8.0,13.93,0.1999999999999993,0.278,575.0,1.0
2024,R32,Northwestern,UConn,UConn,8.0,-13.93,-0.1999999999999993,-0.278,-575.0,0.0
2024,R32,San Diego State,Yale,San Diego State,-8.0,10.05,7.959999999999999,0.006000000000000005,36.0,1.0
2024,R32,Yale,San Diego State,San Diego State,8.0,-10.05,-7.959999999999999,-0.006000000000000005,-36.0,0.0
2024,R32,Duquesne,Illinois,Illinois,8.0,-12.209999999999999,-4.859999999999999,-0.08699999999999997,-237.0,0.0
2024,R32,Illinois,Duquesne,Illinois,-8.0,12.209999999999999,4.859999999999999,0.08699999999999997,237.0,1.0
2024,R32,Washington State,Iowa State,Iowa State,5.0,-8.280000000000001,-1.3199999999999994,-0.07000000000000006,-271.0,0.0
2024,R32,Iowa State,Washington State,Iowa State,-5.0,8.280000000000001,1.3199999999999994,0.07000000000000006,271.0,1.0
2024,S16,UConn,San Diego State,UConn,-4.0,12.02,0.33000000000000007,0.2220000000000001,445.0,1.0
2024,S16,San Diego State,UConn,UConn,4.0,-12.02,-0.33000000000000007,-0.2220000000000001,-445.0,0.0
2024,S16,Illinois,Iowa State,Illinois,1.0,-2.740000000000002,1.0299999999999994,-0.02100000000000002,-129.0,1.0
2024,S16,Iowa State,Illinois,Illinois,-1.0,2.740000000000002,-1.0299999999999994,0.02100000000000002,129.0,0.0
2024,E8,UConn,Illinois,UConn,-2.0,7.140000000000001,-0.8399999999999999,0.16200000000000003,339.0,1.0
2024,E8,Illinois,UConn,UConn,2.0,-7.140000000000001,0.8399999999999999,-0.16200000000000003,-339.0,0.0
2024,R64,Purdue,Grambling,Purdue,-15.0,34.56,17.08,0.28900000000000003,590.0,1.0
2024,R64,Grambling,Purdue,Purdue,15.0,-34.56,-17.08,-0.28900000000000003,-590.0,0.0
2024,R64,Utah State,TCU,Utah State,-1.0,-3.0599999999999987,-2.0300000000000002,0.18200000000000005,43.0,1.0
2024,R64,TCU,Utah State,Utah State,1.0,3.0599999999999987,2.0300000000000002,-0.18200000000000005,-43.0,0.0
2024,R64,Gonzaga,McNeese,Gonzaga,-7.0,11.51,10.829999999999998,-0.11099999999999999,-64.0,1.0
2024,R64,McNeese,Gonzaga,Gonzaga,7.0,-11.51,-10.829999999999998,0.11099999999999999,64.0,0.0
2024,R64,Kansas,Samford,Kansas,-9.0,10.030000000000001,14.55,-0.1529999999999999,-212.0,1.0
2024,R64,Samford,Kansas,Kansas,9.0,-10.030000000000001,-14.55,0.1529999999999999,212.0,0.0
2024,R64,South Carolina,Oregon,Oregon,-5.0,-1.2400000000000002,-2.4299999999999997,0.09799999999999998,34.0,0.0
2024,R64,Oregon,South Carolina,Oregon,5.0,1.2400000000000002,2.4299999999999997,-0.09799999999999998,-34.0,1.0
2024,R64,Creighton,Akron,Creighton,-11.0,17.3,11.61,0.027999999999999914,108.0,1.0
2024,R64,Akron,Creighton,Creighton,11.0,-17.3,-11.61,-0.027999999999999914,-108.0,0.0
2024,R64,Texas,Colorado State,Texas,-3.0,2.51,2.13,-0.07599999999999996,-64.0,1.0
2024,R64,Colorado State,Texas,Texas,3.0,-2.51,-2.13,0.07599999999999996,64.0,0.0
2024,R64,Tennessee,Saint Peter's,Tennessee,-13.0,26.39,15.75,0.17400000000000004,383.0,1.0
2024,R64,Saint Peter's,Tennessee,Tennessee,13.0,-26.39,-15.75,-0.17400000000000004,-383.0,0.0
2024,R32,Purdue,Utah State,Purdue,-7.0,13.37,6.31,0.07199999999999995,229.0,1.0
2024,R32,Utah State,Purdue,Purdue,7.0,-13.37,-6.31,-0.07199999999999995,-229.0,0.0
2024,R32,Gonzaga,Kansas,Gonzaga,1.0,1.5799999999999983,-7.300000000000001,0.09499999999999997,346.0,1.0
2024,R32,Kansas,Gonzaga,Gonzaga,-1.0,-1.5799999999999983,7.300000000000001,-0.09499999999999997,-346.0,0.0
2024,R32,Oregon,Creighton,Creighton,8.0,-7.85,-0.6199999999999992,-0.04699999999999993,-250.0,0.0
2024,R32,Creighton,Oregon,Creighton,-8.0,7.85,0.6199999999999992,0.04699999999999993,250.0,1.0
2024,R32,Texas,Tennessee,Tennessee,5.0,-5.899999999999999,-1.0099999999999998,-0.132,-189.0,0.0
2024,R32,Tennessee,Texas,Tennessee,-5.0,5.899999999999999,1.0099999999999998,0.132,189.0,1.0
2024,S16,Purdue,Gonzaga,Purdue,-4.0,7.0,7.58,0.10099999999999998,-19.0,1.0
2024,S16,Gonzaga,Purdue,Purdue,4.0,-7.0,-7.58,-0.10099999999999998,19.0,0.0
2024,S16,Creighton,Tennessee,Tennessee,1.0,-1.7399999999999984,-0.8900000000000006,-0.03600000000000003,-41.0,0.0
2024,S16,Tennessee,Creighton,Tennessee,-1.0,1.7399999999999984,0.8900000000000006,0.03600000000000003,41.0,1.0
2024,E8,Purdue,Tennessee,Purdue,-1.0,3.120000000000001,1.1799999999999997,0.122,110.0,1.0
2024,E8,Tennessee,Purdue,Purdue,1.0,-3.120000000000001,-1.1799999999999997,-0.122,-110.0,0.0
2024,R64,Houston,Longwood,Houston,-15.0,27.73,14.56,0.265,369.0,1.0
2024,R64,Longwood,Houston,Houston,15.0,-27.73,-14.56,-0.265,-369.0,0.0
2024,R64,Nebraska,Texas A&M,Texas A&M,-1.0,1.0099999999999998,-1.79,0.09300000000000008,87.0,0.0
2024,R64,Texas A&M,Nebraska,Texas A&M,1.0,-1.0099999999999998,1.79,-0.09300000000000008,-87.0,1.0
2024,R64,Wisconsin,James Madison,James Madison,-7.0,7.820000000000002,15.1,-0.278,-321.0,0.0
2024,R64,James Madison,Wisconsin,James Madison,7.0,-7.820000000000002,-15.1,0.278,321.0,1.0
2024,R64,Duke,Vermont,Duke,-9.0,17.89,11.67,-0.050000000000000044,142.0,1.0
2024,R64,Vermont,Duke,Duke,9.0,-17.89,-11.67,0.050000000000000044,-142.0,0.0
2024,R64,Texas Tech,NC State,NC State,-5.0,2.1500000000000004,0.34999999999999964,0.04200000000000004,34.0,0.0
2024,R64,NC State,Texas Tech,NC State,5.0,-2.1500000000000004,-0.34999999999999964,-0.04200000000000004,-34.0,1.0
2024,R64,Kentucky,Oakland,Oakland,-11.0,14.77,8.7,0.029999999999999916,191.0,0.0
2024,R64,Oakland,Kentucky,Oakland,11.0,-14.77,-8.7,-0.029999999999999916,-191.0,1.0
2024,R64,Florida,Colorado,Colorado,-3.0,-0.7799999999999994,0.45000000000000107,-0.03599999999999992,-52.0,0.0
2024,R64,Colorado,Florida,Colorado,3.0,0.7799999999999994,-0.45000000000000107,0.03599999999999992,52.0,1.0
2024,R64,Marquette,Western Kentucky,Marquette,-13.0,18.08,13.93,0.08299999999999996,108.0,1.0
2024,R64,Western Kentucky,Marquette,Marquette,13.0,-18.08,-13.93,-0.08299999999999996,-108.0,0.0
2024,R32,Houston,Texas A&M,Houston,-8.0,12.340000000000002,0.4800000000000004,0.28200000000000003,443.0,1.0
2024,R32,Texas A&M,Houston,Houston,8.0,-12.340000000000002,-0.4800000000000004,-0.28200000000000003,-443.0,0.0
2024,R32,James Madison,Duke,Duke,8.0,-12.480000000000002,-12.11,0.139,46.0,0.0
2024,R32,Duke,James Madison,Duke,-8.0,12.480000000000002,12.11,-0.139,-46.0,1.0
2024,R32,NC State,Oakland,NC State,-3.0,10.790000000000001,10.17,-0.03300000000000003,42.0,1.0
2024,R32,Oakland,NC State,NC State,3.0,-10.790000000000001,-10.17,0.03300000000000003,-42.0,0.0
2024,R32,Colorado,Marquette,Marquette,8.0,-3.3200000000000003,-2.66,-0.027000000000000024,-24.0,0.0
2024,R32,Marquette,Colorado,Marquette,-8.0,3.3200000000000003,2.66,0.027000000000000024,24.0,1.0
2024,S16,Houston,Duke,Duke,-3.0,5.02,1.4400000000000013,0.11499999999999999,145.0,0.0
2024,S16,Duke,Houston,Duke,3.0,-5.02,-1.4400000000000013,-0.11499999999999999,-145.0,1.0
2024,S16,NC State,Marquette,NC State,9.0,-6.459999999999999,-2.09,-0.09599999999999997,-146.0,1.0
2024,S16,Marquette,NC State,NC State,-9.0,6.459999999999999,2.09,0.09599999999999997,146.0,0.0
2024,E8,Duke,NC State,NC State,-7.0,7.860000000000001,-0.5700000000000003,0.11599999999999999,284.0,0.0
2024,E8,NC State,Duke,NC State,7.0,-7.860000000000001,0.5700000000000003,-0.11599999999999999,-284.0,1.0
2024,R64,UNC,Wagner,UNC,-15.0,8.72,5.59,0.132,177.0,1.0
2024,R64,Wagner,UNC,UNC,15.0,-8.72,-5.59,-0.132,-177.0,0.0
2024,R64,Mississippi State,Michigan State,Michigan State,-1.0,-3.5299999999999994,-1.7300000000000004,0.029000000000000026,-63.0,0.0
2024,R64,Michigan State,Mississippi State,Michigan State,1.0,3.5299999999999994,1.7300000000000004,-0.029000000000000026,63.0,1.0
2024,R64,Saint Mary's,Grand Canyon,Grand Canyon,-7.0,5.859999999999999,3.98,-0.09199999999999997,80.0,0.0
2024,R64,Grand Canyon,Saint Mary's,Grand Canyon,7.0,-5.859999999999999,-3.98,0.09199999999999997,-80.0,1.0
2024,R64,Alabama,College of Charleston,Alabama,-9.0,16.6,14.18,-0.09499999999999997,72.0,1.0
2024,R64,College of Charleston,Alabama,Alabama,9.0,-16.6,-14.18,0.09499999999999997,-72.0,0.0
2024,R64,Clemson,New Mexico,Clemson,-5.0,1.1600000000000001,4.659999999999999,-0.05499999999999994,-149.0,1.0
2024,R64,New Mexico,Clemson,Clemson,5.0,-1.1600000000000001,-4.659999999999999,0.05499999999999994,149.0,0.0
2024,R64,Baylor,Colgate,Baylor,-11.0,19.81,16.26,-0.027999999999999914,69.0,1.0
2024,R64,Colgate,Baylor,Baylor,11.0,-19.81,-16.26,0.027999999999999914,-69.0,0.0
2024,R64,Dayton,Nevada,Dayton,-3.0,0.5999999999999996,1.1500000000000004,-0.007000000000000006,-51.0,1.0
2024,R64,Nevada,Dayton,Dayton,3.0,-0.5999999999999996,-1.1500000000000004,0.007000000000000006,51.0,0.0
2024,R64,Arizona,Long Beach State,Arizona,-13.0,25.73,10.639999999999999,0.16700000000000004,492.0,1.0
2024,R64,Long Beach State,Arizona,Arizona,13.0,-25.73,-10.639999999999999,-0.16700000000000004,-492.0,0.0
2024,R32,UNC,Michigan State,UNC,-8.0,-19.64,-13.88,0.07600000000000007,-42.0,1.0
2024,R32,Michigan State,UNC,UNC,8.0,19.64,13.88,-0.07600000000000007,42.0,0.0
2024,R32,Grand Canyon,Alabama,Alabama,8.0,-10.240000000000002,-12.32,0.18099999999999994,94.0,0.0
2024,R32,Alabama,Grand Canyon,Alabama,-8.0,10.240000000000002,12.32,-0.18099999999999994,-94.0,1.0
2024,R32,Clemson,Baylor,Clemson,3.0,-3.3000000000000007,-0.6700000000000017,-0.019000000000000017,-103.0,1.0
2024,R32,Baylor,Clemson,Clemson,-3.0,3.3000000000000007,0.6700000000000017,0.019000000000000017,103.0,0.0
2024,R32,Dayton,Arizona,Arizona,5.0,-11.09,-3.719999999999999,0.008000000000000007,-288.0,0.0
2024,R32,Arizona,Dayton,Arizona,-5.0,11.09,3.719999999999999,-0.008000000000000007,288.0,1.0
2024,S16,UNC,Alabama,Alabama,-3.0,-22.61,-14.790000000000001,-0.029000000000000026,-132.0,0.0
2024,S16,Alabama,UNC,Alabama,3.0,22.61,14.790000000000001,0.029000000000000026,132.0,1.0
2024,S16,Clemson,Arizona,Clemson,4.0,-8.34,0.5899999999999999,-0.08299999999999996,-321.0,1.0
2024,S16,Arizona,Clemson,Clemson,-4.0,8.34,-0.5899999999999999,0.08299999999999996,321.0,0.0
2024,E8,Alabama,Clemson,Alabama,-2.0,4.490000000000002,1.7600000000000016,0.009000000000000008,107.0,1.0
2024,E8,Clemson,Alabama,Alabama,2.0,-4.490000000000002,-1.7600000000000016,-0.009000000000000008,-107.0,0.0
2024,F4,UConn,Alabama,UConn,-3.0,6.009999999999998,-3.1000000000000014,0.249,391.0,1.0
2024,F4,Alabama,UConn,UConn,3.0,-6.009999999999998,3.1000000000000014,-0.249,-391.0,0.0
2024,F4,Purdue,NC State,Purdue,-10.0,12.12,2.67,0.238,361.0,1.0
2024,F4,NC State,Purdue,Purdue,10.0,-12.12,-2.67,-0.238,-361.0,0.0
2024,NCG,UConn,Purdue,UConn,0.0,1.7699999999999996,-2.9000000000000004,0.05300000000000005,200.0,1.0
2024,NCG,Purdue,UConn,UConn,-0.0,-1.7699999999999996,2.9000000000000004,-0.05300000000000005,-200.0,0.0
2025,R64,Duke,Mount St. Mary's,Duke,-15.0,38.629999999999995,16.740000000000002,0.258,812.0,1.0
2025,R64,Mount St. Mary's,Duke,Duke,15.0,-38.629999999999995,-16.740000000000002,-0.258,-812.0,0.0
2025,R64,Mississippi State,Baylor,Baylor,-1.0,-1.629999999999999,-2.0700000000000003,0.04700000000000004,-39.0,0.0
2025,R64,Baylor,Mississippi State,Baylor,1.0,1.629999999999999,2.0700000000000003,-0.04700000000000004,39.0,1.0
2025,R64,Oregon,Liberty,Oregon,-7.0,10.58,13.31,-0.08600000000000008,-237.0,1.0
2025,R64,Liberty,Oregon,Oregon,7.0,-10.58,-13.31,0.08600000000000008,237.0,0.0
2025,R64,Arizona,Akron,Arizona,-9.0,19.720000000000002,17.47,-0.15100000000000002,27.0,1.0
2025,R64,Akron,Arizona,Arizona,9.0,-19.720000000000002,-17.47,0.15100000000000002,-27.0,0.0
2025,R64,BYU,VCU,BYU,-5.0,4.620000000000001,8.91,-0.07800000000000007,-173.0,1.0
2025,R64,VCU,BYU,BYU,5.0,-4.620000000000001,-8.91,0.07800000000000007,173.0,0.0
2025,R64,Wisconsin,Montana,Wisconsin,-11.0,22.18,13.09,0.016000000000000014,227.0,1.0
2025,R64,Montana,Wisconsin,Wisconsin,11.0,-22.18,-13.09,-0.016000000000000014,-227.0,0.0
2025,R64,Saint Mary's,Vanderbilt,Saint Mary's,-3.0,2.7699999999999996,-3.5900000000000007,0.22299999999999998,261.0,1.0
2025,R64,Vanderbilt,Saint Mary's,Saint Mary's,3.0,-2.7699999999999996,3.5900000000000007,-0.22299999999999998,-261.0,0.0
2025,R64,Alabama,Robert Morris,Alabama,-13.0,25.14,21.060000000000002,0.014000000000000012,139.0,1.0
2025,R64,Robert Morris,Alabama,Alabama,13.0,-25.14,-21.060000000000002,-0.014000000000000012,-139.0,0.0
2025,R32,Duke,Baylor,Duke,-8.0,11.95,-3.5999999999999996,0.32600000000000007,577.0,1.0
2025,R32,Baylor,Duke,Duke,8.0,-11.95,3.5999999999999996,-0.32600000000000007,-577.0,0.0
2025,R32,Oregon,Arizona,Arizona,1.0,-4.940000000000001,-1.4000000000000004,0.06499999999999995,-142.0,0.0
2025,R32,Arizona,Oregon,Arizona,-1.0,4.940000000000001,1.4000000000000004,-0.06499999999999995,142.0,1.0
2025,R32,BYU,Wisconsin,BYU,3.0,-1.6600000000000001,-1.2799999999999994,-0.008000000000000007,-23.0,1.0
2025,R32,Wisconsin,BYU,BYU,-3.0,1.6600000000000001,1.2799999999999994,0.008000000000000007,23.0,0.0
2025,R32,Saint Mary's,Alabama,Alabama,5.0,-8.11,-9.68,0.07199999999999995,65.0,0.0
2025,R32,Alabama,Saint Mary's,Alabama,-5.0,8.11,9.68,-0.07199999999999995,-65.0,1.0
2025,S16,Duke,Arizona,Duke,-3.0,7.779999999999998,-3.460000000000001,0.248,457.0,1.0
2025,S16,Arizona,Duke,Duke,3.0,-7.779999999999998,3.460000000000001,-0.248,-457.0,0.0
2025,S16,BYU,Alabama,Alabama,4.0,-6.469999999999999,-5.93,-0.03500000000000003,-29.0,0.0
2025,S16,Alabama,BYU,Alabama,-4.0,6.469999999999999,5.93,0.03500000000000003,29.0,1.0
2025,E8,Duke,Alabama,Duke,-1.0,5.18,-5.880000000000001,0.14,450.0,1.0
2025,E8,Alabama,Duke,Duke,1.0,-5.18,5.880000000000001,-0.14,-450.0,0.0
2025,R64,Houston,SIU-Edwardsville,Houston,-15.0,34.57,20.89,0.22799999999999998,424.0,1.0
2025,R64,SIU-Edwardsville,Houston,Houston,15.0,-34.57,-20.89,-0.22799999999999998,-424.0,0.0
2025,R64,Gonzaga,Georgia,Gonzaga,-1.0,7.390000000000001,-3.67,0.137,398.0,1.0
2025,R64,Georgia,Gonzaga,Gonzaga,1.0,-7.390000000000001,3.67,-0.137,-398.0,0.0
2025,R64,Clemson,McNeese,McNeese,-7.0,8.669999999999998,8.56,-0.006000000000000005,-74.0,0.0
2025,R64,McNeese,Clemson,McNeese,7.0,-8.669999999999998,-8.56,0.006000000000000005,74.0,1.0
2025,R64,Purdue,High Point,Purdue,-9.0,15.5,19.1,-0.16199999999999992,-197.0,1.0
2025,R64,High Point,Purdue,Purdue,9.0,-15.5,-19.1,0.16199999999999992,197.0,0.0
2025,R64,Illinois,Xavier,Illinois,-5.0,6.34,4.0699999999999985,-0.018000000000000016,86.0,1.0
2025,R64,Xavier,Illinois,Illinois,5.0,-6.34,-4.0699999999999985,0.018000000000000016,-86.0,0.0
2025,R64,Kentucky,Troy,Kentucky,-11.0,17.71,16.14,-0.009000000000000008,0.0,1.0
2025,R64,Troy,Kentucky,Kentucky,11.0,-17.71,-16.14,0.009000000000000008,-0.0,0.0
2025,R64,UCLA,Utah State,UCLA,-3.0,6.119999999999999,5.360000000000001,-0.08899999999999997,-30.0,1.0
2025,R64,Utah State,UCLA,UCLA,3.0,-6.119999999999999,-5.360000000000001,0.08899999999999997,30.0,0.0
2025,R64,Tennessee,Wofford,Tennessee,-13.0,24.33,15.59,0.246,244.0,1.0
2025,R64,Wofford,Tennessee,Tennessee,13.0,-24.33,-15.59,-0.246,-244.0,0.0
2025,R32,Houston,Gonzaga,Houston,-7.0,4.699999999999999,6.18,0.132,23.0,1.0
2025,R32,Gonzaga,Houston,Houston,7.0,-4.699999999999999,-6.18,-0.132,-23.0,0.0
2025,R32,McNeese,Purdue,Purdue,8.0,-11.66,-14.96,0.133,176.0,0.0
2025,R32,Purdue,McNeese,Purdue,-8.0,11.66,14.96,-0.133,-176.0,1.0
2025,R32,Illinois,Kentucky,Kentucky,3.0,0.3299999999999983,-1.25,-0.038000000000000034,48.0,0.0
2025,R32,Kentucky,Illinois,Kentucky,-3.0,-0.3299999999999983,1.25,0.038000000000000034,-48.0,1.0
2025,R32,UCLA,Tennessee,Tennessee,5.0,-4.52,-2.539999999999999,-0.11299999999999999,-111.0,0.0
2025,R32,Tennessee,UCLA,Tennessee,-5.0,4.52,2.539999999999999,0.11299999999999999,111.0,1.0
2025,S16,Houston,Purdue,Houston,-3.0,7.649999999999999,-0.46000000000000085,0.20799999999999996,352.0,1.0
2025,S16,Purdue,Houston,Houston,3.0,-7.649999999999999,0.46000000000000085,-0.20799999999999996,-352.0,0.0
2025,S16,Kentucky,Tennessee,Tennessee,1.0,-2.9399999999999977,0.7899999999999991,-0.122,-156.0,0.0
2025,S16,Tennessee,Kentucky,Tennessee,-1.0,2.9399999999999977,-0.7899999999999991,0.122,156.0,1.0
2025,E8,Houston,Tennessee,Houston,-1.0,4.25,0.1999999999999993,0.08599999999999997,184.0,1.0
2025,E8,Tennessee,Houston,Houston,1.0,-4.25,-0.1999999999999993,-0.08599999999999997,-184.0,0.0
2025,R64,Auburn,Alabama State,Auburn,-15.0,37.67,23.32,0.2859999999999999,492.0,1.0
2025,R64,Alabama State,Auburn,Auburn,15.0,-37.67,-23.32,-0.2859999999999999,-492.0,0.0
2025,R64,Louisville,Creighton,Creighton,-1.0,2.0,-1.549999999999999,0.07700000000000007,119.0,0.0
2025,R64,Creighton,Louisville,Creighton,1.0,-2.0,1.549999999999999,-0.07700000000000007,-119.0,1.0
2025,R64,Michigan,UC San Diego,Michigan,-7.0,7.58,15.61,-0.127,-373.0,1.0
2025,R64,UC San Diego,Michigan,Michigan,7.0,-7.58,-15.61,0.127,373.0,0.0
2025,R64,Texas A&M,Yale,Texas A&M,-9.0,12.64,16.490000000000002,-0.05699999999999994,-136.0,1.0
2025,R64,Yale,Texas A&M,Texas A&M,9.0,-12.64,-16.490000000000002,0.05699999999999994,136.0,0.0
2025,R64,Ole Miss,UNC,Ole Miss,-5.0,23.64,17.51,0.01100000000000001,17.0,1.0
2025,R64,UNC,Ole Miss,Ole Miss,5.0,-23.64,-17.51,-0.01100000000000001,-17.0,0.0
2025,R64,Iowa State,Lipscomb,Iowa State,-11.0,17.939999999999998,14.76,0.0,39.0,1.0
2025,R64,Lipscomb,Iowa State,Iowa State,11.0,-17.939999999999998,-14.76,-0.0,-39.0,0.0
2025,R64,Marquette,New Mexico,New Mexico,-3.0,2.990000000000002,3.8499999999999996,-0.09499999999999997,-81.0,0.0
2025,R64,New Mexico,Marquette,New Mexico,3.0,-2.990000000000002,-3.8499999999999996,0.09499999999999997,81.0,1.0
2025,R64,Michigan State,Bryant,Michigan State,-13.0,24.419999999999998,18.82,0.15400000000000003,126.0,1.0
2025,R64,Bryant,Michigan State,Michigan State,13.0,-24.419999999999998,-18.82,-0.15400000000000003,-126.0,0.0
2025,R32,Auburn,Creighton,Auburn,-8.0,12.190000000000001,4.090000000000002,0.14800000000000002,319.0,1.0
2025,R32,Creighton,Auburn,Auburn,8.0,-12.190000000000001,-4.090000000000002,-0.14800000000000002,-319.0,0.0
2025,R32,Michigan,Texas A&M,Michigan,1.0,0.9100000000000001,0.29999999999999893,0.05399999999999994,40.0,1.0
2025,R32,Texas A&M,Michigan,Michigan,-1.0,-0.9100000000000001,-0.29999999999999893,-0.05399999999999994,-40.0,0.0
2025,R32,Ole Miss,Iowa State,Ole Miss,3.0,-4.049999999999997,2.4700000000000006,-0.04699999999999993,-223.0,1.0
2025,R32,Iowa State,Ole Miss,Ole Miss,-3.0,4.049999999999997,-2.4700000000000006,0.04699999999999993,223.0,0.0
2025,R32,New Mexico,Michigan State,Michigan State,8.0,-7.23,-5.370000000000001,-0.040000000000000036,-43.0,0.0
2025,R32,Michigan State,New Mexico,Michigan State,-8.0,7.23,5.370000000000001,0.040000000000000036,43.0,1.0
2025,S16,Auburn,Michigan,Auburn,-4.0,8.469999999999999,1.4400000000000013,0.11199999999999999,274.0,1.0
2025,S16,Michigan,Auburn,Auburn,4.0,-8.469999999999999,-1.4400000000000013,-0.11199999999999999,-274.0,0.0
2025,S16,Ole Miss,Michigan State,Michigan State,4.0,-4.149999999999999,0.9100000000000001,-0.14400000000000002,-193.0,0.0
2025,S16,Michigan State,Ole Miss,Michigan State,-4.0,4.149999999999999,-0.9100000000000001,0.14400000000000002,193.0,1.0
2025,E8,Auburn,Michigan State,Auburn,-1.0,6.25,3.24,0.030999999999999917,125.0,1.0
2025,E8,Michigan State,Auburn,Auburn,1.0,-6.25,-3.24,-0.030999999999999917,-125.0,0.0
2025,R64,Florida,Norfolk State,Florida,-15.0,31.5,19.25,0.21399999999999997,351.0,1.0
2025,R64,Norfolk State,Florida,Florida,15.0,-31.5,-19.25,-0.21399999999999997,-351.0,0.0
2025,R64,UConn,Oklahoma,UConn,-1.0,3.0100000000000016,-2.3500000000000014,0.09800000000000009,191.0,1.0
2025,R64,Oklahoma,UConn,UConn,1.0,-3.0100000000000016,2.3500000000000014,-0.09800000000000009,-191.0,0.0
2025,R64,Memphis,Colorado State,Colorado State,-7.0,-1.7899999999999991,-0.3899999999999997,0.10699999999999998,-57.0,0.0
2025,R64,Colorado State,Memphis,Colorado State,7.0,1.7899999999999991,0.3899999999999997,-0.10699999999999998,57.0,1.0
2025,R64,Maryland,Grand Canyon,Maryland,-9.0,18.36,12.04,-0.015000000000000013,202.0,1.0
2025,R64,Grand Canyon,Maryland,Maryland,9.0,-18.36,-12.04,0.015000000000000013,-202.0,0.0
2025,R64,Missouri,Drake,Drake,-5.0,9.889999999999999,8.22,-0.239,-42.0,0.0
2025,R64,Drake,Missouri,Drake,5.0,-9.889999999999999,-8.22,0.239,42.0,1.0
2025,R64,Texas Tech,UNC Wilmington,Texas Tech,-11.0,20.69,14.57,-0.014000000000000012,148.0,1.0
2025,R64,UNC Wilmington,Texas Tech,Texas Tech,11.0,-20.69,-14.57,0.014000000000000012,-148.0,0.0
2025,R64,Kansas,Arkansas,Arkansas,-3.0,3.0,1.8600000000000012,0.007000000000000006,28.0,0.0
2025,R64,Arkansas,Kansas,Arkansas,3.0,-3.0,-1.8600000000000012,-0.007000000000000006,-28.0,1.0
2025,R64,St. John's (NY),Omaha,St. John's (NY),-13.0,22.86,10.99,0.23199999999999998,384.0,1.0
2025,R64,Omaha,St. John's (NY),St. John's (NY),13.0,-22.86,-10.99,-0.23199999999999998,-384.0,0.0
2025,R32,Florida,UConn,Florida,-7.0,9.91,3.7300000000000004,0.21399999999999997,292.0,1.0
2025,R32,UConn,Florida,Florida,7.0,-9.91,-3.7300000000000004,-0.21399999999999997,-292.0,0.0
2025,R32,Colorado State,Maryland,Maryland,8.0,-9.389999999999999,-3.3600000000000003,-0.028000000000000025,-217.0,0.0
2025,R32,Maryland,Colorado State,Maryland,-8.0,9.389999999999999,3.3600000000000003,0.028000000000000025,217.0,1.0
2025,R32,Drake,Texas Tech,Texas Tech,8.0,-13.450000000000001,-9.35,0.129,-78.0,0.0
2025,R32,Texas Tech,Drake,Texas Tech,-8.0,13.450000000000001,9.35,-0.129,78.0,1.0
2025,R32,Arkansas,St. John's (NY),Arkansas,8.0,-4.16,3.139999999999999,-0.25,-263.0,1.0
2025,R32,St. John's (NY),Arkansas,Arkansas,-8.0,4.16,-3.139999999999999,0.25,263.0,0.0
2025,S16,Florida,Maryland,Florida,-3.0,4.450000000000003,3.1899999999999995,0.15000000000000002,106.0,1.0
2025,S16,Maryland,Florida,Florida,3.0,-4.450000000000003,-3.1899999999999995,-0.15000000000000002,-106.0,0.0
2025,S16,Texas Tech,Arkansas,Texas Tech,-7.0,5.960000000000001,-1.08,0.14600000000000002,266.0,1.0
2025,S16,Arkansas,Texas Tech,Texas Tech,7.0,-5.960000000000001,1.08,-0.14600000000000002,-266.0,0.0
2025,E8,Florida,Texas Tech,Florida,-2.0,4.73,1.9800000000000004,0.14300000000000002,147.0,1.0
2025,E8,Texas Tech,Florida,Florida,2.0,-4.73,-1.9800000000000004,-0.14300000000000002,-147.0,0.0
2025,F4,Duke,Houston,Houston,0.0,2.2699999999999996,-3.1899999999999995,0.02200000000000002,198.0,0.0
2025,F4,Houston,Duke,Houston,-0.0,-2.2699999999999996,3.1899999999999995,-0.02200000000000002,-198.0,1.0
2025,F4,Auburn,Florida,Florida,0.0,0.8999999999999986,2.530000000000001,-0.05800000000000005,-92.0,0.0
2025,F4,Florida,Auburn,Florida,-0.0,-0.8999999999999986,-2.530000000000001,0.05800000000000005,92.0,1.0
2025,NCG,Houston,Florida,Florida,0.0,0.6699999999999982,0.8499999999999996,-0.025000000000000022,-7.0,0.0
2025,NCG,Florida,Houston,Florida,-0.0,-0.6699999999999982,-0.8499999999999996,0.025000000000000022,7.0,1.0
