team_name,wins,losses,win_pct,srs,sos,points_for,points_against,year
Air Force,16.0,14.0,0.533,0.44,0.19,1760.0,1715.0,2008
Akron,24.0,11.0,0.686,6.24,0.33,2479.0,2233.0,2008
Alabama,17.0,16.0,0.515,8.12,5.7,2484.0,2404.0,2008
Alabama A&M,14.0,15.0,0.483,-16.14,-12.97,1910.0,1952.0,2008
Alabama State,20.0,11.0,0.645,-7.73,-12.7,2202.0,2016.0,2008
Albany (NY),15.0,15.0,0.5,-4.05,-5.92,2048.0,1992.0,2008
Alcorn State,7.0,24.0,0.226,-23.12,-11.47,2100.0,2445.0,2008
American,21.0,12.0,0.636,-1.87,-4.0,2140.0,2049.0,2008
Appalachian State,18.0,13.0,0.581,-0.71,-2.77,2214.0,2147.0,2008
Arizona,19.0,15.0,0.559,14.55,10.22,2443.0,2276.0,2008
Arizona State,21.0,13.0,0.618,10.31,6.28,2271.0,2106.0,2008
Arkansas,23.0,12.0,0.657,12.48,6.73,2593.0,2392.0,2008
Arkansas State,10.0,20.0,0.333,-7.75,-2.02,2118.0,2185.0,2008
Arkansas-Pine Bluff,13.0,18.0,0.419,-17.8,-12.56,1869.0,1999.0,2008
Army,14.0,16.0,0.467,-8.62,-5.04,1770.0,1862.0,2008
Auburn,14.0,16.0,0.467,2.31,4.7,2141.0,2183.0,2008
Austin Peay,24.0,11.0,0.686,-2.21,-5.24,2590.0,2477.0,2008
Ball State,6.0,24.0,0.2,-5.61,0.5,1733.0,1918.0,2008
Baylor,21.0,11.0,0.656,11.46,5.75,2601.0,2396.0,2008
Belmont,25.0,9.0,0.735,-0.12,-3.44,2714.0,2497.0,2008
nan,,,,,,,,2008
School,,,,,,,,2008
Bethune-Cookman,11.0,21.0,0.344,-15.97,-10.89,1862.0,1976.0,2008
Binghamton,14.0,16.0,0.467,-6.84,-6.0,1976.0,2001.0,2008
Boise State,25.0,9.0,0.735,1.6,-2.07,2767.0,2567.0,2008
Boston College,14.0,17.0,0.452,6.46,7.75,2203.0,2243.0,2008
Boston University,14.0,17.0,0.452,-6.69,-4.91,1954.0,2009.0,2008
Bowling Green,13.0,17.0,0.433,-5.09,-0.63,1904.0,2038.0,2008
Bradley,21.0,17.0,0.553,6.23,4.25,2805.0,2724.0,2008
Brigham Young,27.0,8.0,0.771,11.82,1.33,2580.0,2213.0,2008
Brown,19.0,10.0,0.655,-0.65,-4.65,1997.0,1881.0,2008
Bucknell,12.0,19.0,0.387,-6.88,-3.88,1925.0,2023.0,2008
Buffalo,10.0,20.0,0.333,-3.9,0.61,2146.0,2251.0,2008
Butler,30.0,4.0,0.882,13.0,2.64,2339.0,1985.0,2008
Cal Poly,12.0,18.0,0.4,-9.48,-2.08,1896.0,2071.0,2008
Cal State Bakersfield,8.0,21.0,0.276,,,1929.0,2177.0,2008
Cal State Fullerton,24.0,9.0,0.727,5.64,-3.06,2700.0,2398.0,2008
Cal State Northridge,20.0,10.0,0.667,1.23,-2.81,2340.0,2132.0,2008
California,17.0,16.0,0.515,9.36,8.45,2521.0,2478.0,2008
Campbell,10.0,20.0,0.333,-11.91,-6.62,2144.0,2237.0,2008
Canisius,6.0,25.0,0.194,-14.3,-3.14,1923.0,2269.0,2008
Centenary (LA),10.0,21.0,0.323,-10.86,-1.71,2164.0,2395.0,2008
nan,,,,,,,,2008
School,,,,,,,,2008
Central Arkansas,14.0,16.0,0.467,,,1999.0,2018.0,2008
Central Connecticut State,14.0,16.0,0.467,-5.31,-6.68,2095.0,2054.0,2008
Central Michigan,14.0,17.0,0.452,-3.22,0.19,2208.0,2244.0,2008
Charleston Southern,10.0,20.0,0.333,-15.23,-4.63,2225.0,2307.0,2008
Charlotte,20.0,14.0,0.588,6.54,4.34,2366.0,2291.0,2008
Chattanooga,18.0,13.0,0.581,-1.22,-1.12,2344.0,2260.0,2008
Chicago State,11.0,17.0,0.393,-10.63,1.47,2050.0,2221.0,2008
Cincinnati,13.0,19.0,0.406,4.86,8.51,2067.0,2168.0,2008
Clemson,24.0,10.0,0.706,18.05,9.08,2693.0,2372.0,2008
Cleveland State,21.0,13.0,0.618,3.38,1.69,2281.0,2161.0,2008
Coastal Carolina,13.0,15.0,0.464,-11.52,-5.44,1936.0,2004.0,2008
Colgate,18.0,14.0,0.563,-5.63,-5.06,2095.0,2076.0,2008
College of Charleston,16.0,17.0,0.485,-2.22,-2.31,2391.0,2388.0,2008
Colorado,12.0,20.0,0.375,4.05,6.76,1997.0,2061.0,2008
Colorado State,7.0,25.0,0.219,-7.09,2.8,2051.0,2318.0,2008
Columbia,14.0,15.0,0.483,-8.45,-5.79,1846.0,1859.0,2008
Connecticut,24.0,9.0,0.727,15.54,6.76,2556.0,2266.0,2008
Coppin State,16.0,21.0,0.432,-14.51,-6.2,2212.0,2443.0,2008
Cornell,22.0,6.0,0.786,0.76,-4.74,2136.0,1917.0,2008
Creighton,22.0,11.0,0.667,8.06,4.45,2360.0,2177.0,2008
nan,,,,,,,,2008
School,,,,,,,,2008
Dartmouth,10.0,18.0,0.357,-14.56,-7.19,1769.0,1933.0,2008
Davidson,29.0,7.0,0.806,13.93,1.66,2803.0,2274.0,2008
Dayton,23.0,11.0,0.676,7.98,4.06,2317.0,2184.0,2008
Delaware,14.0,17.0,0.452,-5.82,-2.43,1956.0,2061.0,2008
Delaware State,14.0,16.0,0.467,-11.51,-6.88,1769.0,1853.0,2008
Denver,11.0,19.0,0.367,-6.14,-2.22,1698.0,1811.0,2008
DePaul,11.0,19.0,0.367,4.31,8.73,2177.0,2273.0,2008
Detroit Mercy,7.0,23.0,0.233,-6.38,1.0,1765.0,1962.0,2008
Drake,28.0,5.0,0.848,14.08,4.15,2440.0,2050.0,2008
Drexel,12.0,20.0,0.375,-7.63,-1.85,1904.0,2064.0,2008
Duke,28.0,6.0,0.824,21.52,9.28,2830.0,2361.0,2008
Duquesne,17.0,13.0,0.567,8.96,1.85,2470.0,2223.0,2008
East Carolina,11.0,19.0,0.367,-4.28,2.84,2049.0,2182.0,2008
East Tennessee State,19.0,13.0,0.594,-4.24,-1.89,2514.0,2470.0,2008
Eastern Illinois,7.0,22.0,0.241,-14.72,-7.97,1833.0,2000.0,2008
Eastern Kentucky,14.0,16.0,0.467,-9.7,-6.34,1890.0,1933.0,2008
Eastern Michigan,14.0,17.0,0.452,-3.18,-1.82,2054.0,2096.0,2008
Eastern Washington,11.0,19.0,0.367,-7.38,-2.06,1897.0,2012.0,2008
Elon,14.0,19.0,0.424,-4.71,-1.91,2074.0,2156.0,2008
Evansville,9.0,21.0,0.3,-4.62,2.07,1785.0,1966.0,2008
nan,,,,,,,,2008
School,,,,,,,,2008
Fairfield,14.0,16.0,0.467,-5.67,-2.51,1972.0,2067.0,2008
FDU,8.0,20.0,0.286,-13.27,-5.12,1961.0,2189.0,2008
Florida,24.0,12.0,0.667,12.34,4.98,2791.0,2433.0,2008
Florida A&M,15.0,17.0,0.469,-15.45,-7.18,2065.0,2248.0,2008
Florida Atlantic,15.0,18.0,0.455,-5.64,-2.38,2365.0,2446.0,2008
Florida Gulf Coast,10.0,21.0,0.323,,,2045.0,2286.0,2008
Florida International,9.0,20.0,0.31,-7.09,0.22,1855.0,2025.0,2008
Florida State,19.0,15.0,0.559,10.4,7.31,2451.0,2346.0,2008
Fordham,12.0,17.0,0.414,-0.16,4.32,1880.0,1947.0,2008
Fresno State,13.0,19.0,0.406,-2.99,-0.91,2200.0,2218.0,2008
Furman,7.0,23.0,0.233,-12.73,-2.39,1837.0,2142.0,2008
Gardner-Webb,16.0,16.0,0.5,-4.01,-3.66,2465.0,2415.0,2008
George Mason,23.0,11.0,0.676,6.07,-0.75,2356.0,2124.0,2008
George Washington,9.0,17.0,0.346,-1.7,3.15,1649.0,1775.0,2008
Georgetown,28.0,6.0,0.824,18.73,7.23,2367.0,1976.0,2008
Georgia,17.0,17.0,0.5,7.24,7.03,2314.0,2290.0,2008
Georgia Southern,20.0,12.0,0.625,-0.07,-2.17,2400.0,2286.0,2008
Georgia State,9.0,21.0,0.3,-7.6,-2.97,1847.0,1987.0,2008
Georgia Tech,15.0,17.0,0.469,10.77,9.57,2482.0,2432.0,2008
Gonzaga,25.0,8.0,0.758,14.81,2.15,2524.0,2106.0,2008
nan,,,,,,,,2008
School,,,,,,,,2008
Grambling,7.0,19.0,0.269,-23.49,-12.41,1733.0,2004.0,2008
Green Bay,15.0,15.0,0.5,-0.04,1.53,2071.0,2100.0,2008
Hampton,18.0,12.0,0.6,-5.57,-8.03,1955.0,1879.0,2008
Hartford,18.0,16.0,0.529,-8.75,-5.28,2407.0,2525.0,2008
Harvard,8.0,22.0,0.267,-10.76,-4.86,2056.0,2233.0,2008
Hawaii,11.0,19.0,0.367,-5.32,-2.42,2111.0,2198.0,2008
High Point,17.0,14.0,0.548,-5.1,-6.41,2201.0,1944.0,2008
Hofstra,12.0,18.0,0.4,-5.93,-3.0,1989.0,2077.0,2008
Holy Cross,15.0,14.0,0.517,-2.67,-3.6,1781.0,1754.0,2008
Houston,24.0,10.0,0.706,8.4,-0.16,2681.0,2390.0,2008
Howard,6.0,26.0,0.188,-22.46,-7.73,1817.0,2268.0,2008
Idaho,8.0,21.0,0.276,-10.75,-1.04,1879.0,2077.0,2008
Idaho State,12.0,19.0,0.387,-12.0,-2.14,1856.0,2130.0,2008
Illinois,16.0,19.0,0.457,10.98,8.46,2227.0,2139.0,2008
Illinois State,25.0,10.0,0.714,8.64,3.44,2286.0,2076.0,2008
Illinois-Chicago,18.0,15.0,0.545,3.04,0.64,2246.0,2143.0,2008
Indiana,25.0,8.0,0.758,15.78,6.08,2476.0,2156.0,2008
Indiana State,15.0,16.0,0.484,1.48,4.11,2019.0,2065.0,2008
Iona,12.0,20.0,0.375,-6.71,-3.27,2099.0,2209.0,2008
Iowa,13.0,19.0,0.406,2.77,5.23,1794.0,1857.0,2008
nan,,,,,,,,2008
School,,,,,,,,2008
Iowa State,14.0,18.0,0.438,3.97,7.97,2048.0,2100.0,2008
IU Indy,26.0,7.0,0.788,5.13,-2.41,2510.0,2132.0,2008
Jackson State,14.0,20.0,0.412,-16.14,-10.78,2340.0,2522.0,2008
Jacksonville,18.0,13.0,0.581,-8.09,-3.61,2248.0,2260.0,2008
Jacksonville State,7.0,22.0,0.241,-15.34,-8.59,2098.0,2251.0,2008
James Madison,13.0,17.0,0.433,-5.13,-4.09,2188.0,2219.0,2008
Kansas,37.0,3.0,0.925,26.9,8.2,3221.0,2460.0,2008
Kansas City,11.0,21.0,0.344,-6.97,-0.37,2198.0,2384.0,2008
Kansas State,21.0,12.0,0.636,15.79,7.79,2574.0,2274.0,2008
Kennesaw State,10.0,20.0,0.333,,,2054.0,2235.0,2008
Kent State,28.0,7.0,0.8,7.47,0.41,2412.0,2165.0,2008
Kentucky,18.0,13.0,0.581,9.19,7.09,2124.0,2034.0,2008
La Salle,15.0,17.0,0.469,-0.19,2.08,2424.0,2439.0,2008
Lafayette,15.0,15.0,0.5,-4.57,-4.68,2247.0,2219.0,2008
Lamar,19.0,11.0,0.633,-2.41,-4.1,2445.0,2206.0,2008
Lehigh,14.0,15.0,0.483,-7.74,-5.82,1850.0,1895.0,2008
Liberty,16.0,16.0,0.5,-6.1,-5.96,2222.0,2133.0,2008
Lipscomb,15.0,16.0,0.484,-4.97,-4.88,2216.0,2175.0,2008
Little Rock,20.0,11.0,0.645,-3.26,-4.26,2024.0,1920.0,2008
Long Beach State,6.0,25.0,0.194,-12.89,-2.92,1944.0,2242.0,2008
nan,,,,,,,,2008
School,,,,,,,,2008
Long Island University,15.0,15.0,0.5,-6.02,-6.72,2172.0,2151.0,2008
Longwood,9.0,22.0,0.29,-18.73,-4.92,2120.0,2394.0,2008
Louisiana,15.0,15.0,0.5,-3.67,-2.1,1951.0,1975.0,2008
Louisiana State,13.0,18.0,0.419,4.99,5.66,2131.0,2145.0,2008
Louisiana Tech,6.0,24.0,0.2,-15.42,-4.35,1824.0,2155.0,2008
Louisiana-Monroe,10.0,21.0,0.323,-8.28,-0.39,2108.0,2243.0,2008
Louisville,27.0,9.0,0.75,19.0,8.0,2611.0,2215.0,2008
Loyola (IL),12.0,19.0,0.387,-4.14,0.55,1900.0,1976.0,2008
Loyola (MD),19.0,14.0,0.576,-2.85,-3.2,2365.0,2336.0,2008
Loyola Marymount,5.0,26.0,0.161,-16.94,-0.05,1918.0,2435.0,2008
Maine,7.0,23.0,0.233,-16.25,-4.89,1912.0,2157.0,2008
Manhattan,12.0,19.0,0.387,-7.98,-4.61,2147.0,2206.0,2008
Marist,18.0,14.0,0.563,-0.68,-1.83,2237.0,2200.0,2008
Marquette,25.0,10.0,0.714,18.62,8.09,2658.0,2269.0,2008
Marshall,16.0,14.0,0.533,2.17,2.17,2018.0,1971.0,2008
Maryland,19.0,15.0,0.559,9.74,7.28,2483.0,2373.0,2008
Maryland-Baltimore County,24.0,9.0,0.727,0.06,-4.53,2450.0,2258.0,2008
Maryland-Eastern Shore,4.0,28.0,0.125,-23.75,-7.82,1878.0,2394.0,2008
Massachusetts,25.0,11.0,0.694,9.6,3.77,2934.0,2724.0,2008
McNeese State,13.0,16.0,0.448,-9.43,-3.59,1875.0,1931.0,2008
nan,,,,,,,,2008
School,,,,,,,,2008
Memphis,38.0,2.0,0.95,23.73,5.76,3196.0,2477.0,2008
Mercer,11.0,19.0,0.367,-9.81,-5.68,2285.0,2354.0,2008
Miami (FL),23.0,11.0,0.676,12.38,7.13,2542.0,2309.0,2008
Miami (OH),17.0,16.0,0.515,5.73,3.82,2062.0,1999.0,2008
Michigan,10.0,22.0,0.313,3.05,7.99,2006.0,2164.0,2008
Michigan State,27.0,9.0,0.75,16.32,7.68,2564.0,2253.0,2008
Middle Tennessee,17.0,15.0,0.531,-2.78,-0.23,2180.0,2216.0,2008
Milwaukee,14.0,16.0,0.467,-0.99,2.19,2007.0,2062.0,2008
Minnesota,20.0,14.0,0.588,10.27,6.5,2322.0,2150.0,2008
Mississippi,24.0,11.0,0.686,12.29,5.88,2781.0,2552.0,2008
Mississippi State,23.0,11.0,0.676,13.42,5.74,2489.0,2228.0,2008
Mississippi Valley State,17.0,16.0,0.515,-15.28,-9.5,2036.0,2174.0,2008
Missouri,16.0,16.0,0.5,11.75,6.87,2468.0,2312.0,2008
Missouri State,17.0,16.0,0.515,5.65,3.43,2236.0,2146.0,2008
Monmouth,7.0,24.0,0.226,-13.13,-5.22,1834.0,2079.0,2008
Montana,14.0,16.0,0.467,-4.23,-4.0,2081.0,1998.0,2008
Montana State,15.0,15.0,0.5,-6.82,-4.85,2180.0,2167.0,2008
Morehead State,15.0,15.0,0.5,-11.27,-6.31,1945.0,2028.0,2008
Morgan State,22.0,11.0,0.667,-4.25,-8.6,2227.0,2059.0,2008
Mount St. Mary's,19.0,15.0,0.559,-3.59,-5.12,2353.0,2301.0,2008
nan,,,,,,,,2008
School,,,,,,,,2008
Murray State,18.0,13.0,0.581,-4.42,-6.97,2262.0,2141.0,2008
Navy,16.0,14.0,0.533,-5.88,-7.68,2289.0,2208.0,2008
NC State,15.0,16.0,0.484,5.41,9.06,2086.0,2160.0,2008
Nebraska,20.0,13.0,0.606,11.31,6.34,2214.0,2002.0,2008
Nevada,21.0,12.0,0.636,3.92,-0.11,2488.0,2330.0,2008
Nevada-Las Vegas,27.0,8.0,0.771,10.23,4.02,2440.0,2181.0,2008
New Hampshire,9.0,20.0,0.31,-9.86,-6.11,1961.0,2017.0,2008
New Mexico,24.0,9.0,0.727,12.53,1.72,2446.0,2069.0,2008
New Mexico State,21.0,14.0,0.6,5.43,-1.31,2793.0,2528.0,2008
New Orleans,19.0,13.0,0.594,-3.06,-3.56,2352.0,2287.0,2008
Niagara,19.0,10.0,0.655,-0.16,-3.61,2219.0,2119.0,2008
Nicholls State,10.0,21.0,0.323,-9.17,-1.13,2007.0,2164.0,2008
NJIT,0.0,29.0,0.0,,,1622.0,2233.0,2008
Norfolk State,16.0,15.0,0.516,-13.65,-11.97,2158.0,2189.0,2008
North Carolina,36.0,3.0,0.923,24.17,8.12,3454.0,2828.0,2008
North Carolina A&T,15.0,16.0,0.484,-14.56,-6.48,2165.0,2230.0,2008
North Carolina Central,4.0,26.0,0.133,,,1686.0,2348.0,2008
North Dakota State,16.0,13.0,0.552,,,2238.0,2066.0,2008
North Florida,3.0,26.0,0.103,,,1723.0,2110.0,2008
North Texas,20.0,11.0,0.645,1.53,-2.72,2385.0,2184.0,2008
nan,,,,,,,,2008
School,,,,,,,,2008
Northeastern,14.0,17.0,0.452,-1.36,-1.1,1965.0,1973.0,2008
Northern Arizona,21.0,11.0,0.656,-0.71,-3.81,2333.0,2194.0,2008
Northern Colorado,13.0,16.0,0.448,-7.05,-4.71,2004.0,2037.0,2008
Northern Illinois,6.0,22.0,0.214,-9.3,0.38,1840.0,2111.0,2008
Northern Iowa,18.0,14.0,0.563,4.28,3.61,1996.0,1931.0,2008
Northwestern,8.0,22.0,0.267,-1.3,6.15,1854.0,2038.0,2008
Northwestern State,15.0,18.0,0.455,-11.11,-2.7,2437.0,2624.0,2008
Notre Dame,25.0,8.0,0.758,16.15,7.03,2608.0,2297.0,2008
Oakland,17.0,14.0,0.548,-0.17,-0.81,2369.0,2283.0,2008
Ohio,20.0,13.0,0.606,3.94,1.3,2234.0,2147.0,2008
Ohio State,24.0,13.0,0.649,13.72,7.97,2551.0,2300.0,2008
Oklahoma,23.0,12.0,0.657,11.97,7.85,2378.0,2234.0,2008
Oklahoma State,17.0,16.0,0.515,9.39,7.67,2257.0,2193.0,2008
Old Dominion,18.0,16.0,0.529,2.45,0.28,2263.0,2189.0,2008
Oral Roberts,24.0,9.0,0.727,5.71,-0.26,2282.0,2047.0,2008
Oregon,18.0,14.0,0.563,11.68,7.65,2450.0,2321.0,2008
Oregon State,6.0,25.0,0.194,-6.2,7.34,1858.0,2196.0,2008
Pacific,21.0,10.0,0.677,0.09,-4.22,2237.0,2058.0,2008
Penn State,15.0,16.0,0.484,4.57,6.12,2019.0,2067.0,2008
Pennsylvania,13.0,18.0,0.419,-10.4,-3.75,2096.0,2308.0,2008
nan,,,,,,,,2008
School,,,,,,,,2008
Pepperdine,11.0,21.0,0.344,-8.0,-0.06,2365.0,2551.0,2008
Pittsburgh,27.0,10.0,0.73,15.62,7.84,2731.0,2410.0,2008
Portland,9.0,22.0,0.29,-8.62,-1.24,1957.0,2135.0,2008
Portland State,23.0,10.0,0.697,1.72,-3.01,2438.0,2245.0,2008
Prairie View,8.0,22.0,0.267,-21.36,-9.7,1977.0,2286.0,2008
Presbyterian,5.0,25.0,0.167,,,1787.0,1987.0,2008
Princeton,6.0,23.0,0.207,-11.42,-4.05,1673.0,1862.0,2008
Providence,15.0,16.0,0.484,8.38,7.86,2253.0,2237.0,2008
Purdue,25.0,9.0,0.735,13.1,5.9,2367.0,2122.0,2008
Purdue Fort Wayne,13.0,18.0,0.419,-5.25,0.96,2135.0,2171.0,2008
Quinnipiac,15.0,15.0,0.5,-8.01,-7.08,2226.0,2254.0,2008
Radford,10.0,20.0,0.333,-14.72,-3.15,2128.0,2378.0,2008
Rhode Island,21.0,12.0,0.636,8.42,2.29,2658.0,2456.0,2008
Rice,3.0,27.0,0.1,-10.29,2.78,1678.0,2070.0,2008
Richmond,16.0,15.0,0.516,0.22,2.55,1974.0,2046.0,2008
Rider,23.0,11.0,0.676,1.86,-3.72,2610.0,2400.0,2008
Robert Morris,26.0,8.0,0.765,-0.07,-6.57,2550.0,2329.0,2008
Rutgers,11.0,20.0,0.355,-1.57,7.07,1928.0,2123.0,2008
Sacramento State,4.0,24.0,0.143,-17.5,-1.9,1805.0,2156.0,2008
Sacred Heart,18.0,14.0,0.563,-5.9,-6.3,2300.0,2287.0,2008
nan,,,,,,,,2008
School,,,,,,,,2008
Saint Francis (PA),6.0,23.0,0.207,-13.52,-5.27,1848.0,2066.0,2008
Saint Joseph's,21.0,13.0,0.618,9.63,3.98,2484.0,2292.0,2008
Saint Louis,16.0,15.0,0.516,0.31,3.05,1862.0,1909.0,2008
Saint Mary's (CA),25.0,7.0,0.781,11.39,0.36,2421.0,2037.0,2008
Saint Peter's,6.0,24.0,0.2,-10.01,-4.11,2002.0,2179.0,2008
Sam Houston,23.0,8.0,0.742,-0.25,-5.25,2192.0,1909.0,2008
Samford,14.0,16.0,0.467,-11.97,-7.19,1792.0,1855.0,2008
San Diego,22.0,14.0,0.611,3.39,1.45,2365.0,2296.0,2008
San Diego State,20.0,13.0,0.606,5.21,2.15,2204.0,2090.0,2008
San Francisco,10.0,21.0,0.323,-7.02,-0.95,2069.0,2229.0,2008
San Jose State,13.0,19.0,0.406,-9.2,-1.66,2137.0,2308.0,2008
Santa Clara,15.0,16.0,0.484,-0.77,-0.98,1953.0,1903.0,2008
Savannah State,13.0,18.0,0.419,-16.24,-2.76,1846.0,2073.0,2008
Seton Hall,17.0,15.0,0.531,4.84,5.47,2452.0,2472.0,2008
Siena,23.0,11.0,0.676,4.06,-1.62,2613.0,2420.0,2008
South Alabama,26.0,7.0,0.788,7.76,-1.21,2478.0,2158.0,2008
South Carolina,14.0,18.0,0.438,7.3,6.11,2314.0,2276.0,2008
South Carolina State,13.0,20.0,0.394,-15.9,-9.23,2331.0,2501.0,2008
South Carolina Upstate,7.0,23.0,0.233,,,1895.0,2132.0,2008
South Dakota State,8.0,21.0,0.276,,,1904.0,2059.0,2008
nan,,,,,,,,2008
School,,,,,,,,2008
South Florida,12.0,19.0,0.387,5.17,6.57,2132.0,2135.0,2008
Southeast Missouri State,12.0,19.0,0.387,-13.78,-6.99,2374.0,2549.0,2008
Southeastern Louisiana,17.0,13.0,0.567,-5.78,-5.53,2030.0,1872.0,2008
Southern,11.0,19.0,0.367,-16.05,-11.16,1884.0,2005.0,2008
Southern California,21.0,12.0,0.636,13.89,8.59,2277.0,2102.0,2008
Southern Illinois,18.0,15.0,0.545,8.73,5.88,2065.0,1971.0,2008
Southern Methodist,10.0,20.0,0.333,-8.41,0.92,1916.0,2141.0,2008
Southern Mississippi,19.0,14.0,0.576,3.77,1.81,2388.0,2202.0,2008
Southern Utah,11.0,19.0,0.367,-6.35,-2.02,2072.0,2194.0,2008
St. Bonaventure,8.0,22.0,0.267,-5.33,1.08,1992.0,2171.0,2008
St. Francis (NY),7.0,22.0,0.241,-12.64,-6.29,1953.0,2137.0,2008
St. John's (NY),11.0,19.0,0.367,2.94,7.3,1864.0,1995.0,2008
Stanford,28.0,8.0,0.778,16.31,6.95,2553.0,2216.0,2008
Stephen F. Austin,26.0,6.0,0.813,1.42,-6.17,2151.0,1805.0,2008
Stetson,16.0,16.0,0.5,-11.42,-5.67,2090.0,2184.0,2008
Stony Brook,7.0,23.0,0.233,-12.36,-6.5,1837.0,1998.0,2008
Syracuse,21.0,14.0,0.6,12.65,7.96,2765.0,2601.0,2008
TCU,14.0,16.0,0.467,-0.92,-0.37,2037.0,2034.0,2008
Temple,21.0,13.0,0.618,8.16,4.57,2457.0,2335.0,2008
Tennessee,31.0,5.0,0.861,18.41,7.84,2946.0,2519.0,2008
nan,,,,,,,,2008
School,,,,,,,,2008
Tennessee State,15.0,17.0,0.469,-6.95,-5.65,2404.0,2419.0,2008
Tennessee Tech,13.0,19.0,0.406,-7.95,-6.87,2411.0,2390.0,2008
Tennessee-Martin,17.0,16.0,0.515,-8.24,-6.37,2560.0,2551.0,2008
Texas,31.0,7.0,0.816,18.13,8.59,2868.0,2467.0,2008
Texas A&M,25.0,11.0,0.694,16.2,7.46,2548.0,2216.0,2008
Texas A&M-Corpus Christi,9.0,20.0,0.31,-9.21,-2.82,1857.0,2030.0,2008
Texas Southern,7.0,25.0,0.219,-20.91,-9.03,2010.0,2390.0,2008
Texas State,13.0,16.0,0.448,-9.8,-5.35,2423.0,2459.0,2008
Texas Tech,16.0,15.0,0.516,7.35,7.62,2166.0,2147.0,2008
Texas-Rio Grande Valley,18.0,13.0,0.581,-10.51,-6.94,2285.0,2193.0,2008
The Citadel,6.0,24.0,0.2,-16.99,-1.14,1903.0,2228.0,2008
Toledo,11.0,19.0,0.367,-5.58,1.55,1794.0,2008.0,2008
Towson,13.0,18.0,0.419,-7.1,-2.83,2027.0,2133.0,2008
Troy,12.0,19.0,0.387,-7.03,-1.99,2365.0,2496.0,2008
Tulane,17.0,15.0,0.531,0.41,2.15,2102.0,2124.0,2008
Tulsa,25.0,14.0,0.641,7.28,2.97,2746.0,2542.0,2008
UAB,23.0,11.0,0.676,8.35,2.09,2501.0,2288.0,2008
UC Davis,9.0,22.0,0.29,-15.02,-2.68,1962.0,2215.0,2008
UC Irvine,18.0,16.0,0.529,-1.2,-2.41,2311.0,2237.0,2008
UC Riverside,9.0,21.0,0.3,-10.73,-2.02,1803.0,2029.0,2008
nan,,,,,,,,2008
School,,,,,,,,2008
UC Santa Barbara,23.0,9.0,0.719,1.17,-3.16,2232.0,2063.0,2008
UCF,16.0,15.0,0.516,5.61,3.16,2269.0,2139.0,2008
UCLA,35.0,4.0,0.897,21.71,7.71,2867.0,2300.0,2008
UNC Asheville,23.0,10.0,0.697,-2.55,-4.41,2479.0,2318.0,2008
UNC Greensboro,19.0,12.0,0.613,1.97,-1.41,2194.0,2061.0,2008
UNC Wilmington,20.0,13.0,0.606,-1.89,-2.42,2397.0,2356.0,2008
UT Arlington,21.0,12.0,0.636,-2.87,-4.62,2422.0,2274.0,2008
Utah,18.0,15.0,0.545,7.35,3.89,2262.0,2104.0,2008
Utah State,24.0,11.0,0.686,1.71,-2.58,2585.0,2385.0,2008
Utah Valley,15.0,14.0,0.517,,,2062.0,1987.0,2008
UTEP,19.0,14.0,0.576,4.79,1.54,2527.0,2415.0,2008
UTSA,13.0,17.0,0.433,-10.43,-2.95,1903.0,2013.0,2008
Valparaiso,22.0,14.0,0.611,2.35,1.29,2558.0,2444.0,2008
Vanderbilt,26.0,8.0,0.765,10.96,5.54,2721.0,2537.0,2008
Vermont,16.0,15.0,0.516,-4.17,-5.77,2241.0,2173.0,2008
Villanova,22.0,13.0,0.629,11.0,7.69,2547.0,2431.0,2008
Virginia,17.0,16.0,0.515,7.6,5.63,2535.0,2470.0,2008
Virginia Commonwealth,24.0,8.0,0.75,6.57,-2.06,2157.0,1881.0,2008
VMI,14.0,15.0,0.483,-9.48,-7.32,2649.0,2530.0,2008
Virginia Tech,21.0,14.0,0.6,12.0,6.54,2456.0,2265.0,2008
nan,,,,,,,,2008
School,,,,,,,,2008
Wagner,23.0,8.0,0.742,-7.01,-7.62,2217.0,2198.0,2008
Wake Forest,17.0,13.0,0.567,9.29,8.83,2166.0,2081.0,2008
Washington,16.0,17.0,0.485,9.09,8.0,2416.0,2338.0,2008
Washington State,26.0,9.0,0.743,16.35,6.35,2325.0,1975.0,2008
Weber State,16.0,14.0,0.533,-3.92,-3.5,1993.0,1970.0,2008
West Virginia,26.0,11.0,0.703,17.97,7.16,2769.0,2352.0,2008
Western Carolina,10.0,21.0,0.323,-8.16,-1.2,1979.0,2140.0,2008
Western Illinois,12.0,18.0,0.4,-10.45,-1.67,2016.0,2148.0,2008
Western Kentucky,29.0,7.0,0.806,9.34,0.24,2785.0,2403.0,2008
Western Michigan,20.0,12.0,0.625,3.2,-0.51,2231.0,2080.0,2008
Wichita State,11.0,20.0,0.355,1.04,2.85,1939.0,1995.0,2008
William & Mary,17.0,16.0,0.515,-4.08,-1.38,2059.0,2073.0,2008
Winston-Salem,12.0,18.0,0.4,,,1876.0,2028.0,2008
Winthrop,22.0,12.0,0.647,3.61,-1.45,2205.0,1990.0,2008
Wisconsin,31.0,5.0,0.861,19.59,6.73,2421.0,1958.0,2008
Wofford,16.0,16.0,0.5,-5.77,-1.42,2147.0,2136.0,2008
Wright State,21.0,10.0,0.677,2.38,0.48,1944.0,1871.0,2008
Wyoming,12.0,18.0,0.4,-3.92,1.86,2071.0,2171.0,2008
Xavier,30.0,7.0,0.811,17.17,5.47,2780.0,2347.0,2008
Yale,13.0,15.0,0.464,-6.54,-3.88,1918.0,1939.0,2008
nan,,,,,,,,2008
School,,,,,,,,2008
Youngstown State,9.0,21.0,0.3,-5.76,1.74,1944.0,2100.0,2008
Air Force,10.0,21.0,0.323,-2.99,2.37,1821.0,1936.0,2009
Akron,23.0,13.0,0.639,3.37,-2.01,2403.0,2171.0,2009
Alabama,18.0,14.0,0.563,5.49,3.99,2349.0,2254.0,2009
Alabama A&M,8.0,19.0,0.296,-19.72,-11.63,1761.0,1954.0,2009
Alabama State,22.0,10.0,0.688,-6.13,-11.2,2202.0,2025.0,2009
Albany (NY),15.0,16.0,0.484,-6.63,-4.11,1984.0,2038.0,2009
Alcorn State,6.0,25.0,0.194,-25.55,-10.26,2156.0,2588.0,2009
American,24.0,8.0,0.75,-0.05,-5.49,2065.0,1891.0,2009
Appalachian State,13.0,18.0,0.419,-8.44,-5.44,2356.0,2381.0,2009
Arizona,21.0,14.0,0.6,11.88,8.8,2529.0,2421.0,2009
Arizona State,25.0,10.0,0.714,16.7,7.82,2428.0,2117.0,2009
Arkansas,14.0,16.0,0.467,3.79,3.89,2238.0,2213.0,2009
Arkansas State,13.0,17.0,0.433,-5.42,-4.31,1996.0,1948.0,2009
Arkansas-Pine Bluff,13.0,18.0,0.419,-15.45,-7.48,1943.0,2190.0,2009
Army,11.0,19.0,0.367,-10.11,-7.59,1741.0,1823.0,2009
Auburn,24.0,12.0,0.667,9.93,3.56,2620.0,2354.0,2009
Austin Peay,19.0,14.0,0.576,-4.2,-3.69,2485.0,2449.0,2009
Ball State,14.0,17.0,0.452,-5.5,-3.02,1795.0,1852.0,2009
Baylor,24.0,15.0,0.615,12.54,7.93,2965.0,2732.0,2009
Belmont,20.0,13.0,0.606,0.39,-1.37,2528.0,2334.0,2009
nan,,,,,,,,2009
School,,,,,,,,2009
Bethune-Cookman,17.0,16.0,0.515,-12.41,-9.76,1926.0,1941.0,2009
Binghamton,23.0,9.0,0.719,-3.27,-5.62,2239.0,2156.0,2009
Boise State,19.0,13.0,0.594,-0.95,0.54,2329.0,2315.0,2009
Boston College,22.0,12.0,0.647,10.36,7.23,2528.0,2397.0,2009
Boston University,17.0,13.0,0.567,-2.61,-4.91,2058.0,1989.0,2009
Bowling Green,19.0,14.0,0.576,0.09,-1.75,2126.0,2020.0,2009
Bradley,21.0,15.0,0.583,2.48,1.95,2415.0,2387.0,2009
Brigham Young,25.0,8.0,0.758,15.12,4.15,2544.0,2150.0,2009
Brown,9.0,19.0,0.321,-12.39,-5.02,1712.0,1898.0,2009
Bryant,8.0,21.0,0.276,,,1670.0,1969.0,2009
Bucknell,7.0,23.0,0.233,-11.59,-4.12,1928.0,2152.0,2009
Buffalo,21.0,12.0,0.636,1.44,-0.9,2155.0,2078.0,2009
Butler,26.0,6.0,0.813,10.07,2.07,2168.0,1854.0,2009
Cal Poly,7.0,21.0,0.25,-8.32,-1.32,1822.0,1964.0,2009
Cal State Bakersfield,8.0,21.0,0.276,,,1875.0,2094.0,2009
Cal State Fullerton,15.0,17.0,0.469,-4.2,-1.26,2345.0,2356.0,2009
Cal State Northridge,17.0,14.0,0.548,2.65,-0.14,2282.0,2178.0,2009
California,22.0,11.0,0.667,13.3,7.21,2472.0,2271.0,2009
Campbell,14.0,16.0,0.467,-7.97,-3.42,2164.0,2153.0,2009
Canisius,11.0,20.0,0.355,-6.46,-1.68,1949.0,2097.0,2009
nan,,,,,,,,2009
School,,,,,,,,2009
Centenary (LA),8.0,23.0,0.258,-8.46,-1.56,1993.0,2207.0,2009
Central Arkansas,10.0,19.0,0.345,,,1841.0,2008.0,2009
Central Connecticut State,13.0,17.0,0.433,-10.35,-6.76,1943.0,2043.0,2009
Central Michigan,12.0,19.0,0.387,-7.06,-4.15,1928.0,2018.0,2009
Charleston Southern,9.0,20.0,0.31,-14.07,-5.46,2000.0,2091.0,2009
Charlotte,11.0,20.0,0.355,0.79,2.47,2130.0,2182.0,2009
Chattanooga,18.0,17.0,0.514,-6.25,-3.13,2657.0,2687.0,2009
Chicago State,19.0,13.0,0.594,-5.97,-4.51,2693.0,2577.0,2009
Cincinnati,18.0,14.0,0.563,7.83,6.77,2187.0,2123.0,2009
Clemson,23.0,9.0,0.719,15.56,6.59,2507.0,2177.0,2009
Cleveland State,26.0,11.0,0.703,6.97,2.12,2455.0,2203.0,2009
Coastal Carolina,11.0,20.0,0.355,-11.74,-6.98,2148.0,2193.0,2009
Colgate,10.0,20.0,0.333,-13.26,-6.12,1701.0,1895.0,2009
College of Charleston,27.0,9.0,0.75,-1.33,-5.87,2781.0,2616.0,2009
Colorado,9.0,22.0,0.29,-0.06,5.04,1951.0,2091.0,2009
Colorado State,9.0,22.0,0.29,-1.16,3.88,2142.0,2300.0,2009
Columbia,12.0,16.0,0.429,-9.92,-6.46,1689.0,1740.0,2009
Connecticut,31.0,5.0,0.861,22.17,8.57,2819.0,2313.0,2009
Coppin State,13.0,19.0,0.406,-9.56,-4.59,2043.0,2161.0,2009
Cornell,21.0,10.0,0.677,2.71,-4.01,2281.0,2007.0,2009
nan,,,,,,,,2009
School,,,,,,,,2009
Creighton,27.0,8.0,0.771,8.69,0.92,2565.0,2293.0,2009
Dartmouth,9.0,19.0,0.321,-13.28,-6.03,1750.0,1897.0,2009
Davidson,27.0,8.0,0.771,8.26,-3.33,2724.0,2306.0,2009
Dayton,27.0,8.0,0.771,7.16,1.76,2339.0,2150.0,2009
Delaware,13.0,19.0,0.406,-4.83,-2.64,2174.0,2244.0,2009
Delaware State,8.0,24.0,0.25,-14.53,-4.78,1847.0,2098.0,2009
Denver,15.0,16.0,0.484,-4.58,-4.97,1884.0,1872.0,2009
DePaul,9.0,24.0,0.273,-1.21,6.88,2123.0,2390.0,2009
Detroit Mercy,7.0,23.0,0.233,-8.08,0.65,1694.0,1937.0,2009
Drake,17.0,16.0,0.515,1.32,1.41,2128.0,2063.0,2009
Drexel,15.0,14.0,0.517,-0.8,-1.28,1788.0,1774.0,2009
Duke,30.0,7.0,0.811,20.1,9.07,2867.0,2439.0,2009
Duquesne,21.0,13.0,0.618,6.04,2.48,2683.0,2541.0,2009
East Carolina,13.0,17.0,0.433,-3.0,1.26,2176.0,2214.0,2009
East Tennessee State,23.0,11.0,0.676,3.21,-1.87,2657.0,2383.0,2009
Eastern Illinois,12.0,18.0,0.4,-9.18,-5.47,1936.0,1982.0,2009
Eastern Kentucky,18.0,13.0,0.581,-2.82,-5.45,2247.0,2061.0,2009
Eastern Michigan,8.0,24.0,0.25,-11.69,-1.79,1834.0,2040.0,2009
Eastern Washington,12.0,18.0,0.4,-7.13,-1.81,1905.0,2055.0,2009
Elon,11.0,20.0,0.355,-11.97,-4.62,2041.0,2197.0,2009
nan,,,,,,,,2009
School,,,,,,,,2009
Evansville,17.0,14.0,0.548,1.87,2.29,2081.0,2038.0,2009
Fairfield,17.0,15.0,0.531,-2.29,-0.44,2093.0,2152.0,2009
FDU,7.0,23.0,0.233,-17.59,-5.18,1909.0,2282.0,2009
Florida,25.0,11.0,0.694,12.83,3.88,2774.0,2427.0,2009
Florida A&M,10.0,21.0,0.323,-17.22,-5.72,1899.0,2228.0,2009
Florida Atlantic,6.0,26.0,0.188,-9.68,-2.1,2079.0,2319.0,2009
Florida Gulf Coast,11.0,20.0,0.355,,,2021.0,2218.0,2009
Florida International,13.0,20.0,0.394,-7.71,-1.52,2071.0,2240.0,2009
Florida State,25.0,10.0,0.714,11.37,7.91,2392.0,2271.0,2009
Fordham,3.0,25.0,0.107,-14.14,1.08,1718.0,2144.0,2009
Fresno State,13.0,21.0,0.382,-4.11,0.96,2299.0,2372.0,2009
Furman,6.0,24.0,0.2,-16.07,-4.62,1830.0,2130.0,2009
Gardner-Webb,13.0,17.0,0.433,-8.32,-5.04,2220.0,2244.0,2009
George Mason,22.0,11.0,0.667,3.78,-1.98,2189.0,1999.0,2009
George Washington,10.0,18.0,0.357,-2.08,0.31,1853.0,1920.0,2009
Georgetown,16.0,15.0,0.516,14.39,8.97,2148.0,1980.0,2009
Georgia,12.0,20.0,0.375,-1.81,5.5,2077.0,2237.0,2009
Georgia Southern,8.0,22.0,0.267,-13.5,-3.7,2114.0,2363.0,2009
Georgia State,12.0,20.0,0.375,-6.13,-1.83,1929.0,2036.0,2009
Georgia Tech,12.0,19.0,0.387,5.56,7.32,2208.0,2216.0,2009
nan,,,,,,,,2009
School,,,,,,,,2009
Gonzaga,28.0,6.0,0.824,17.95,3.55,2684.0,2142.0,2009
Grambling,6.0,23.0,0.207,-23.07,-10.1,1766.0,2084.0,2009
Green Bay,22.0,11.0,0.667,5.63,0.73,2399.0,2196.0,2009
Hampton,16.0,16.0,0.5,-10.79,-7.58,1851.0,1902.0,2009
Hartford,7.0,26.0,0.212,-13.24,-2.93,1998.0,2316.0,2009
Harvard,14.0,14.0,0.5,-7.57,-6.05,1890.0,1888.0,2009
Hawaii,13.0,17.0,0.433,-2.51,-1.34,1921.0,1956.0,2009
High Point,9.0,21.0,0.3,-13.1,-5.89,1931.0,2001.0,2009
Hofstra,21.0,11.0,0.656,-3.42,-2.9,2128.0,2126.0,2009
Holy Cross,18.0,14.0,0.563,-3.56,-5.91,2067.0,1992.0,2009
Houston,21.0,12.0,0.636,8.26,1.29,2501.0,2259.0,2009
Houston Christian,5.0,25.0,0.167,,,2050.0,2469.0,2009
Howard,8.0,23.0,0.258,-16.62,-6.58,1900.0,2186.0,2009
Idaho,17.0,16.0,0.515,-0.56,-0.15,2176.0,2167.0,2009
Idaho State,13.0,19.0,0.406,-3.22,0.17,2089.0,2189.0,2009
Illinois,24.0,10.0,0.706,14.38,6.73,2204.0,1944.0,2009
Illinois State,24.0,10.0,0.706,7.83,1.52,2414.0,2155.0,2009
Illinois-Chicago,16.0,15.0,0.516,0.98,0.02,2087.0,2035.0,2009
Indiana,6.0,25.0,0.194,-2.03,8.98,1862.0,2190.0,2009
Indiana State,11.0,21.0,0.344,-3.38,2.04,2019.0,2181.0,2009
nan,,,,,,,,2009
School,,,,,,,,2009
Iona,12.0,19.0,0.387,-3.24,-2.37,1930.0,1957.0,2009
Iowa,15.0,17.0,0.469,6.65,6.84,1927.0,1908.0,2009
Iowa State,15.0,17.0,0.469,3.48,5.68,2078.0,2100.0,2009
IU Indy,16.0,14.0,0.533,-2.92,-2.51,1964.0,1899.0,2009
Jackson State,18.0,15.0,0.545,-9.5,-8.22,2307.0,2328.0,2009
Jacksonville,18.0,14.0,0.563,1.62,-0.05,2363.0,2210.0,2009
Jacksonville State,11.0,17.0,0.393,-8.2,-4.78,1962.0,1981.0,2009
James Madison,21.0,15.0,0.583,-1.14,-2.91,2540.0,2465.0,2009
Kansas,27.0,8.0,0.771,18.02,7.9,2674.0,2290.0,2009
Kansas City,7.0,24.0,0.226,-10.11,-1.25,2008.0,2263.0,2009
Kansas State,22.0,12.0,0.647,12.18,5.24,2556.0,2266.0,2009
Kennesaw State,7.0,22.0,0.241,,,1690.0,1990.0,2009
Kent State,19.0,15.0,0.559,0.66,-0.97,2343.0,2199.0,2009
Kentucky,22.0,14.0,0.611,12.69,4.82,2669.0,2386.0,2009
La Salle,18.0,13.0,0.581,3.45,1.12,2207.0,2135.0,2009
Lafayette,8.0,22.0,0.267,-14.08,-6.14,1959.0,2197.0,2009
Lamar,15.0,15.0,0.5,-5.0,-1.04,2198.0,2156.0,2009
Lehigh,15.0,14.0,0.517,-8.31,-8.28,1854.0,1827.0,2009
Liberty,23.0,12.0,0.657,-5.39,-5.49,2644.0,2493.0,2009
Lipscomb,17.0,14.0,0.548,-2.58,-3.49,2368.0,2161.0,2009
nan,,,,,,,,2009
School,,,,,,,,2009
Little Rock,23.0,8.0,0.742,-0.66,-3.72,2059.0,1964.0,2009
Long Beach State,15.0,15.0,0.5,-1.57,-0.27,2138.0,2177.0,2009
Long Island University,16.0,14.0,0.533,-6.92,-8.63,2119.0,2058.0,2009
Longwood,17.0,14.0,0.548,-12.38,-6.51,2400.0,2349.0,2009
Louisiana,10.0,20.0,0.333,-6.3,-2.23,1999.0,2116.0,2009
Louisiana State,27.0,8.0,0.771,11.87,3.27,2617.0,2316.0,2009
Louisiana Tech,15.0,18.0,0.455,-2.38,-1.98,2088.0,2083.0,2009
Louisiana-Monroe,10.0,20.0,0.333,-11.75,-3.2,1961.0,2155.0,2009
Louisville,31.0,6.0,0.838,20.87,8.41,2748.0,2287.0,2009
Loyola (IL),14.0,18.0,0.438,-5.51,-0.67,2026.0,2154.0,2009
Loyola (MD),12.0,20.0,0.375,-5.65,-0.65,2147.0,2294.0,2009
Loyola Marymount,3.0,28.0,0.097,-14.79,1.8,1726.0,2214.0,2009
Maine,9.0,21.0,0.3,-11.33,-4.4,1980.0,2085.0,2009
Manhattan,16.0,14.0,0.533,-4.09,-3.4,1931.0,1927.0,2009
Marist,10.0,23.0,0.303,-7.24,-1.85,2111.0,2289.0,2009
Marquette,25.0,10.0,0.714,15.06,7.87,2739.0,2432.0,2009
Marshall,15.0,17.0,0.469,0.14,2.73,2276.0,2255.0,2009
Maryland,21.0,14.0,0.6,11.1,8.99,2512.0,2419.0,2009
Maryland-Baltimore County,15.0,17.0,0.469,-8.74,-4.16,2102.0,2207.0,2009
Maryland-Eastern Shore,7.0,23.0,0.233,-22.6,-8.8,1757.0,2089.0,2009
nan,,,,,,,,2009
School,,,,,,,,2009
Massachusetts,12.0,18.0,0.4,0.64,3.54,2146.0,2211.0,2009
McNeese State,11.0,18.0,0.379,-5.47,-3.99,1853.0,1865.0,2009
Memphis,33.0,4.0,0.892,20.92,4.63,2779.0,2176.0,2009
Mercer,17.0,15.0,0.531,-7.1,0.12,2392.0,2429.0,2009
Miami (FL),19.0,13.0,0.594,11.76,9.04,2325.0,2123.0,2009
Miami (OH),17.0,13.0,0.567,3.16,0.46,1847.0,1766.0,2009
Michigan,21.0,14.0,0.6,11.9,9.74,2341.0,2213.0,2009
Michigan State,31.0,7.0,0.816,17.71,9.37,2737.0,2420.0,2009
Middle Tennessee,18.0,14.0,0.563,-1.32,-2.78,2254.0,2114.0,2009
Milwaukee,17.0,14.0,0.548,-0.54,0.8,2108.0,2108.0,2009
Minnesota,22.0,11.0,0.667,11.32,7.19,2189.0,2032.0,2009
Mississippi,16.0,15.0,0.516,5.82,5.41,2254.0,2241.0,2009
Mississippi State,23.0,13.0,0.639,9.1,4.62,2677.0,2479.0,2009
Mississippi Valley State,7.0,25.0,0.219,-18.44,-7.22,2029.0,2388.0,2009
Missouri,31.0,7.0,0.816,19.56,6.72,3096.0,2571.0,2009
Missouri State,11.0,20.0,0.355,-1.9,1.9,1887.0,1984.0,2009
Monmouth,8.0,23.0,0.258,-14.84,-5.91,1925.0,2188.0,2009
Montana,17.0,12.0,0.586,-2.92,-3.53,1905.0,1868.0,2009
Montana State,14.0,17.0,0.452,-6.38,-2.45,2053.0,2152.0,2009
Morehead State,20.0,16.0,0.556,-3.14,-3.61,2511.0,2411.0,2009
nan,,,,,,,,2009
School,,,,,,,,2009
Morgan State,23.0,12.0,0.657,-2.29,-6.53,2333.0,2182.0,2009
Mount St. Mary's,19.0,14.0,0.576,-1.47,-5.78,2241.0,2079.0,2009
Murray State,19.0,12.0,0.613,-0.09,-3.95,2119.0,1959.0,2009
Navy,19.0,11.0,0.633,-5.35,-7.68,2129.0,2059.0,2009
NC State,16.0,14.0,0.533,8.38,6.74,2189.0,2087.0,2009
Nebraska,18.0,13.0,0.581,8.92,4.82,1999.0,1872.0,2009
Nevada,21.0,13.0,0.618,4.28,1.4,2400.0,2249.0,2009
Nevada-Las Vegas,21.0,11.0,0.656,8.68,4.34,2200.0,2061.0,2009
New Hampshire,14.0,16.0,0.467,-9.4,-5.57,1876.0,1936.0,2009
New Mexico,22.0,12.0,0.647,11.37,3.6,2510.0,2246.0,2009
New Mexico State,17.0,15.0,0.531,2.25,0.28,2443.0,2380.0,2009
New Orleans,11.0,19.0,0.367,-9.79,-4.08,1863.0,2000.0,2009
Niagara,26.0,9.0,0.743,6.21,-2.25,2665.0,2369.0,2009
Nicholls State,20.0,11.0,0.645,-3.08,-4.08,2029.0,1866.0,2009
NJIT,1.0,30.0,0.032,,,1545.0,2083.0,2009
Norfolk State,13.0,18.0,0.419,-13.31,-9.49,2119.0,2219.0,2009
North Carolina,34.0,4.0,0.895,25.46,8.35,3413.0,2735.0,2009
North Carolina A&T,16.0,16.0,0.5,-13.0,-8.37,2145.0,2138.0,2009
North Carolina Central,4.0,27.0,0.129,,,1888.0,2468.0,2009
North Dakota State,26.0,7.0,0.788,6.18,-2.72,2659.0,2279.0,2009
nan,,,,,,,,2009
School,,,,,,,,2009
North Florida,8.0,22.0,0.267,,,1697.0,2095.0,2009
North Texas,20.0,12.0,0.625,-1.14,-2.77,2472.0,2390.0,2009
Northeastern,19.0,13.0,0.594,1.91,-0.24,2001.0,1932.0,2009
Northern Arizona,8.0,19.0,0.296,-6.14,-1.7,1795.0,1829.0,2009
Northern Colorado,14.0,18.0,0.438,-4.57,-3.64,2259.0,2266.0,2009
Northern Illinois,10.0,20.0,0.333,-10.0,-5.13,1985.0,2123.0,2009
Northern Iowa,23.0,11.0,0.676,5.63,2.24,2290.0,2158.0,2009
Northwestern,17.0,14.0,0.548,8.56,6.93,1967.0,1876.0,2009
Northwestern State,11.0,20.0,0.355,-18.7,-3.34,2188.0,2475.0,2009
Notre Dame,21.0,15.0,0.583,12.26,8.7,2727.0,2544.0,2009
Oakland,23.0,13.0,0.639,1.8,-1.6,2699.0,2546.0,2009
Ohio,15.0,17.0,0.469,-1.56,-1.4,2075.0,2080.0,2009
Ohio State,22.0,11.0,0.667,12.48,8.23,2206.0,2046.0,2009
Oklahoma,30.0,6.0,0.833,18.07,6.88,2833.0,2430.0,2009
Oklahoma State,23.0,12.0,0.657,13.78,7.44,2830.0,2608.0,2009
Old Dominion,25.0,10.0,0.714,2.86,-2.23,2333.0,2110.0,2009
Oral Roberts,16.0,15.0,0.516,3.68,-0.05,2194.0,2058.0,2009
Oregon,8.0,23.0,0.258,1.51,10.28,2088.0,2360.0,2009
Oregon State,18.0,18.0,0.5,4.25,7.55,2189.0,2279.0,2009
Pacific,21.0,13.0,0.618,2.22,-1.59,2254.0,2120.0,2009
nan,,,,,,,,2009
School,,,,,,,,2009
Penn State,27.0,11.0,0.711,9.49,5.71,2545.0,2378.0,2009
Pennsylvania,10.0,18.0,0.357,-7.78,-3.33,1835.0,1935.0,2009
Pepperdine,9.0,23.0,0.281,-11.23,1.88,1974.0,2342.0,2009
Pittsburgh,31.0,5.0,0.861,21.21,8.61,2787.0,2320.0,2009
Portland,19.0,13.0,0.594,2.89,-0.05,2249.0,2154.0,2009
Portland State,23.0,10.0,0.697,1.14,-3.16,2417.0,2262.0,2009
Prairie View,17.0,16.0,0.515,-12.47,-9.81,2318.0,2235.0,2009
Presbyterian,12.0,17.0,0.414,,,1729.0,1867.0,2009
Princeton,13.0,14.0,0.481,-7.82,-7.66,1561.0,1545.0,2009
Providence,19.0,14.0,0.576,7.82,7.23,2577.0,2531.0,2009
Purdue,27.0,10.0,0.73,16.44,7.17,2555.0,2212.0,2009
Purdue Fort Wayne,13.0,17.0,0.433,-5.42,-0.64,1970.0,2055.0,2009
Quinnipiac,15.0,16.0,0.484,-9.16,-8.57,2058.0,2088.0,2009
Radford,21.0,12.0,0.636,-4.55,-4.37,2491.0,2372.0,2009
Rhode Island,23.0,11.0,0.676,7.89,1.21,2696.0,2469.0,2009
Rice,10.0,22.0,0.313,-5.05,3.18,2040.0,2273.0,2009
Richmond,20.0,16.0,0.556,2.61,1.08,2518.0,2431.0,2009
Rider,19.0,13.0,0.594,-2.63,-2.98,2303.0,2271.0,2009
Robert Morris,24.0,11.0,0.686,-0.7,-5.23,2467.0,2288.0,2009
Rutgers,11.0,21.0,0.344,1.07,6.6,2021.0,2131.0,2009
nan,,,,,,,,2009
School,,,,,,,,2009
Sacramento State,2.0,27.0,0.069,-17.77,-2.29,1652.0,2100.0,2009
Sacred Heart,17.0,14.0,0.548,-4.4,-6.85,2277.0,2167.0,2009
Saint Francis (PA),6.0,23.0,0.207,-15.7,-6.24,1771.0,2041.0,2009
Saint Joseph's,17.0,15.0,0.531,4.21,2.21,2184.0,2120.0,2009
Saint Louis,18.0,14.0,0.563,1.02,0.99,1977.0,1944.0,2009
Saint Mary's (CA),28.0,7.0,0.8,9.52,1.49,2569.0,2243.0,2009
Saint Peter's,11.0,19.0,0.367,-8.39,-3.43,1780.0,1911.0,2009
Sam Houston,18.0,12.0,0.6,-0.39,-2.59,2279.0,2078.0,2009
Samford,16.0,16.0,0.5,-8.28,-6.38,1972.0,1990.0,2009
San Diego,16.0,16.0,0.5,-0.37,1.57,1973.0,1953.0,2009
San Diego State,26.0,10.0,0.722,11.54,4.74,2416.0,2147.0,2009
San Francisco,11.0,19.0,0.367,-5.91,0.3,2030.0,2113.0,2009
San Jose State,13.0,17.0,0.433,-2.64,0.44,2024.0,2040.0,2009
Santa Clara,16.0,17.0,0.485,-0.55,0.41,2164.0,2119.0,2009
Savannah State,15.0,14.0,0.517,-12.95,-1.16,1733.0,1805.0,2009
Seton Hall,17.0,15.0,0.531,7.53,6.47,2376.0,2331.0,2009
Siena,27.0,8.0,0.771,8.05,0.99,2709.0,2462.0,2009
South Alabama,20.0,13.0,0.606,-2.62,-3.75,2301.0,2204.0,2009
South Carolina,21.0,10.0,0.677,8.78,4.2,2425.0,2209.0,2009
South Carolina State,17.0,14.0,0.548,-10.31,-9.47,2166.0,2092.0,2009
nan,,,,,,,,2009
School,,,,,,,,2009
South Carolina Upstate,9.0,21.0,0.3,,,1812.0,2055.0,2009
South Dakota State,13.0,20.0,0.394,-5.83,-1.45,2280.0,2346.0,2009
South Florida,9.0,22.0,0.29,2.63,8.18,1830.0,2002.0,2009
Southeast Missouri State,3.0,27.0,0.1,-18.72,-3.75,2035.0,2416.0,2009
Southeastern Louisiana,13.0,17.0,0.433,-6.22,-2.89,2127.0,2007.0,2009
Southern,8.0,23.0,0.258,-17.64,-11.5,1957.0,2173.0,2009
Southern California,22.0,13.0,0.629,14.09,9.15,2397.0,2224.0,2009
Southern Illinois,13.0,18.0,0.419,0.35,3.19,1966.0,2037.0,2009
SIU Edwardsville,10.0,20.0,0.333,,,2116.0,2292.0,2009
Southern Methodist,9.0,21.0,0.3,-3.27,3.62,1937.0,2047.0,2009
Southern Mississippi,15.0,17.0,0.469,1.54,3.81,2136.0,2133.0,2009
Southern Utah,11.0,20.0,0.355,-5.44,-2.12,2017.0,2114.0,2009
St. Bonaventure,15.0,15.0,0.5,-2.57,-1.12,2103.0,2135.0,2009
St. Francis (NY),10.0,20.0,0.333,-12.66,-6.66,1970.0,2128.0,2009
St. John's (NY),16.0,18.0,0.471,4.28,6.83,2242.0,2298.0,2009
Stanford,20.0,14.0,0.588,10.58,6.91,2488.0,2332.0,2009
Stephen F. Austin,24.0,8.0,0.75,1.1,-3.21,2099.0,1795.0,2009
Stetson,13.0,17.0,0.433,-6.88,1.17,1989.0,2058.0,2009
Stony Brook,16.0,14.0,0.533,-4.82,-6.49,1951.0,1828.0,2009
Syracuse,28.0,10.0,0.737,17.24,9.48,3046.0,2725.0,2009
nan,,,,,,,,2009
School,,,,,,,,2009
TCU,14.0,17.0,0.452,2.23,3.96,1978.0,1988.0,2009
Temple,22.0,12.0,0.647,9.05,3.9,2333.0,2158.0,2009
Tennessee,21.0,13.0,0.618,13.6,7.71,2665.0,2465.0,2009
Tennessee State,12.0,18.0,0.4,-10.79,-4.47,2185.0,2353.0,2009
Tennessee Tech,12.0,18.0,0.4,-6.64,-4.68,2209.0,2189.0,2009
Tennessee-Martin,22.0,10.0,0.688,0.06,-4.9,2523.0,2242.0,2009
Texas,23.0,12.0,0.657,14.83,8.09,2532.0,2296.0,2009
Texas A&M,24.0,10.0,0.706,10.52,6.13,2440.0,2281.0,2009
Texas A&M-Corpus Christi,18.0,15.0,0.545,-3.49,-1.46,2255.0,2228.0,2009
Texas Southern,7.0,25.0,0.219,-16.56,-7.46,2063.0,2354.0,2009
Texas State,14.0,16.0,0.467,-4.73,-3.93,2445.0,2319.0,2009
Texas Tech,14.0,19.0,0.424,5.04,8.04,2563.0,2607.0,2009
Texas-Rio Grande Valley,10.0,17.0,0.37,-13.68,-3.01,1763.0,1871.0,2009
The Citadel,20.0,13.0,0.606,-4.48,-5.98,2206.0,2134.0,2009
Toledo,7.0,25.0,0.219,-10.48,-0.96,1893.0,2173.0,2009
Towson,12.0,22.0,0.353,-7.3,-1.27,2213.0,2399.0,2009
Troy,19.0,13.0,0.594,-3.64,-4.22,2500.0,2470.0,2009
Tulane,14.0,17.0,0.452,-1.3,0.9,2017.0,2055.0,2009
Tulsa,25.0,11.0,0.694,8.41,4.84,2405.0,2210.0,2009
UAB,22.0,12.0,0.647,10.05,3.67,2461.0,2244.0,2009
nan,,,,,,,,2009
School,,,,,,,,2009
UC Davis,13.0,19.0,0.406,-4.13,-3.4,2338.0,2372.0,2009
UC Irvine,12.0,19.0,0.387,-5.8,-1.8,2028.0,2134.0,2009
UC Riverside,17.0,13.0,0.567,-5.22,-3.76,1806.0,1818.0,2009
UC Santa Barbara,16.0,15.0,0.516,-1.74,-1.1,2030.0,2021.0,2009
UCF,17.0,14.0,0.548,1.73,1.26,2222.0,2166.0,2009
UCLA,26.0,9.0,0.743,18.64,7.19,2642.0,2241.0,2009
UNC Asheville,15.0,16.0,0.484,-11.34,-4.19,2261.0,2410.0,2009
UNC Greensboro,5.0,25.0,0.167,-16.01,-4.33,1888.0,2216.0,2009
UNC Wilmington,7.0,25.0,0.219,-13.82,-0.66,2280.0,2673.0,2009
UT Arlington,16.0,14.0,0.533,-2.37,-3.37,2341.0,2223.0,2009
Utah,24.0,10.0,0.706,12.59,5.72,2421.0,2195.0,2009
Utah State,30.0,5.0,0.857,9.33,0.07,2534.0,2169.0,2009
Utah Valley,17.0,11.0,0.607,,,1981.0,1787.0,2009
UTEP,23.0,14.0,0.622,6.67,3.21,2788.0,2660.0,2009
UTSA,19.0,13.0,0.594,-4.67,-4.17,2404.0,2285.0,2009
Valparaiso,9.0,22.0,0.29,-4.43,2.22,1900.0,2031.0,2009
Vanderbilt,19.0,12.0,0.613,8.18,3.81,2185.0,2033.0,2009
Vermont,24.0,9.0,0.727,4.64,-4.27,2533.0,2222.0,2009
Villanova,30.0,8.0,0.789,17.45,8.72,2919.0,2560.0,2009
Virginia,10.0,18.0,0.357,5.87,8.34,1960.0,2029.0,2009
nan,,,,,,,,2009
School,,,,,,,,2009
Virginia Commonwealth,24.0,10.0,0.706,7.7,-0.65,2440.0,2156.0,2009
VMI,24.0,8.0,0.75,-3.3,-7.49,3002.0,2737.0,2009
Virginia Tech,19.0,15.0,0.559,8.79,6.88,2470.0,2405.0,2009
Wagner,16.0,14.0,0.533,-10.39,-8.6,2021.0,2049.0,2009
Wake Forest,24.0,7.0,0.774,15.63,7.36,2510.0,2193.0,2009
Washington,26.0,9.0,0.743,16.78,8.19,2750.0,2431.0,2009
Washington State,17.0,16.0,0.515,11.29,7.5,1954.0,1829.0,2009
Weber State,21.0,10.0,0.677,1.11,-2.39,2175.0,2055.0,2009
West Virginia,23.0,12.0,0.657,18.57,8.34,2521.0,2163.0,2009
Western Carolina,16.0,15.0,0.516,-7.17,-5.13,2293.0,2251.0,2009
Western Illinois,9.0,20.0,0.31,-10.86,-4.04,1701.0,1889.0,2009
Western Kentucky,25.0,9.0,0.735,3.68,-1.23,2454.0,2278.0,2009
Western Michigan,10.0,21.0,0.323,-5.69,-3.19,1918.0,2004.0,2009
Wichita State,17.0,17.0,0.5,2.05,2.08,2138.0,2124.0,2009
William & Mary,10.0,20.0,0.333,-5.97,-2.79,1844.0,1903.0,2009
Winston-Salem,8.0,22.0,0.267,,,1741.0,2022.0,2009
Winthrop,11.0,19.0,0.367,-11.46,-4.54,1833.0,1991.0,2009
Wisconsin,20.0,13.0,0.606,12.43,8.43,2106.0,1948.0,2009
Wofford,16.0,14.0,0.533,-7.04,-5.45,2065.0,2070.0,2009
Wright State,20.0,13.0,0.606,3.2,0.23,1995.0,1897.0,2009
nan,,,,,,,,2009
School,,,,,,,,2009
Wyoming,19.0,14.0,0.576,0.67,3.53,2471.0,2450.0,2009
Xavier,27.0,8.0,0.771,14.45,4.65,2508.0,2165.0,2009
Yale,13.0,15.0,0.464,-7.29,-5.17,1772.0,1784.0,2009
Youngstown State,11.0,19.0,0.367,-5.25,-0.11,1981.0,2067.0,2009
Air Force,10.0,21.0,0.323,-4.9,3.13,1773.0,1957.0,2010
Akron,24.0,11.0,0.686,2.82,-1.5,2472.0,2293.0,2010
Alabama,17.0,15.0,0.531,10.34,6.62,2192.0,2073.0,2010
Alabama A&M,11.0,16.0,0.407,-20.19,-13.71,1778.0,1881.0,2010
Alabama State,16.0,15.0,0.516,-14.41,-12.02,1998.0,2043.0,2010
Albany (NY),7.0,25.0,0.219,-11.94,-5.53,2007.0,2212.0,2010
Alcorn State,2.0,29.0,0.065,-30.36,-9.0,1880.0,2542.0,2010
American,11.0,20.0,0.355,-11.47,-6.89,1941.0,2083.0,2010
Appalachian State,24.0,13.0,0.649,1.8,-2.76,2766.0,2567.0,2010
Arizona,16.0,15.0,0.516,7.97,8.1,2229.0,2233.0,2010
Arizona State,22.0,11.0,0.667,13.8,5.83,2202.0,1938.0,2010
Arkansas,14.0,18.0,0.438,5.87,5.09,2391.0,2366.0,2010
Arkansas State,17.0,14.0,0.548,-4.01,-4.39,2160.0,2065.0,2010
Arkansas-Pine Bluff,18.0,16.0,0.529,-8.29,-7.68,2166.0,2187.0,2010
Army,14.0,15.0,0.483,-9.11,-7.96,1749.0,1768.0,2010
Auburn,15.0,17.0,0.469,5.49,4.68,2422.0,2373.0,2010
Austin Peay,17.0,15.0,0.531,-3.85,-1.68,2320.0,2317.0,2010
Ball State,15.0,15.0,0.5,-4.85,-1.48,1818.0,1871.0,2010
Baylor,28.0,8.0,0.778,17.97,8.03,2771.0,2362.0,2010
Belmont,19.0,12.0,0.613,1.3,-3.41,2266.0,2124.0,2010
nan,,,,,,,,2010
School,,,,,,,,2010
Bethune-Cookman,17.0,16.0,0.515,-13.14,-8.4,2021.0,1996.0,2010
Binghamton,13.0,18.0,0.419,-10.6,-4.31,1909.0,2082.0,2010
Boise State,15.0,17.0,0.469,-1.11,0.68,2370.0,2331.0,2010
Boston College,15.0,16.0,0.484,9.58,7.21,2145.0,2048.0,2010
Boston University,21.0,14.0,0.6,0.57,-3.23,2528.0,2395.0,2010
Bowling Green,14.0,16.0,0.467,-4.7,-0.94,1889.0,1976.0,2010
Bradley,16.0,15.0,0.516,3.74,4.11,2091.0,2089.0,2010
Brigham Young,30.0,6.0,0.833,18.82,3.0,2992.0,2392.0,2010
Brown,11.0,20.0,0.355,-10.68,-3.82,2073.0,2231.0,2010
Bryant,1.0,29.0,0.033,,,1556.0,2085.0,2010
Bucknell,14.0,17.0,0.452,-7.94,-6.84,2077.0,2107.0,2010
Buffalo,18.0,12.0,0.6,-2.03,-2.27,2170.0,2135.0,2010
Butler,33.0,5.0,0.868,14.37,5.08,2611.0,2258.0,2010
Cal Poly,12.0,19.0,0.387,-7.99,-2.31,2176.0,2335.0,2010
Cal State Bakersfield,7.0,22.0,0.241,,,1907.0,2163.0,2010
Cal State Fullerton,16.0,15.0,0.516,-2.87,-1.55,2303.0,2263.0,2010
Cal State Northridge,11.0,21.0,0.344,-5.81,-1.06,2282.0,2412.0,2010
California,24.0,11.0,0.686,17.29,8.26,2703.0,2387.0,2010
Campbell,19.0,11.0,0.633,-3.13,-4.96,2057.0,1900.0,2010
Canisius,15.0,17.0,0.469,-5.19,-4.09,2125.0,2160.0,2010
nan,,,,,,,,2010
School,,,,,,,,2010
Centenary (LA),8.0,21.0,0.276,-17.16,-5.08,2056.0,2320.0,2010
Central Arkansas,9.0,21.0,0.3,,,1897.0,2009.0,2010
Central Connecticut State,12.0,18.0,0.4,-14.68,-9.68,1834.0,1935.0,2010
Central Michigan,15.0,15.0,0.5,-3.58,-3.58,1937.0,1924.0,2010
Charleston Southern,13.0,17.0,0.433,-13.25,-8.12,2062.0,2030.0,2010
Charlotte,19.0,12.0,0.613,3.96,3.0,2276.0,2205.0,2010
Chattanooga,15.0,18.0,0.455,-8.56,-3.68,2305.0,2379.0,2010
Chicago State,9.0,23.0,0.281,-21.8,-7.61,2010.0,2287.0,2010
Cincinnati,19.0,16.0,0.543,9.98,8.45,2408.0,2327.0,2010
Clemson,21.0,11.0,0.656,15.71,7.9,2350.0,2065.0,2010
Cleveland State,16.0,17.0,0.485,0.57,2.12,2283.0,2254.0,2010
Coastal Carolina,28.0,7.0,0.8,-0.78,-10.14,2584.0,2103.0,2010
Colgate,10.0,19.0,0.345,-11.34,-6.52,1955.0,2069.0,2010
College of Charleston,22.0,12.0,0.647,-0.81,-2.46,2549.0,2493.0,2010
Colorado,15.0,16.0,0.484,7.01,7.7,2313.0,2299.0,2010
Colorado State,16.0,16.0,0.5,1.35,3.61,2120.0,2134.0,2010
Columbia,11.0,17.0,0.393,-11.75,-6.04,1686.0,1828.0,2010
Connecticut,18.0,16.0,0.529,12.5,9.15,2380.0,2266.0,2010
Coppin State,8.0,22.0,0.267,-14.89,-6.81,1833.0,2029.0,2010
Cornell,29.0,5.0,0.853,8.76,-0.91,2596.0,2192.0,2010
nan,,,,,,,,2010
School,,,,,,,,2010
Creighton,18.0,16.0,0.529,3.59,3.15,2374.0,2320.0,2010
Dartmouth,5.0,23.0,0.179,-18.46,-5.46,1513.0,1835.0,2010
Davidson,16.0,15.0,0.516,-2.26,-1.26,2240.0,2200.0,2010
Dayton,25.0,12.0,0.676,13.25,5.61,2599.0,2305.0,2010
Delaware,7.0,24.0,0.226,-7.86,1.37,1965.0,2251.0,2010
Delaware State,17.0,12.0,0.586,-9.08,-7.6,1697.0,1691.0,2010
Denver,19.0,13.0,0.594,-2.76,-4.89,2079.0,2012.0,2010
DePaul,8.0,23.0,0.258,1.61,7.58,1891.0,2073.0,2010
Detroit Mercy,20.0,14.0,0.588,1.35,-1.59,2360.0,2234.0,2010
Drake,14.0,19.0,0.424,0.54,3.34,2197.0,2259.0,2010
Drexel,16.0,16.0,0.5,-0.03,0.19,2044.0,2051.0,2010
Duke,35.0,5.0,0.875,25.21,9.21,3079.0,2441.0,2010
Duquesne,16.0,16.0,0.5,0.79,1.95,2251.0,2284.0,2010
East Carolina,10.0,21.0,0.323,-5.91,4.42,2082.0,2323.0,2010
East Tennessee State,20.0,15.0,0.571,-0.83,-1.47,2424.0,2362.0,2010
Eastern Illinois,19.0,12.0,0.613,-5.0,-5.0,2112.0,2023.0,2010
Eastern Kentucky,20.0,13.0,0.606,-2.07,-5.16,2351.0,2208.0,2010
Eastern Michigan,17.0,15.0,0.531,-3.46,-3.59,2124.0,2096.0,2010
Eastern Washington,9.0,21.0,0.3,-11.91,-1.91,2065.0,2288.0,2010
Elon,9.0,23.0,0.281,-10.4,-3.04,2141.0,2335.0,2010
nan,,,,,,,,2010
School,,,,,,,,2010
Evansville,9.0,21.0,0.3,-4.61,1.82,1944.0,2068.0,2010
Fairfield,23.0,11.0,0.676,0.4,-3.33,2414.0,2287.0,2010
FDU,11.0,21.0,0.344,-15.56,-6.42,2027.0,2279.0,2010
Florida,21.0,13.0,0.618,11.89,7.16,2455.0,2258.0,2010
Florida A&M,9.0,22.0,0.29,-18.8,-6.41,1965.0,2270.0,2010
Florida Atlantic,14.0,16.0,0.467,-4.48,-3.3,2202.0,2205.0,2010
Florida Gulf Coast,8.0,21.0,0.276,,,1875.0,2082.0,2010
Florida International,7.0,25.0,0.219,-12.81,-2.74,2176.0,2469.0,2010
Florida State,22.0,10.0,0.688,14.64,6.79,2183.0,1932.0,2010
Fordham,2.0,26.0,0.071,-13.18,2.08,1793.0,2220.0,2010
Fresno State,15.0,18.0,0.455,0.14,1.31,2188.0,2207.0,2010
Furman,13.0,17.0,0.433,-7.01,-4.83,2052.0,2059.0,2010
Gardner-Webb,8.0,21.0,0.276,-20.32,-5.61,2005.0,2257.0,2010
George Mason,17.0,15.0,0.531,-0.44,0.06,2145.0,2161.0,2010
George Washington,16.0,15.0,0.516,3.12,0.96,2180.0,2113.0,2010
Georgetown,23.0,11.0,0.676,17.03,9.56,2500.0,2246.0,2010
Georgia,14.0,17.0,0.452,7.33,8.04,2128.0,2150.0,2010
Georgia Southern,9.0,23.0,0.281,-12.57,-1.67,2260.0,2529.0,2010
Georgia State,12.0,20.0,0.375,-3.74,-1.48,1993.0,2039.0,2010
Georgia Tech,23.0,13.0,0.639,14.11,9.02,2621.0,2365.0,2010
nan,,,,,,,,2010
School,,,,,,,,2010
Gonzaga,27.0,7.0,0.794,12.11,3.83,2614.0,2291.0,2010
Grambling,7.0,21.0,0.25,-23.05,-12.75,1784.0,2048.0,2010
Green Bay,22.0,13.0,0.629,0.33,0.75,2397.0,2341.0,2010
Hampton,14.0,18.0,0.438,-6.75,-8.36,2102.0,2050.0,2010
Hartford,8.0,22.0,0.267,-13.77,-6.04,1868.0,2100.0,2010
Harvard,21.0,8.0,0.724,1.59,-3.91,2145.0,1928.0,2010
Hawaii,10.0,20.0,0.333,-4.91,0.33,2044.0,2187.0,2010
High Point,15.0,15.0,0.5,-14.63,-9.3,2169.0,2203.0,2010
Hofstra,19.0,15.0,0.559,1.65,-0.02,2406.0,2320.0,2010
Holy Cross,9.0,22.0,0.29,-8.03,-5.57,2147.0,2223.0,2010
Houston,19.0,16.0,0.543,6.74,3.48,2751.0,2624.0,2010
Houston Christian,12.0,21.0,0.364,,,2347.0,2604.0,2010
Howard,7.0,25.0,0.219,-19.49,-7.27,1868.0,2251.0,2010
Idaho,15.0,16.0,0.484,-0.19,0.48,2206.0,2188.0,2010
Idaho State,7.0,22.0,0.241,-10.29,0.13,1927.0,2176.0,2010
Illinois,21.0,15.0,0.583,11.58,9.58,2547.0,2406.0,2010
Illinois State,22.0,11.0,0.667,5.73,1.16,2283.0,2115.0,2010
Illinois-Chicago,8.0,22.0,0.267,-7.58,0.94,1876.0,2110.0,2010
Indiana,10.0,21.0,0.323,0.76,9.37,2053.0,2215.0,2010
Indiana State,17.0,15.0,0.531,1.11,2.4,2113.0,2123.0,2010
nan,,,,,,,,2010
School,,,,,,,,2010
Iona,21.0,10.0,0.677,2.31,-1.85,2050.0,1921.0,2010
Iowa,10.0,22.0,0.313,2.12,8.09,1937.0,2112.0,2010
Iowa State,15.0,17.0,0.469,9.6,8.37,2323.0,2254.0,2010
IU Indy,25.0,11.0,0.694,1.63,-4.08,2681.0,2420.0,2010
Jackson State,19.0,13.0,0.594,-13.21,-10.66,2028.0,2089.0,2010
Jacksonville,20.0,13.0,0.606,-1.71,-2.3,2304.0,2228.0,2010
Jacksonville State,11.0,19.0,0.367,-8.18,-4.22,2088.0,2144.0,2010
James Madison,13.0,20.0,0.394,-4.96,-1.52,2210.0,2307.0,2010
Kansas,33.0,3.0,0.917,24.68,8.25,2937.0,2312.0,2010
Kansas City,12.0,18.0,0.4,-13.88,-4.75,2002.0,2106.0,2010
Kansas State,29.0,8.0,0.784,19.88,10.28,2949.0,2584.0,2010
Kennesaw State,13.0,20.0,0.394,-10.08,-3.69,2182.0,2314.0,2010
Kent State,24.0,10.0,0.706,5.28,0.74,2382.0,2213.0,2010
Kentucky,35.0,3.0,0.921,21.13,6.82,3012.0,2468.0,2010
La Salle,12.0,18.0,0.4,-0.28,2.46,2111.0,2193.0,2010
Lafayette,19.0,13.0,0.594,-7.96,-8.99,2320.0,2287.0,2010
Lamar,14.0,18.0,0.438,-11.11,-4.22,2200.0,2288.0,2010
Lehigh,22.0,11.0,0.667,-3.33,-7.79,2478.0,2331.0,2010
Liberty,15.0,16.0,0.484,-13.22,-7.25,2093.0,2114.0,2010
Lipscomb,17.0,13.0,0.567,-2.07,-3.07,2373.0,2255.0,2010
nan,,,,,,,,2010
School,,,,,,,,2010
Little Rock,8.0,22.0,0.267,-10.06,-2.23,2028.0,2194.0,2010
Long Beach State,17.0,16.0,0.515,-0.42,1.55,2344.0,2347.0,2010
Long Island University,14.0,17.0,0.452,-11.56,-8.25,2162.0,2225.0,2010
Longwood,12.0,19.0,0.387,-14.69,-3.74,2297.0,2437.0,2010
Louisiana,13.0,17.0,0.433,-4.74,-4.74,2043.0,2025.0,2010
Louisiana State,11.0,20.0,0.355,0.97,5.93,1905.0,2059.0,2010
Louisiana Tech,24.0,11.0,0.686,2.89,-0.4,2557.0,2442.0,2010
Louisiana-Monroe,12.0,19.0,0.387,-10.75,-5.3,2108.0,2224.0,2010
Louisville,20.0,13.0,0.606,14.08,7.99,2505.0,2304.0,2010
Loyola (IL),14.0,16.0,0.467,-4.85,0.56,1945.0,2017.0,2010
Loyola (MD),13.0,17.0,0.433,-5.23,-4.09,1949.0,1983.0,2010
Loyola Marymount,18.0,16.0,0.529,-1.47,1.32,2578.0,2581.0,2010
Maine,19.0,11.0,0.633,-6.53,-6.26,1931.0,1864.0,2010
Manhattan,11.0,20.0,0.355,-4.68,-2.97,2031.0,2084.0,2010
Marist,1.0,29.0,0.033,-17.21,-2.85,1684.0,2115.0,2010
Marquette,22.0,12.0,0.647,15.17,8.23,2485.0,2198.0,2010
Marshall,24.0,10.0,0.706,7.8,1.57,2717.0,2347.0,2010
Maryland,24.0,9.0,0.727,17.75,7.95,2629.0,2254.0,2010
Maryland-Baltimore County,4.0,26.0,0.133,-16.92,-6.19,1893.0,2215.0,2010
Maryland-Eastern Shore,11.0,21.0,0.344,-16.18,-7.38,1945.0,2216.0,2010
nan,,,,,,,,2010
School,,,,,,,,2010
Massachusetts,12.0,20.0,0.375,-1.76,3.4,2262.0,2396.0,2010
McNeese State,10.0,20.0,0.333,-11.82,-4.34,2032.0,2106.0,2010
Memphis,24.0,10.0,0.706,11.74,3.65,2565.0,2233.0,2010
Mercer,16.0,17.0,0.485,-5.05,-1.2,2514.0,2478.0,2010
Miami (FL),20.0,13.0,0.606,11.35,7.01,2390.0,2136.0,2010
Miami (OH),14.0,18.0,0.438,0.56,1.43,1996.0,2024.0,2010
Michigan,15.0,17.0,0.469,10.04,9.37,2059.0,1970.0,2010
Michigan State,28.0,9.0,0.757,15.33,8.17,2658.0,2361.0,2010
Middle Tennessee,19.0,14.0,0.576,-1.99,-3.33,2282.0,2135.0,2010
Milwaukee,20.0,14.0,0.588,1.23,0.52,2370.0,2314.0,2010
Minnesota,21.0,14.0,0.6,15.64,7.32,2533.0,2242.0,2010
Mississippi,24.0,11.0,0.686,13.46,5.77,2743.0,2474.0,2010
Mississippi State,24.0,12.0,0.667,12.55,4.6,2622.0,2336.0,2010
Mississippi Valley State,9.0,23.0,0.281,-19.69,-9.88,2057.0,2315.0,2010
Missouri,23.0,11.0,0.676,17.39,6.36,2627.0,2252.0,2010
Missouri State,24.0,12.0,0.667,7.57,1.4,2572.0,2350.0,2010
Monmouth,12.0,19.0,0.387,-11.2,-7.82,1976.0,2065.0,2010
Montana,22.0,10.0,0.688,3.93,-2.35,2228.0,1960.0,2010
Montana State,15.0,14.0,0.517,-3.18,-2.45,1992.0,1962.0,2010
Morehead State,24.0,11.0,0.686,3.51,-3.07,2505.0,2216.0,2010
nan,,,,,,,,2010
School,,,,,,,,2010
Morgan State,27.0,10.0,0.73,-1.18,-6.15,2813.0,2606.0,2010
Mount St. Mary's,16.0,15.0,0.516,-4.38,-6.28,2045.0,1959.0,2010
Murray State,31.0,5.0,0.861,8.69,-3.89,2753.0,2175.0,2010
Navy,13.0,17.0,0.433,-12.01,-7.91,2138.0,2261.0,2010
NC State,20.0,16.0,0.556,8.47,7.3,2398.0,2322.0,2010
Nebraska,15.0,18.0,0.455,6.6,6.66,2194.0,2169.0,2010
Nevada,21.0,13.0,0.618,6.5,2.56,2703.0,2551.0,2010
Nevada-Las Vegas,25.0,9.0,0.735,12.57,4.82,2485.0,2168.0,2010
New Hampshire,13.0,17.0,0.433,-9.54,-6.29,1825.0,1873.0,2010
New Mexico,30.0,5.0,0.857,12.49,3.84,2655.0,2352.0,2010
New Mexico State,22.0,12.0,0.647,2.06,1.66,2662.0,2639.0,2010
New Orleans,8.0,22.0,0.267,-13.5,-4.5,1778.0,1986.0,2010
Niagara,18.0,15.0,0.545,0.32,-2.5,2382.0,2289.0,2010
Nicholls State,11.0,19.0,0.367,-10.99,-2.61,1967.0,2114.0,2010
NJIT,10.0,21.0,0.323,-19.59,-8.24,1905.0,2070.0,2010
Norfolk State,11.0,19.0,0.367,-11.89,-6.42,2119.0,2260.0,2010
North Carolina,20.0,17.0,0.541,10.14,9.83,2758.0,2661.0,2010
North Carolina A&T,11.0,22.0,0.333,-12.02,-5.66,2241.0,2376.0,2010
North Carolina Central,7.0,22.0,0.241,,,1748.0,2043.0,2010
North Dakota,8.0,23.0,0.258,,,1941.0,2225.0,2010
nan,,,,,,,,2010
School,,,,,,,,2010
North Dakota State,11.0,18.0,0.379,-8.53,-5.76,2047.0,2087.0,2010
North Florida,13.0,18.0,0.419,-9.53,-2.11,1830.0,2019.0,2010
North Texas,24.0,9.0,0.727,-2.49,-4.72,2437.0,2303.0,2010
Northeastern,20.0,13.0,0.606,6.48,2.21,2124.0,1983.0,2010
Northern Arizona,14.0,14.0,0.5,-7.54,-2.35,1965.0,2003.0,2010
Northern Colorado,25.0,8.0,0.758,2.06,-4.26,2426.0,2202.0,2010
Northern Illinois,10.0,20.0,0.333,-7.64,-2.05,2017.0,2158.0,2010
Northern Iowa,30.0,5.0,0.857,12.03,4.27,2216.0,1929.0,2010
Northwestern,20.0,14.0,0.588,8.32,4.99,2351.0,2238.0,2010
Northwestern State,10.0,19.0,0.345,-14.98,-4.7,2186.0,2333.0,2010
Notre Dame,23.0,12.0,0.657,13.14,6.22,2635.0,2393.0,2010
Oakland,26.0,9.0,0.743,-0.64,-2.96,2676.0,2504.0,2010
Ohio,22.0,15.0,0.595,4.56,-0.03,2763.0,2569.0,2010
Ohio State,29.0,8.0,0.784,19.49,7.37,2740.0,2274.0,2010
Oklahoma,13.0,18.0,0.419,6.24,7.79,2235.0,2283.0,2010
Oklahoma State,22.0,11.0,0.667,12.34,6.97,2437.0,2243.0,2010
Old Dominion,27.0,9.0,0.75,11.39,1.78,2415.0,2069.0,2010
Oral Roberts,20.0,13.0,0.606,-0.88,-3.85,2313.0,2182.0,2010
Oregon,16.0,16.0,0.5,4.0,5.96,2237.0,2247.0,2010
Oregon State,14.0,18.0,0.438,3.76,5.79,1929.0,1989.0,2010
nan,,,,,,,,2010
School,,,,,,,,2010
Pacific,23.0,12.0,0.657,2.9,-1.19,2297.0,2133.0,2010
Penn State,11.0,20.0,0.355,6.58,6.32,2013.0,2005.0,2010
Pennsylvania,6.0,22.0,0.214,-13.31,-3.31,1751.0,2031.0,2010
Pepperdine,7.0,24.0,0.226,-8.44,0.94,2044.0,2316.0,2010
Pittsburgh,25.0,9.0,0.735,14.3,7.39,2336.0,2101.0,2010
Portland,21.0,11.0,0.656,6.35,2.04,2306.0,2117.0,2010
Portland State,13.0,19.0,0.406,-3.49,-1.21,2496.0,2536.0,2010
Prairie View,16.0,14.0,0.533,-15.79,-12.11,1930.0,1865.0,2010
Presbyterian,5.0,26.0,0.161,,,1873.0,2267.0,2010
Princeton,22.0,9.0,0.71,-0.02,-5.56,1871.0,1652.0,2010
Providence,12.0,19.0,0.387,7.04,8.24,2554.0,2547.0,2010
Purdue,29.0,6.0,0.829,17.52,8.81,2467.0,2144.0,2010
Purdue Fort Wayne,16.0,15.0,0.516,-9.42,-4.73,2129.0,2112.0,2010
Quinnipiac,23.0,10.0,0.697,-3.5,-9.37,2415.0,2194.0,2010
Radford,19.0,12.0,0.613,-6.42,-6.9,2217.0,2127.0,2010
Rhode Island,26.0,10.0,0.722,9.16,3.33,2737.0,2528.0,2010
Rice,8.0,23.0,0.258,-5.72,1.15,1983.0,2161.0,2010
Richmond,26.0,9.0,0.743,10.03,3.43,2427.0,2196.0,2010
Rider,17.0,16.0,0.515,-3.71,-1.68,2295.0,2362.0,2010
Robert Morris,23.0,12.0,0.657,-3.71,-6.15,2399.0,2306.0,2010
nan,,,,,,,,2010
School,,,,,,,,2010
Rutgers,15.0,17.0,0.469,1.29,5.91,2160.0,2295.0,2010
Sacramento State,9.0,21.0,0.3,-12.41,-2.65,1935.0,2140.0,2010
Sacred Heart,14.0,15.0,0.483,-11.39,-8.72,2087.0,2123.0,2010
Saint Francis (PA),11.0,19.0,0.367,-15.87,-7.08,1875.0,2104.0,2010
Saint Joseph's,11.0,20.0,0.355,-2.13,3.97,2141.0,2330.0,2010
Saint Louis,23.0,13.0,0.639,5.46,2.55,2283.0,2168.0,2010
Saint Mary's (CA),28.0,6.0,0.824,13.38,2.2,2668.0,2258.0,2010
Saint Peter's,16.0,14.0,0.533,-2.73,-4.57,1863.0,1808.0,2010
Sam Houston,25.0,8.0,0.758,3.71,-3.37,2616.0,2284.0,2010
Samford,11.0,20.0,0.355,-7.32,-2.54,1789.0,1881.0,2010
San Diego,11.0,21.0,0.344,-2.6,1.98,1996.0,2119.0,2010
San Diego State,25.0,9.0,0.735,11.34,4.21,2389.0,2101.0,2010
San Francisco,12.0,18.0,0.4,-3.48,2.82,2116.0,2186.0,2010
San Jose State,14.0,17.0,0.452,-2.06,0.83,2289.0,2342.0,2010
Santa Clara,11.0,21.0,0.344,-5.84,1.66,2049.0,2225.0,2010
Savannah State,11.0,15.0,0.423,-12.9,-5.75,1528.0,1604.0,2010
Seattle,17.0,14.0,0.548,,,2489.0,2488.0,2010
Seton Hall,19.0,13.0,0.594,10.43,5.78,2563.0,2414.0,2010
Siena,27.0,7.0,0.794,8.48,-1.17,2554.0,2226.0,2010
South Alabama,17.0,15.0,0.531,-7.72,-3.82,2124.0,2177.0,2010
nan,,,,,,,,2010
School,,,,,,,,2010
South Carolina,15.0,16.0,0.484,8.26,7.29,2227.0,2197.0,2010
South Carolina State,18.0,14.0,0.563,-9.31,-8.65,2224.0,2225.0,2010
South Carolina Upstate,6.0,23.0,0.207,,,1741.0,1966.0,2010
South Dakota,22.0,10.0,0.688,,,2543.0,2346.0,2010
South Dakota State,14.0,16.0,0.467,-6.05,-5.05,2227.0,2197.0,2010
South Florida,20.0,13.0,0.606,8.72,7.21,2226.0,2176.0,2010
Southeast Missouri State,7.0,23.0,0.233,-14.49,-3.06,1927.0,2172.0,2010
Southeastern Louisiana,19.0,12.0,0.613,-3.97,-6.21,2255.0,2074.0,2010
Southern,5.0,25.0,0.167,-23.96,-10.96,1802.0,2173.0,2010
Southern California,16.0,14.0,0.533,8.93,6.47,1789.0,1715.0,2010
Southern Illinois,15.0,15.0,0.5,3.44,1.27,2104.0,2026.0,2010
SIU Edwardsville,5.0,23.0,0.179,,,1739.0,2122.0,2010
Southern Methodist,14.0,17.0,0.452,2.39,3.78,2053.0,1998.0,2010
Southern Mississippi,20.0,14.0,0.588,4.21,2.25,2200.0,2034.0,2010
Southern Utah,7.0,22.0,0.241,-17.42,-4.75,1861.0,2125.0,2010
St. Bonaventure,15.0,16.0,0.484,1.29,1.96,2173.0,2182.0,2010
St. Francis (NY),11.0,18.0,0.379,-13.83,-8.42,1753.0,1884.0,2010
St. John's (NY),17.0,16.0,0.515,9.23,8.7,2251.0,2190.0,2010
Stanford,14.0,18.0,0.438,5.71,6.5,2212.0,2237.0,2010
Stephen F. Austin,23.0,9.0,0.719,-2.42,-6.9,2126.0,1914.0,2010
nan,,,,,,,,2010
School,,,,,,,,2010
Stetson,7.0,22.0,0.241,-17.62,-2.14,1744.0,2097.0,2010
Stony Brook,22.0,10.0,0.688,-3.64,-7.64,2205.0,2047.0,2010
Syracuse,30.0,5.0,0.857,21.72,7.21,2832.0,2324.0,2010
TCU,13.0,19.0,0.406,-0.25,4.15,2169.0,2269.0,2010
Temple,29.0,6.0,0.829,12.44,4.27,2273.0,1987.0,2010
Tennessee,28.0,9.0,0.757,16.05,7.75,2720.0,2413.0,2010
Tennessee State,9.0,23.0,0.281,-9.57,-2.69,2154.0,2374.0,2010
Tennessee Tech,15.0,17.0,0.469,-9.58,-2.51,2375.0,2474.0,2010
Tennessee-Martin,4.0,25.0,0.138,-17.46,-2.06,1860.0,2215.0,2010
Texas,24.0,10.0,0.706,18.56,7.38,2761.0,2381.0,2010
Texas A&M,24.0,10.0,0.706,15.24,9.8,2426.0,2192.0,2010
Texas A&M-Corpus Christi,17.0,15.0,0.531,-2.05,-2.83,2184.0,2119.0,2010
Texas Southern,17.0,16.0,0.515,-11.12,-11.38,2241.0,2167.0,2010
Texas State,15.0,16.0,0.484,-7.38,-3.3,2392.0,2413.0,2010
Texas Tech,19.0,16.0,0.543,7.97,8.47,2684.0,2662.0,2010
Texas-Rio Grande Valley,6.0,27.0,0.182,-17.31,-4.47,2019.0,2382.0,2010
The Citadel,16.0,16.0,0.5,-3.44,-2.94,1950.0,1914.0,2010
Toledo,4.0,28.0,0.125,-14.39,-0.77,1734.0,2137.0,2010
Towson,10.0,21.0,0.323,-8.46,-0.75,2124.0,2363.0,2010
Troy,20.0,13.0,0.606,-3.04,-2.31,2467.0,2378.0,2010
nan,,,,,,,,2010
School,,,,,,,,2010
Tulane,8.0,22.0,0.267,-3.2,1.5,1864.0,2005.0,2010
Tulsa,23.0,12.0,0.657,8.46,2.84,2500.0,2284.0,2010
UAB,25.0,9.0,0.735,9.46,2.9,2276.0,2053.0,2010
UC Davis,14.0,18.0,0.438,-6.23,-3.01,2225.0,2262.0,2010
UC Irvine,14.0,18.0,0.438,-7.49,-3.75,2162.0,2228.0,2010
UC Riverside,12.0,17.0,0.414,-6.99,-2.61,1833.0,1859.0,2010
UC Santa Barbara,20.0,10.0,0.667,-0.13,-1.09,2028.0,1972.0,2010
UCF,15.0,17.0,0.469,-0.03,2.19,2133.0,2184.0,2010
UCLA,14.0,18.0,0.438,5.7,7.86,2139.0,2195.0,2010
UNC Asheville,15.0,16.0,0.484,-14.36,-6.47,2296.0,2401.0,2010
UNC Greensboro,8.0,23.0,0.258,-8.24,0.63,1966.0,2226.0,2010
UNC Wilmington,9.0,22.0,0.29,-4.35,0.94,2051.0,2215.0,2010
UT Arlington,16.0,14.0,0.533,-8.06,-3.97,2216.0,2205.0,2010
Utah,14.0,17.0,0.452,4.29,4.16,2059.0,2058.0,2010
Utah State,27.0,8.0,0.771,13.62,1.23,2559.0,2097.0,2010
Utah Valley,12.0,18.0,0.4,-16.18,-9.25,1906.0,1954.0,2010
UTEP,26.0,7.0,0.788,12.66,1.96,2484.0,2131.0,2010
UTSA,19.0,11.0,0.633,-2.9,-5.44,2121.0,1983.0,2010
Valparaiso,15.0,17.0,0.469,-2.9,0.34,2344.0,2378.0,2010
Vanderbilt,24.0,9.0,0.727,15.24,7.86,2537.0,2274.0,2010
nan,,,,,,,,2010
School,,,,,,,,2010
Vermont,25.0,10.0,0.714,-1.26,-6.69,2457.0,2267.0,2010
Villanova,25.0,8.0,0.758,16.72,7.75,2700.0,2404.0,2010
Virginia,15.0,16.0,0.484,8.8,6.93,2029.0,1971.0,2010
Virginia Commonwealth,27.0,9.0,0.75,10.23,0.64,2737.0,2392.0,2010
VMI,10.0,19.0,0.345,-19.91,-7.21,2569.0,2799.0,2010
Virginia Tech,25.0,9.0,0.735,11.65,5.13,2473.0,2215.0,2010
Wagner,5.0,26.0,0.161,-18.05,-8.78,1884.0,2164.0,2010
Wake Forest,20.0,11.0,0.645,11.45,8.85,2257.0,2155.0,2010
Washington,26.0,10.0,0.722,15.64,7.49,2851.0,2519.0,2010
Washington State,16.0,15.0,0.516,5.31,4.65,2229.0,2190.0,2010
Weber State,20.0,11.0,0.645,3.71,-1.04,2361.0,2202.0,2010
West Virginia,31.0,7.0,0.816,19.16,10.26,2752.0,2414.0,2010
Western Carolina,22.0,12.0,0.647,-1.24,-2.91,2525.0,2352.0,2010
Western Illinois,13.0,17.0,0.433,-11.84,-5.84,1771.0,1804.0,2010
Western Kentucky,21.0,13.0,0.618,2.32,-2.18,2422.0,2269.0,2010
Western Michigan,18.0,15.0,0.545,0.43,-1.17,2287.0,2195.0,2010
Wichita State,25.0,10.0,0.714,8.06,1.73,2427.0,2162.0,2010
William & Mary,22.0,11.0,0.667,2.82,1.63,2213.0,2129.0,2010
Winston-Salem,12.0,17.0,0.414,,,1806.0,2005.0,2010
Winthrop,19.0,14.0,0.576,-8.68,-7.31,2042.0,2025.0,2010
nan,,,,,,,,2010
School,,,,,,,,2010
Wisconsin,24.0,9.0,0.727,17.84,7.66,2214.0,1878.0,2010
Wofford,26.0,9.0,0.743,4.43,-2.57,2408.0,2134.0,2010
Wright State,20.0,12.0,0.625,6.81,0.16,2163.0,1950.0,2010
Wyoming,10.0,21.0,0.323,-4.58,3.63,2190.0,2309.0,2010
Xavier,26.0,9.0,0.743,16.23,5.94,2793.0,2433.0,2010
Yale,12.0,19.0,0.387,-9.94,-5.6,2067.0,2157.0,2010
Youngstown State,8.0,22.0,0.267,-6.41,0.4,2002.0,2092.0,2010
Air Force,16.0,16.0,0.5,2.71,3.31,2074.0,2082.0,2011
Akron,23.0,13.0,0.639,2.15,-1.02,2524.0,2365.0,2011
Alabama,25.0,12.0,0.676,11.7,4.27,2473.0,2198.0,2011
Alabama A&M,13.0,15.0,0.464,-15.19,-11.75,1808.0,1870.0,2011
Alabama State,17.0,18.0,0.486,-13.37,-10.31,2146.0,2234.0,2011
Albany (NY),16.0,16.0,0.5,-7.05,-5.96,2013.0,2048.0,2011
Alcorn State,4.0,24.0,0.143,-23.02,-8.02,1838.0,2258.0,2011
American,22.0,9.0,0.71,-3.13,-5.64,2051.0,1973.0,2011
Appalachian State,16.0,15.0,0.516,-4.81,-2.95,2265.0,2269.0,2011
Arizona,30.0,8.0,0.789,16.54,7.99,2905.0,2580.0,2011
Arizona State,12.0,19.0,0.387,4.3,7.2,1983.0,2073.0,2011
Arkansas,18.0,13.0,0.581,6.28,2.34,2191.0,2069.0,2011
Arkansas State,17.0,15.0,0.531,-3.38,-3.31,2188.0,2066.0,2011
Arkansas-Pine Bluff,7.0,24.0,0.226,-20.0,-8.03,1850.0,2221.0,2011
Army,11.0,19.0,0.367,-10.71,-6.58,2038.0,2141.0,2011
Auburn,11.0,20.0,0.355,-2.47,2.4,1933.0,2051.0,2011
Austin Peay,20.0,14.0,0.588,-0.15,-3.77,2510.0,2279.0,2011
Ball State,19.0,13.0,0.594,-0.7,-3.4,2164.0,2049.0,2011
Baylor,18.0,13.0,0.581,10.0,4.8,2154.0,1984.0,2011
Belmont,30.0,5.0,0.857,13.07,-4.42,2790.0,2178.0,2011
nan,,,,,,,,2011
School,,,,,,,,2011
Bethune-Cookman,21.0,13.0,0.618,-11.11,-8.04,2241.0,2240.0,2011
Binghamton,8.0,23.0,0.258,-13.81,-5.35,1861.0,2123.0,2011
Boise State,22.0,13.0,0.629,5.48,0.01,2594.0,2382.0,2011
Boston College,21.0,13.0,0.618,9.78,7.31,2440.0,2356.0,2011
Boston University,21.0,14.0,0.6,-2.48,-3.85,2270.0,2222.0,2011
Bowling Green,14.0,19.0,0.424,-5.94,-2.03,2116.0,2215.0,2011
Bradley,12.0,20.0,0.375,-1.52,1.67,2076.0,2164.0,2011
Brigham Young,32.0,5.0,0.865,18.65,5.76,3012.0,2512.0,2011
Brown,11.0,17.0,0.393,-7.27,-4.12,2002.0,2054.0,2011
Bryant,9.0,21.0,0.3,-12.98,-3.12,2001.0,2258.0,2011
Bucknell,25.0,9.0,0.735,2.39,-3.87,2387.0,2174.0,2011
Buffalo,20.0,14.0,0.588,2.93,-2.22,2399.0,2197.0,2011
Butler,28.0,10.0,0.737,11.53,5.02,2707.0,2437.0,2011
Cal Poly,15.0,15.0,0.5,-1.84,-2.39,1779.0,1766.0,2011
Cal State Bakersfield,9.0,19.0,0.321,-11.44,-2.16,1907.0,2167.0,2011
Cal State Fullerton,11.0,20.0,0.355,-7.68,-2.81,2208.0,2326.0,2011
Cal State Northridge,14.0,18.0,0.438,-5.35,-1.55,2232.0,2280.0,2011
California,18.0,15.0,0.545,9.45,9.17,2391.0,2382.0,2011
Campbell,12.0,19.0,0.387,-6.67,-4.27,2032.0,2091.0,2011
Canisius,15.0,15.0,0.5,-2.92,-3.55,2043.0,2024.0,2011
nan,,,,,,,,2011
School,,,,,,,,2011
Centenary (LA),1.0,29.0,0.033,-25.21,-2.85,1775.0,2422.0,2011
Central Arkansas,5.0,24.0,0.172,-19.16,-5.39,1984.0,2216.0,2011
Central Connecticut State,19.0,12.0,0.613,-1.94,-5.97,2170.0,2045.0,2011
Central Michigan,10.0,21.0,0.323,-8.01,-2.41,1841.0,2006.0,2011
Charleston Southern,16.0,16.0,0.5,-4.86,-4.57,2362.0,2197.0,2011
Charlotte,10.0,20.0,0.333,-2.54,1.89,1997.0,2130.0,2011
Chattanooga,16.0,16.0,0.5,-9.44,-2.67,2274.0,2380.0,2011
Chicago State,6.0,26.0,0.188,-27.71,-4.88,2128.0,2772.0,2011
Cincinnati,26.0,9.0,0.743,15.41,6.1,2412.0,2086.0,2011
Clemson,22.0,12.0,0.647,13.76,6.58,2330.0,2086.0,2011
Cleveland State,27.0,9.0,0.75,7.59,1.74,2556.0,2291.0,2011
Coastal Carolina,28.0,6.0,0.824,2.35,-5.15,2597.0,2178.0,2011
Colgate,7.0,23.0,0.233,-15.8,-5.03,1947.0,2270.0,2011
College of Charleston,26.0,11.0,0.703,6.17,-1.05,2821.0,2554.0,2011
Colorado,24.0,14.0,0.632,11.45,5.61,3025.0,2787.0,2011
Colorado State,19.0,13.0,0.594,7.49,5.26,2279.0,2166.0,2011
Columbia,15.0,13.0,0.536,-5.22,-4.81,1982.0,1988.0,2011
Connecticut,32.0,9.0,0.78,17.95,10.44,2967.0,2659.0,2011
Coppin State,16.0,14.0,0.533,-8.7,-7.66,2175.0,2169.0,2011
Cornell,10.0,18.0,0.357,-3.6,-1.6,1906.0,1962.0,2011
nan,,,,,,,,2011
School,,,,,,,,2011
Creighton,23.0,16.0,0.59,4.87,1.41,2684.0,2549.0,2011
Dartmouth,5.0,23.0,0.179,-14.86,-3.39,1667.0,1988.0,2011
Davidson,18.0,15.0,0.545,-0.39,-2.17,2392.0,2266.0,2011
Dayton,22.0,14.0,0.611,4.87,3.2,2413.0,2353.0,2011
Delaware,14.0,17.0,0.452,-3.79,-0.11,1951.0,2065.0,2011
Delaware State,9.0,21.0,0.3,-12.18,-6.39,1874.0,1967.0,2011
Denver,13.0,17.0,0.433,-4.04,-3.48,1800.0,1817.0,2011
DePaul,7.0,24.0,0.226,-1.31,7.53,2104.0,2378.0,2011
Detroit Mercy,17.0,16.0,0.515,1.88,0.91,2459.0,2397.0,2011
Drake,13.0,18.0,0.419,-2.56,0.76,1997.0,2100.0,2011
Drexel,21.0,10.0,0.677,4.02,-0.01,1975.0,1850.0,2011
Duke,32.0,5.0,0.865,24.51,8.32,2993.0,2394.0,2011
Duquesne,19.0,13.0,0.594,10.33,1.49,2494.0,2177.0,2011
East Carolina,18.0,16.0,0.529,1.67,2.99,2319.0,2288.0,2011
East Tennessee State,24.0,12.0,0.667,2.08,-2.12,2515.0,2320.0,2011
Eastern Illinois,9.0,20.0,0.31,-11.41,-4.89,1749.0,1875.0,2011
Eastern Kentucky,15.0,16.0,0.484,-7.34,-6.48,2046.0,1957.0,2011
Eastern Michigan,9.0,22.0,0.29,-9.11,-3.11,1906.0,2030.0,2011
Eastern Washington,10.0,20.0,0.333,-8.5,-2.22,2023.0,2119.0,2011
Elon,14.0,17.0,0.452,-6.54,-3.32,2301.0,2301.0,2011
nan,,,,,,,,2011
School,,,,,,,,2011
Evansville,16.0,16.0,0.5,-0.3,1.8,2122.0,2147.0,2011
Fairfield,25.0,8.0,0.758,2.94,-3.91,2150.0,1924.0,2011
FDU,5.0,24.0,0.172,-13.34,-5.0,1866.0,2108.0,2011
Florida,29.0,8.0,0.784,16.27,7.57,2667.0,2345.0,2011
Florida A&M,12.0,20.0,0.375,-16.82,-8.71,2055.0,2196.0,2011
Florida Atlantic,21.0,11.0,0.656,-2.41,-2.61,2191.0,2137.0,2011
Florida Gulf Coast,10.0,20.0,0.333,-10.27,-3.11,1970.0,2185.0,2011
Florida International,11.0,19.0,0.367,-9.33,-4.23,2150.0,2262.0,2011
Florida State,23.0,11.0,0.676,13.48,6.45,2348.0,2109.0,2011
Fordham,7.0,21.0,0.25,-8.77,1.01,1795.0,2069.0,2011
Fresno State,14.0,17.0,0.452,-0.25,0.58,2096.0,2089.0,2011
Furman,22.0,11.0,0.667,-0.36,-3.65,2271.0,2124.0,2011
Gardner-Webb,11.0,21.0,0.344,-9.22,-2.72,1985.0,2129.0,2011
George Mason,27.0,7.0,0.794,11.66,1.37,2474.0,2124.0,2011
George Washington,17.0,14.0,0.548,-0.1,0.36,2011.0,2025.0,2011
Georgetown,21.0,11.0,0.656,14.61,10.39,2258.0,2123.0,2011
Georgia,21.0,12.0,0.636,10.43,6.13,2267.0,2125.0,2011
Georgia Southern,5.0,27.0,0.156,-15.88,-3.13,2090.0,2423.0,2011
Georgia State,12.0,19.0,0.387,-4.15,-1.92,1919.0,1988.0,2011
Georgia Tech,13.0,18.0,0.419,6.42,5.68,2102.0,2079.0,2011
nan,,,,,,,,2011
School,,,,,,,,2011
Gonzaga,25.0,10.0,0.714,13.86,4.01,2684.0,2307.0,2011
Grambling,12.0,21.0,0.364,-18.45,-10.45,1998.0,2262.0,2011
Green Bay,14.0,18.0,0.438,-0.21,2.18,2154.0,2189.0,2011
Hampton,24.0,9.0,0.727,-5.2,-8.77,2197.0,2070.0,2011
Hartford,11.0,20.0,0.355,-10.04,-5.55,1857.0,1996.0,2011
Harvard,23.0,7.0,0.767,4.88,-1.19,2144.0,1933.0,2011
Hawaii,19.0,13.0,0.594,0.51,-0.87,2216.0,2151.0,2011
High Point,12.0,19.0,0.387,-12.82,-4.47,2050.0,2250.0,2011
Hofstra,21.0,12.0,0.636,-0.03,0.13,2335.0,2300.0,2011
Holy Cross,8.0,21.0,0.276,-6.38,-4.55,1949.0,2002.0,2011
Houston,12.0,18.0,0.4,-2.71,0.55,2061.0,2092.0,2011
Houston Christian,5.0,26.0,0.161,-18.41,-8.72,2140.0,2429.0,2011
Howard,6.0,24.0,0.2,-18.8,-7.3,1753.0,2098.0,2011
Idaho,18.0,14.0,0.563,0.2,-0.64,2172.0,2134.0,2011
Idaho State,9.0,20.0,0.31,-10.76,-1.87,1878.0,2096.0,2011
Illinois,20.0,14.0,0.588,16.72,11.11,2413.0,2222.0,2011
Illinois State,12.0,19.0,0.387,-3.37,-0.66,1893.0,1977.0,2011
Illinois-Chicago,7.0,24.0,0.226,-6.32,1.98,1943.0,2152.0,2011
Indiana,12.0,20.0,0.375,9.03,7.65,2226.0,2182.0,2011
Indiana State,20.0,14.0,0.588,3.41,2.9,2253.0,2192.0,2011
nan,,,,,,,,2011
School,,,,,,,,2011
Iona,25.0,12.0,0.676,7.01,-2.26,2922.0,2579.0,2011
Iowa,11.0,20.0,0.355,7.95,8.79,2084.0,2110.0,2011
Iowa State,16.0,16.0,0.5,8.86,4.55,2395.0,2257.0,2011
IU Indy,19.0,14.0,0.576,0.39,-0.84,2364.0,2282.0,2011
Jackson State,17.0,15.0,0.531,-10.43,-10.86,2096.0,2009.0,2011
Jacksonville,20.0,12.0,0.625,-1.42,-3.68,2176.0,2094.0,2011
Jacksonville State,5.0,25.0,0.167,-11.16,-5.41,1828.0,1974.0,2011
James Madison,21.0,12.0,0.636,2.94,-0.03,2355.0,2257.0,2011
Kansas,35.0,3.0,0.921,24.1,7.62,3084.0,2458.0,2011
Kansas City,16.0,14.0,0.533,-8.91,-4.46,2100.0,2217.0,2011
Kansas State,23.0,11.0,0.676,14.59,8.41,2477.0,2249.0,2011
Kennesaw State,8.0,23.0,0.258,-14.06,-3.29,2017.0,2320.0,2011
Kent State,25.0,12.0,0.676,3.65,0.04,2626.0,2473.0,2011
Kentucky,29.0,9.0,0.763,20.3,8.91,2845.0,2412.0,2011
La Salle,15.0,18.0,0.455,-0.08,1.7,2536.0,2595.0,2011
Lafayette,13.0,19.0,0.406,-7.26,-4.19,2237.0,2310.0,2011
Lamar,13.0,17.0,0.433,-6.69,-5.96,2463.0,2279.0,2011
Lehigh,16.0,15.0,0.516,-4.07,-5.69,2282.0,2232.0,2011
Liberty,19.0,13.0,0.594,-5.62,-4.86,2165.0,2100.0,2011
Lipscomb,17.0,13.0,0.567,-0.96,-2.65,2287.0,2213.0,2011
nan,,,,,,,,2011
School,,,,,,,,2011
Little Rock,19.0,17.0,0.528,-4.32,-2.97,2457.0,2426.0,2011
Long Beach State,22.0,12.0,0.647,3.78,1.69,2489.0,2398.0,2011
Long Island University,27.0,6.0,0.818,2.23,-5.77,2730.0,2466.0,2011
Longwood,12.0,19.0,0.387,-16.02,-3.62,2364.0,2552.0,2011
Louisiana,14.0,15.0,0.483,-5.45,-4.19,2055.0,2067.0,2011
Louisiana State,11.0,21.0,0.344,-2.09,2.26,1991.0,2130.0,2011
Louisiana Tech,12.0,20.0,0.375,-5.99,-0.99,2051.0,2174.0,2011
Louisiana-Monroe,7.0,24.0,0.226,-14.27,-3.96,1859.0,2126.0,2011
Louisville,25.0,10.0,0.714,18.6,8.2,2623.0,2259.0,2011
Loyola (IL),16.0,15.0,0.516,1.73,-1.1,2153.0,2065.0,2011
Loyola (MD),15.0,15.0,0.5,-3.28,-3.68,2023.0,2011.0,2011
Loyola Marymount,11.0,21.0,0.344,-2.79,0.27,2265.0,2312.0,2011
Maine,15.0,15.0,0.5,-4.87,-5.84,2089.0,2010.0,2011
Manhattan,6.0,25.0,0.194,-11.66,-2.01,1862.0,2161.0,2011
Marist,6.0,27.0,0.182,-13.7,-1.46,1979.0,2383.0,2011
Marquette,22.0,15.0,0.595,14.89,8.51,2782.0,2546.0,2011
Marshall,22.0,12.0,0.647,6.32,1.94,2499.0,2291.0,2011
Maryland,19.0,14.0,0.576,15.0,5.76,2536.0,2231.0,2011
Maryland-Baltimore County,5.0,25.0,0.167,-18.47,-4.27,1928.0,2354.0,2011
Maryland-Eastern Shore,9.0,22.0,0.29,-19.35,-7.42,2096.0,2408.0,2011
nan,,,,,,,,2011
School,,,,,,,,2011
Massachusetts,15.0,15.0,0.5,-0.76,1.93,1988.0,2039.0,2011
McNeese State,21.0,12.0,0.636,-4.7,-4.39,2446.0,2354.0,2011
Memphis,25.0,10.0,0.714,6.91,3.14,2524.0,2392.0,2011
Mercer,15.0,18.0,0.455,-4.08,-2.17,2220.0,2258.0,2011
Miami (FL),21.0,15.0,0.583,10.47,6.42,2579.0,2433.0,2011
Miami (OH),16.0,17.0,0.485,-1.58,3.04,2190.0,2319.0,2011
Michigan,21.0,14.0,0.6,14.21,10.68,2328.0,2187.0,2011
Michigan State,19.0,15.0,0.559,13.7,11.67,2338.0,2263.0,2011
Middle Tennessee,16.0,16.0,0.5,-2.74,-4.45,2218.0,2121.0,2011
Milwaukee,19.0,14.0,0.576,1.48,2.51,2266.0,2300.0,2011
Minnesota,17.0,14.0,0.548,11.75,9.79,2137.0,2076.0,2011
Mississippi,20.0,14.0,0.588,8.71,3.92,2513.0,2350.0,2011
Mississippi State,17.0,14.0,0.548,3.38,3.77,2165.0,2177.0,2011
Mississippi Valley State,13.0,19.0,0.406,-13.95,-7.48,2186.0,2393.0,2011
Missouri,23.0,11.0,0.676,14.77,6.5,2748.0,2435.0,2011
Missouri State,26.0,9.0,0.743,8.07,1.35,2444.0,2209.0,2011
Monmouth,9.0,21.0,0.3,-9.67,-4.4,1818.0,1976.0,2011
Montana,21.0,11.0,0.656,2.17,-2.47,2151.0,1950.0,2011
Montana State,13.0,18.0,0.419,-7.01,-3.22,2079.0,2130.0,2011
Morehead State,25.0,10.0,0.714,2.81,-3.13,2412.0,2162.0,2011
nan,,,,,,,,2011
School,,,,,,,,2011
Morgan State,17.0,14.0,0.548,-8.04,-7.72,2061.0,2071.0,2011
Mount St. Mary's,11.0,21.0,0.344,-9.22,-3.47,1940.0,2124.0,2011
Murray State,23.0,9.0,0.719,0.45,-4.85,2194.0,1979.0,2011
Navy,11.0,20.0,0.355,-10.66,-5.56,2113.0,2254.0,2011
NC State,15.0,16.0,0.484,7.02,6.8,2191.0,2184.0,2011
Nebraska,19.0,13.0,0.594,10.54,4.67,2124.0,1936.0,2011
Nevada,13.0,19.0,0.406,0.34,1.88,2245.0,2279.0,2011
Nevada-Las Vegas,24.0,9.0,0.727,14.67,6.0,2363.0,2077.0,2011
New Hampshire,12.0,18.0,0.4,-10.07,-6.32,1749.0,1826.0,2011
New Mexico,22.0,13.0,0.629,11.72,4.9,2562.0,2308.0,2011
New Mexico State,16.0,17.0,0.485,2.11,2.66,2364.0,2316.0,2011
Niagara,9.0,23.0,0.281,-11.89,-3.02,1966.0,2250.0,2011
Nicholls State,14.0,14.0,0.5,-5.72,-4.52,1836.0,1730.0,2011
NJIT,15.0,15.0,0.5,-13.18,-9.64,2065.0,2052.0,2011
Norfolk State,12.0,20.0,0.375,-12.2,-7.45,2238.0,2390.0,2011
North Carolina,29.0,8.0,0.784,18.87,10.15,2868.0,2545.0,2011
North Carolina A&T,15.0,17.0,0.469,-12.06,-6.26,2282.0,2372.0,2011
North Carolina Central,15.0,15.0,0.5,-13.03,-8.03,2062.0,2103.0,2011
North Dakota,19.0,15.0,0.559,-11.83,-8.7,2319.0,2327.0,2011
North Dakota State,14.0,15.0,0.483,-1.54,-3.5,2188.0,2062.0,2011
nan,,,,,,,,2011
School,,,,,,,,2011
North Florida,15.0,19.0,0.441,-6.25,0.31,2208.0,2431.0,2011
North Texas,22.0,11.0,0.667,-1.49,-5.07,2516.0,2358.0,2011
Northeastern,11.0,20.0,0.355,-2.67,1.17,2064.0,2183.0,2011
Northern Arizona,19.0,13.0,0.594,0.62,-3.72,2299.0,2078.0,2011
Northern Colorado,21.0,11.0,0.656,1.39,-2.24,2287.0,2105.0,2011
Northern Illinois,9.0,21.0,0.3,-8.05,-2.26,2055.0,2199.0,2011
Northern Iowa,20.0,14.0,0.588,4.53,2.04,2167.0,2046.0,2011
Northwestern,20.0,14.0,0.588,11.66,7.54,2441.0,2301.0,2011
Northwestern State,18.0,14.0,0.563,-8.88,-7.02,2462.0,2482.0,2011
Notre Dame,27.0,7.0,0.794,18.17,8.43,2558.0,2227.0,2011
Oakland,25.0,10.0,0.714,8.28,0.1,2992.0,2690.0,2011
Ohio,19.0,16.0,0.543,0.59,-1.01,2604.0,2548.0,2011
Ohio State,34.0,3.0,0.919,25.84,8.38,2854.0,2208.0,2011
Oklahoma,14.0,18.0,0.438,3.71,6.42,2111.0,2199.0,2011
Oklahoma State,20.0,14.0,0.588,8.53,6.94,2318.0,2264.0,2011
Old Dominion,27.0,7.0,0.794,9.03,1.76,2231.0,1984.0,2011
Oral Roberts,19.0,16.0,0.543,0.86,-1.17,2615.0,2544.0,2011
Oregon,21.0,18.0,0.538,6.92,6.92,2737.0,2704.0,2011
Oregon State,11.0,20.0,0.355,1.51,5.03,2147.0,2256.0,2011
Pacific,16.0,15.0,0.516,0.75,-0.88,2038.0,1945.0,2011
nan,,,,,,,,2011
School,,,,,,,,2011
Penn State,19.0,15.0,0.559,11.98,11.45,2144.0,2126.0,2011
Pennsylvania,13.0,15.0,0.464,-2.99,-1.64,1868.0,1906.0,2011
Pepperdine,12.0,21.0,0.364,-3.91,1.43,2289.0,2442.0,2011
Pittsburgh,28.0,6.0,0.824,20.82,7.85,2514.0,2073.0,2011
Portland,20.0,12.0,0.625,4.7,2.2,2272.0,2192.0,2011
Portland State,14.0,16.0,0.467,-7.74,-4.47,2169.0,2230.0,2011
Prairie View,10.0,22.0,0.313,-19.63,-8.77,2011.0,2242.0,2011
Presbyterian,13.0,18.0,0.419,-7.72,-2.85,1915.0,2066.0,2011
Princeton,25.0,7.0,0.781,3.71,-1.61,2215.0,2017.0,2011
Providence,15.0,17.0,0.469,6.91,6.44,2426.0,2411.0,2011
Purdue,26.0,8.0,0.765,19.36,8.69,2466.0,2103.0,2011
Purdue Fort Wayne,18.0,12.0,0.6,-2.17,-5.17,2230.0,2103.0,2011
Quinnipiac,22.0,10.0,0.688,-2.08,-6.39,2295.0,2157.0,2011
Radford,5.0,24.0,0.172,-16.76,-2.52,1734.0,2065.0,2011
Rhode Island,20.0,14.0,0.588,3.34,1.9,2316.0,2267.0,2011
Rice,14.0,18.0,0.438,1.67,2.67,2148.0,2149.0,2011
Richmond,29.0,8.0,0.784,11.23,2.79,2577.0,2265.0,2011
Rider,23.0,11.0,0.676,1.62,-2.67,2486.0,2340.0,2011
Robert Morris,18.0,14.0,0.563,-0.8,-2.61,2153.0,2095.0,2011
Rutgers,15.0,17.0,0.469,7.88,7.22,2122.0,2101.0,2011
nan,,,,,,,,2011
School,,,,,,,,2011
Sacramento State,7.0,21.0,0.25,-14.01,-4.05,1729.0,1948.0,2011
Sacred Heart,11.0,18.0,0.379,-9.4,-6.12,1922.0,2017.0,2011
Saint Francis (PA),9.0,21.0,0.3,-11.5,-3.84,1957.0,2187.0,2011
Saint Joseph's,11.0,22.0,0.333,-1.75,3.46,2129.0,2301.0,2011
Saint Louis,12.0,19.0,0.387,2.83,3.06,1953.0,1933.0,2011
Saint Mary's (CA),25.0,9.0,0.735,13.04,1.95,2684.0,2253.0,2011
Saint Peter's,20.0,14.0,0.588,-0.28,-1.08,2069.0,2042.0,2011
Sam Houston,18.0,13.0,0.581,-2.38,-3.9,2161.0,2049.0,2011
Samford,12.0,19.0,0.387,-11.39,-4.22,1880.0,2072.0,2011
San Diego,6.0,24.0,0.2,-8.6,3.18,1826.0,2114.0,2011
San Diego State,34.0,3.0,0.919,17.96,6.36,2660.0,2192.0,2011
San Francisco,19.0,15.0,0.559,1.78,3.06,2384.0,2401.0,2011
San Jose State,17.0,16.0,0.515,-1.54,-0.08,2391.0,2405.0,2011
Santa Clara,24.0,14.0,0.632,3.06,1.25,2810.0,2690.0,2011
Savannah State,12.0,18.0,0.4,-9.06,-2.44,1818.0,1808.0,2011
Seattle,11.0,20.0,0.355,-9.26,-2.36,2138.0,2352.0,2011
Seton Hall,13.0,18.0,0.419,11.03,9.33,2092.0,2039.0,2011
Siena,13.0,18.0,0.419,-3.83,-1.71,2103.0,2169.0,2011
South Alabama,12.0,16.0,0.429,-9.8,-4.34,1969.0,2041.0,2011
South Carolina,14.0,16.0,0.467,4.17,5.6,2027.0,2070.0,2011
nan,,,,,,,,2011
School,,,,,,,,2011
South Carolina State,10.0,22.0,0.313,-16.71,-8.57,2119.0,2276.0,2011
South Carolina Upstate,5.0,25.0,0.167,-12.44,-0.94,1746.0,2091.0,2011
South Dakota,18.0,15.0,0.545,-9.72,-10.48,2632.0,2507.0,2011
South Dakota State,19.0,12.0,0.613,3.1,-4.04,2533.0,2285.0,2011
South Florida,10.0,23.0,0.303,4.28,8.89,2044.0,2196.0,2011
Southeast Missouri State,10.0,22.0,0.313,-12.27,-5.4,2117.0,2281.0,2011
Southeastern Louisiana,15.0,14.0,0.517,-8.93,-5.4,2031.0,2003.0,2011
Southern,4.0,26.0,0.133,-25.62,-9.47,1701.0,2162.0,2011
Southern California,19.0,15.0,0.559,11.52,7.97,2252.0,2131.0,2011
Southern Illinois,13.0,19.0,0.406,-2.46,1.48,1953.0,2079.0,2011
SIU Edwardsville,8.0,21.0,0.276,-22.39,-3.67,1879.0,2248.0,2011
Southern Methodist,20.0,15.0,0.571,1.04,-0.39,2262.0,2147.0,2011
Southern Mississippi,22.0,10.0,0.688,8.41,1.9,2371.0,2093.0,2011
Southern Utah,11.0,19.0,0.367,-7.8,-3.44,2077.0,2192.0,2011
St. Bonaventure,16.0,15.0,0.516,1.31,1.73,2156.0,2169.0,2011
St. Francis (NY),15.0,15.0,0.5,-5.45,-5.85,2002.0,1990.0,2011
St. John's (NY),21.0,12.0,0.636,13.1,10.01,2313.0,2211.0,2011
Stanford,15.0,16.0,0.484,6.4,5.17,2058.0,2020.0,2011
Stephen F. Austin,18.0,11.0,0.621,-3.29,-7.73,1926.0,1643.0,2011
Stetson,8.0,23.0,0.258,-10.73,-2.86,1986.0,2228.0,2011
nan,,,,,,,,2011
School,,,,,,,,2011
Stony Brook,15.0,17.0,0.469,-6.85,-6.2,1951.0,1934.0,2011
Syracuse,27.0,8.0,0.771,18.85,8.79,2568.0,2216.0,2011
TCU,11.0,22.0,0.333,0.96,3.93,2220.0,2318.0,2011
Temple,26.0,8.0,0.765,12.35,4.23,2400.0,2124.0,2011
Tennessee,19.0,15.0,0.559,11.08,8.73,2376.0,2296.0,2011
Tennessee State,14.0,16.0,0.467,-7.12,-4.73,2044.0,2040.0,2011
Tennessee Tech,20.0,13.0,0.606,-5.64,-5.77,2462.0,2307.0,2011
Tennessee-Martin,12.0,21.0,0.364,-12.77,-5.0,2264.0,2454.0,2011
Texas,28.0,8.0,0.778,20.82,7.96,2701.0,2238.0,2011
Texas A&M,24.0,9.0,0.727,12.62,5.94,2254.0,2009.0,2011
Texas A&M-Corpus Christi,10.0,21.0,0.323,-12.31,-2.09,1943.0,2194.0,2011
Texas Southern,19.0,13.0,0.594,-10.14,-9.02,2056.0,2092.0,2011
Texas State,16.0,16.0,0.5,-7.65,-5.89,2506.0,2510.0,2011
Texas Tech,13.0,19.0,0.406,4.02,6.18,2342.0,2411.0,2011
Texas-Rio Grande Valley,6.0,25.0,0.194,-16.55,-6.41,2114.0,2357.0,2011
The Citadel,10.0,22.0,0.313,-9.84,-2.84,2049.0,2237.0,2011
Toledo,4.0,28.0,0.125,-14.75,-0.88,1853.0,2247.0,2011
Towson,4.0,26.0,0.133,-8.06,-0.52,2053.0,2279.0,2011
Troy,8.0,21.0,0.276,-9.48,-2.05,2076.0,2243.0,2011
Tulane,13.0,17.0,0.433,-0.28,-0.68,2057.0,1975.0,2011
nan,,,,,,,,2011
School,,,,,,,,2011
Tulsa,19.0,13.0,0.594,6.06,3.25,2255.0,2165.0,2011
UAB,22.0,9.0,0.71,8.55,2.78,2119.0,1940.0,2011
UC Davis,10.0,20.0,0.333,-5.69,-1.9,2136.0,2194.0,2011
UC Irvine,13.0,19.0,0.406,-3.78,-2.36,2411.0,2419.0,2011
UC Riverside,12.0,19.0,0.387,-8.26,-1.4,2044.0,2164.0,2011
UC Santa Barbara,18.0,14.0,0.563,1.22,0.12,2170.0,2105.0,2011
UCF,21.0,12.0,0.636,6.25,1.97,2271.0,2080.0,2011
UCLA,23.0,11.0,0.676,11.7,7.93,2382.0,2254.0,2011
UNC Asheville,20.0,14.0,0.588,-0.69,-2.89,2506.0,2333.0,2011
UNC Greensboro,7.0,24.0,0.226,-9.95,-0.37,2204.0,2501.0,2011
UNC Wilmington,13.0,18.0,0.419,-3.41,-0.44,1975.0,2067.0,2011
UT Arlington,13.0,16.0,0.448,-7.59,-5.47,2055.0,1993.0,2011
Utah,13.0,18.0,0.419,2.46,6.56,2078.0,2177.0,2011
Utah State,30.0,4.0,0.882,13.23,0.5,2449.0,1995.0,2011
Utah Valley,19.0,11.0,0.633,-7.78,-9.97,2276.0,2054.0,2011
UTEP,25.0,10.0,0.714,8.83,2.47,2470.0,2225.0,2011
UTSA,20.0,14.0,0.588,-5.8,-4.93,2384.0,2363.0,2011
Valparaiso,23.0,12.0,0.657,4.24,1.69,2564.0,2379.0,2011
Vanderbilt,23.0,11.0,0.676,15.1,6.86,2581.0,2301.0,2011
Vermont,23.0,9.0,0.719,0.14,-5.33,2147.0,1972.0,2011
nan,,,,,,,,2011
School,,,,,,,,2011
Villanova,21.0,12.0,0.636,15.05,8.23,2384.0,2159.0,2011
Virginia,16.0,15.0,0.516,6.01,6.55,1918.0,1935.0,2011
Virginia Commonwealth,28.0,12.0,0.7,8.56,3.78,2864.0,2673.0,2011
VMI,18.0,13.0,0.581,-4.23,-5.45,2726.0,2545.0,2011
Virginia Tech,22.0,12.0,0.647,13.84,6.29,2390.0,2133.0,2011
Wagner,13.0,17.0,0.433,-6.54,-3.67,2029.0,2115.0,2011
Wake Forest,8.0,24.0,0.25,-4.43,5.51,2151.0,2469.0,2011
Washington,24.0,11.0,0.686,20.12,7.74,2907.0,2474.0,2011
Washington State,22.0,13.0,0.629,12.27,6.81,2550.0,2359.0,2011
Weber State,18.0,14.0,0.563,-1.64,-1.74,2243.0,2144.0,2011
West Virginia,21.0,12.0,0.636,16.15,11.03,2303.0,2134.0,2011
Western Carolina,18.0,15.0,0.545,-3.54,-2.86,2303.0,2275.0,2011
Western Illinois,7.0,23.0,0.233,-15.14,-4.43,1719.0,1945.0,2011
Western Kentucky,16.0,16.0,0.5,-3.8,-3.15,2242.0,2263.0,2011
Western Michigan,21.0,13.0,0.618,-0.7,-2.52,2440.0,2321.0,2011
Wichita State,29.0,8.0,0.784,12.57,1.79,2690.0,2281.0,2011
William & Mary,10.0,22.0,0.313,-4.38,0.49,2051.0,2174.0,2011
Winthrop,13.0,17.0,0.433,-5.38,-3.2,1973.0,2006.0,2011
Wisconsin,25.0,9.0,0.735,18.77,9.42,2310.0,1992.0,2011
Wofford,21.0,13.0,0.618,4.35,-1.21,2502.0,2313.0,2011
nan,,,,,,,,2011
School,,,,,,,,2011
Wright State,19.0,14.0,0.576,3.22,1.45,2123.0,2035.0,2011
Wyoming,10.0,21.0,0.323,-3.16,3.53,2044.0,2161.0,2011
Xavier,24.0,8.0,0.75,11.88,4.41,2306.0,2067.0,2011
Yale,15.0,13.0,0.536,-2.91,-2.72,1908.0,1885.0,2011
Youngstown State,9.0,21.0,0.3,-6.4,0.93,2072.0,2226.0,2011
Air Force,13.0,16.0,0.448,-0.45,2.14,1786.0,1798.0,2012
Akron,22.0,12.0,0.647,6.33,0.72,2456.0,2241.0,2012
Alabama,21.0,12.0,0.636,13.76,7.18,2135.0,1918.0,2012
Alabama A&M,7.0,21.0,0.25,-19.33,-10.79,1764.0,1964.0,2012
Alabama State,12.0,19.0,0.387,-15.79,-9.96,1840.0,1995.0,2012
Albany (NY),19.0,15.0,0.559,-3.92,-6.92,2453.0,2351.0,2012
Alcorn State,10.0,22.0,0.313,-19.57,-10.61,2002.0,2187.0,2012
American,20.0,12.0,0.625,-3.12,-5.24,2059.0,1991.0,2012
Appalachian State,13.0,18.0,0.419,-6.93,-3.28,2121.0,2175.0,2012
Arizona,23.0,12.0,0.657,10.91,4.62,2416.0,2196.0,2012
Arizona State,10.0,21.0,0.323,-1.01,4.31,1891.0,2056.0,2012
Arkansas,18.0,14.0,0.563,5.76,3.63,2299.0,2231.0,2012
Arkansas State,14.0,20.0,0.412,-3.18,-0.52,2198.0,2239.0,2012
Arkansas-Pine Bluff,11.0,22.0,0.333,-16.77,-8.34,2013.0,2291.0,2012
Army,12.0,18.0,0.4,-11.26,-7.16,2027.0,2091.0,2012
Auburn,15.0,16.0,0.484,2.52,3.84,1942.0,1983.0,2012
Austin Peay,12.0,20.0,0.375,-4.86,-0.66,2216.0,2324.0,2012
Ball State,15.0,15.0,0.5,-2.93,-4.45,1901.0,1822.0,2012
Baylor,30.0,8.0,0.789,16.54,8.03,2839.0,2483.0,2012
Belmont,27.0,8.0,0.771,11.81,-1.22,2831.0,2363.0,2012
nan,,,,,,,,2012
School,,,,,,,,2012
Bethune-Cookman,18.0,17.0,0.514,-9.11,-7.05,2276.0,2319.0,2012
Binghamton,2.0,29.0,0.065,-20.14,-6.24,1762.0,2193.0,2012
Boise State,13.0,17.0,0.433,3.52,3.14,2050.0,1988.0,2012
Boston College,9.0,22.0,0.29,-4.54,4.89,1833.0,2125.0,2012
Boston University,16.0,16.0,0.5,-3.74,-4.09,2045.0,2034.0,2012
Bowling Green,16.0,16.0,0.5,1.23,0.07,2125.0,2046.0,2012
Bradley,7.0,25.0,0.219,-5.79,3.62,1955.0,2256.0,2012
Brigham Young,26.0,9.0,0.743,11.25,1.55,2727.0,2358.0,2012
Brown,8.0,23.0,0.258,-12.52,-3.62,1907.0,2154.0,2012
Bryant,2.0,28.0,0.067,-17.9,-4.27,1852.0,2261.0,2012
Bucknell,25.0,10.0,0.714,3.57,-3.08,2410.0,2147.0,2012
Buffalo,20.0,11.0,0.645,4.15,0.15,2262.0,2090.0,2012
Butler,22.0,15.0,0.595,2.86,1.14,2352.0,2245.0,2012
Cal Poly,18.0,15.0,0.545,-0.58,-3.78,2136.0,1998.0,2012
Cal State Bakersfield,16.0,15.0,0.516,-7.15,-3.65,2121.0,2154.0,2012
Cal State Fullerton,21.0,10.0,0.677,-1.18,-5.32,2417.0,2205.0,2012
Cal State Northridge,7.0,21.0,0.25,-12.65,-2.61,1908.0,2101.0,2012
California,24.0,10.0,0.706,13.79,4.53,2419.0,2104.0,2012
Campbell,17.0,15.0,0.531,-6.06,-4.8,2370.0,2361.0,2012
Canisius,5.0,25.0,0.167,-14.73,-4.53,1965.0,2271.0,2012
nan,,,,,,,,2012
School,,,,,,,,2012
Central Arkansas,8.0,21.0,0.276,-17.26,-4.83,2058.0,2371.0,2012
Central Connecticut State,13.0,16.0,0.448,-5.36,-5.05,2029.0,2038.0,2012
Central Michigan,11.0,21.0,0.344,-6.74,-1.62,1980.0,2134.0,2012
Charleston Southern,19.0,12.0,0.613,-2.19,-4.33,2383.0,2242.0,2012
Charlotte,13.0,17.0,0.433,0.99,2.86,2010.0,2066.0,2012
Chattanooga,11.0,21.0,0.344,-6.99,-3.54,2260.0,2204.0,2012
Chicago State,4.0,26.0,0.133,-19.3,-3.13,1884.0,2313.0,2012
Cincinnati,26.0,11.0,0.703,12.93,6.28,2522.0,2276.0,2012
Clemson,16.0,15.0,0.516,7.31,3.41,2001.0,1880.0,2012
Cleveland State,22.0,11.0,0.667,5.27,0.12,2177.0,1983.0,2012
Coastal Carolina,19.0,12.0,0.613,-2.64,-4.56,2248.0,2042.0,2012
Colgate,8.0,22.0,0.267,-14.91,-4.38,1893.0,2209.0,2012
College of Charleston,19.0,12.0,0.613,-0.16,-2.54,2191.0,2117.0,2012
Colorado,24.0,12.0,0.667,7.91,5.73,2429.0,2269.0,2012
Colorado State,20.0,12.0,0.625,6.58,5.23,2243.0,2177.0,2012
Columbia,15.0,15.0,0.5,-2.9,-3.18,1955.0,1863.0,2012
Connecticut,20.0,14.0,0.588,12.27,8.07,2336.0,2193.0,2012
Coppin State,14.0,16.0,0.467,-9.07,-5.96,2213.0,2257.0,2012
Cornell,12.0,16.0,0.429,-4.05,-0.98,1833.0,1898.0,2012
Creighton,29.0,6.0,0.829,12.92,3.41,2772.0,2439.0,2012
nan,,,,,,,,2012
School,,,,,,,,2012
Dartmouth,5.0,25.0,0.167,-10.07,-3.56,1727.0,1904.0,2012
Davidson,25.0,8.0,0.758,7.26,-1.68,2571.0,2238.0,2012
Dayton,20.0,13.0,0.606,8.48,4.3,2369.0,2231.0,2012
Delaware,18.0,14.0,0.563,-1.61,-2.18,2206.0,2188.0,2012
Delaware State,15.0,14.0,0.517,-8.07,-6.78,1917.0,1868.0,2012
Denver,22.0,9.0,0.71,6.14,-1.47,2112.0,1876.0,2012
DePaul,12.0,19.0,0.387,1.99,4.57,2298.0,2378.0,2012
Detroit Mercy,22.0,14.0,0.611,2.4,-0.01,2597.0,2432.0,2012
Drake,18.0,16.0,0.529,2.44,2.96,2279.0,2271.0,2012
Drexel,29.0,7.0,0.806,7.37,-1.8,2350.0,2020.0,2012
Duke,27.0,7.0,0.794,17.05,8.4,2628.0,2334.0,2012
Duquesne,16.0,15.0,0.516,4.09,3.96,2252.0,2232.0,2012
East Carolina,15.0,16.0,0.484,2.42,2.53,2136.0,2019.0,2012
East Tennessee State,17.0,14.0,0.548,-0.41,-1.78,2098.0,2017.0,2012
Eastern Illinois,12.0,17.0,0.414,-11.48,-6.48,1896.0,1984.0,2012
Eastern Kentucky,16.0,16.0,0.5,-8.47,-5.93,2123.0,2117.0,2012
Eastern Michigan,14.0,18.0,0.438,-7.9,-1.68,1704.0,1878.0,2012
Eastern Washington,15.0,17.0,0.469,-3.87,-3.23,2326.0,2284.0,2012
Elon,15.0,16.0,0.484,-7.41,-3.03,2175.0,2226.0,2012
Evansville,16.0,16.0,0.5,3.46,3.56,2351.0,2327.0,2012
nan,,,,,,,,2012
School,,,,,,,,2012
Fairfield,22.0,15.0,0.595,2.94,-1.34,2417.0,2259.0,2012
FDU,3.0,26.0,0.103,-16.99,-5.06,1762.0,2108.0,2012
Florida,26.0,11.0,0.703,18.25,7.33,2808.0,2404.0,2012
Florida A&M,10.0,23.0,0.303,-15.58,-6.29,2175.0,2416.0,2012
Florida Atlantic,11.0,19.0,0.367,-2.58,0.77,1977.0,2046.0,2012
Florida Gulf Coast,15.0,17.0,0.469,-2.41,-1.96,2306.0,2306.0,2012
Florida International,8.0,21.0,0.276,-5.07,-1.1,1836.0,1951.0,2012
Florida State,25.0,10.0,0.714,14.53,7.62,2443.0,2201.0,2012
Fordham,10.0,19.0,0.345,-7.63,1.92,1797.0,2074.0,2012
Fresno State,13.0,20.0,0.394,-0.91,0.77,2170.0,2181.0,2012
Furman,15.0,16.0,0.484,-6.04,-3.9,2006.0,2022.0,2012
Gardner-Webb,12.0,20.0,0.375,-7.99,-4.82,2103.0,2138.0,2012
George Mason,24.0,9.0,0.727,3.81,-1.67,2323.0,2142.0,2012
George Washington,10.0,21.0,0.323,-0.63,4.15,1921.0,2069.0,2012
Georgetown,24.0,9.0,0.727,16.81,7.69,2278.0,1959.0,2012
Georgia,15.0,17.0,0.469,5.92,7.95,1950.0,2015.0,2012
Georgia Southern,15.0,15.0,0.5,-6.7,-3.78,2002.0,2033.0,2012
Georgia State,22.0,12.0,0.647,5.69,-2.99,2298.0,2003.0,2012
Georgia Tech,11.0,20.0,0.355,1.74,4.13,1866.0,1940.0,2012
Gonzaga,26.0,7.0,0.788,13.86,3.25,2436.0,2086.0,2012
nan,,,,,,,,2012
School,,,,,,,,2012
Grambling,4.0,24.0,0.143,-26.82,-9.39,1513.0,2001.0,2012
Green Bay,15.0,15.0,0.5,-2.32,1.04,1935.0,1982.0,2012
Hampton,12.0,21.0,0.364,-10.08,-7.93,2134.0,2205.0,2012
Hartford,9.0,22.0,0.29,-13.41,-6.19,1860.0,2084.0,2012
Harvard,26.0,5.0,0.839,7.84,-1.56,2033.0,1724.0,2012
Hawaii,16.0,16.0,0.5,-2.79,-0.52,2356.0,2387.0,2012
High Point,13.0,18.0,0.419,-5.92,-4.13,2203.0,2176.0,2012
Hofstra,10.0,22.0,0.313,-2.98,-1.1,2091.0,2151.0,2012
Holy Cross,15.0,14.0,0.517,-6.02,-4.23,1886.0,1938.0,2012
Houston,15.0,15.0,0.5,0.04,0.21,2152.0,2147.0,2012
Houston Christian,10.0,20.0,0.333,-16.07,-6.1,2208.0,2344.0,2012
Howard,10.0,21.0,0.323,-14.59,-4.16,1881.0,2174.0,2012
Idaho,19.0,14.0,0.576,0.77,-0.43,2298.0,2240.0,2012
Idaho State,9.0,21.0,0.3,-11.05,-2.77,1979.0,2192.0,2012
Illinois,17.0,15.0,0.531,9.33,7.99,2098.0,2055.0,2012
Illinois State,21.0,14.0,0.6,6.33,2.64,2439.0,2310.0,2012
Illinois-Chicago,8.0,22.0,0.267,-9.16,-1.3,1826.0,2033.0,2012
Indiana,27.0,9.0,0.75,18.63,7.8,2782.0,2392.0,2012
Indiana State,18.0,15.0,0.545,2.08,3.08,2120.0,2141.0,2012
Iona,25.0,8.0,0.758,8.36,-1.82,2736.0,2400.0,2012
nan,,,,,,,,2012
School,,,,,,,,2012
Iowa,18.0,17.0,0.514,7.04,6.53,2555.0,2537.0,2012
Iowa State,23.0,11.0,0.676,13.32,7.32,2490.0,2286.0,2012
IU Indy,14.0,18.0,0.438,-3.85,-1.75,2319.0,2329.0,2012
Jackson State,7.0,24.0,0.226,-17.5,-7.0,1737.0,2042.0,2012
Jacksonville,8.0,22.0,0.267,-7.3,0.1,1951.0,2173.0,2012
Jacksonville State,15.0,18.0,0.455,-4.86,-5.23,2143.0,2106.0,2012
James Madison,12.0,20.0,0.375,-5.86,-2.11,2115.0,2235.0,2012
Kansas,32.0,7.0,0.821,21.72,9.93,2867.0,2407.0,2012
Kansas City,10.0,21.0,0.323,-8.82,-1.75,1998.0,2204.0,2012
Kansas State,22.0,11.0,0.667,14.47,7.53,2343.0,2114.0,2012
Kennesaw State,3.0,28.0,0.097,-15.02,-0.49,1920.0,2330.0,2012
Kent State,21.0,12.0,0.636,2.77,-0.95,2322.0,2178.0,2012
Kentucky,38.0,2.0,0.95,24.73,7.93,3095.0,2423.0,2012
La Salle,21.0,13.0,0.618,8.56,1.83,2478.0,2249.0,2012
Lafayette,13.0,18.0,0.419,-7.2,-4.01,2161.0,2260.0,2012
Lamar,23.0,12.0,0.657,2.41,-3.77,2573.0,2296.0,2012
Lehigh,27.0,8.0,0.771,4.27,-5.14,2648.0,2288.0,2012
Liberty,14.0,18.0,0.438,-9.67,-4.81,2201.0,2283.0,2012
Lipscomb,13.0,18.0,0.419,-4.7,-1.23,2242.0,2303.0,2012
Little Rock,15.0,16.0,0.484,-1.94,0.03,1974.0,1990.0,2012
nan,,,,,,,,2012
School,,,,,,,,2012
Long Beach State,25.0,9.0,0.735,9.52,0.87,2510.0,2175.0,2012
Long Island University,25.0,9.0,0.735,-1.34,-5.1,2769.0,2641.0,2012
Longwood,10.0,21.0,0.323,-20.47,-5.99,2276.0,2617.0,2012
Louisiana,16.0,16.0,0.5,-3.25,-2.28,2189.0,2155.0,2012
Louisiana State,18.0,15.0,0.545,6.66,5.51,2157.0,2119.0,2012
Louisiana Tech,18.0,16.0,0.529,-2.65,-1.19,2358.0,2355.0,2012
Louisiana-Monroe,3.0,26.0,0.103,-12.56,-0.95,1750.0,2078.0,2012
Louisville,30.0,10.0,0.75,16.19,9.02,2727.0,2440.0,2012
Loyola (IL),7.0,23.0,0.233,-8.43,-1.77,1717.0,1887.0,2012
Loyola (MD),24.0,9.0,0.727,0.37,-2.72,2222.0,2120.0,2012
Loyola Marymount,21.0,13.0,0.618,2.2,1.17,2402.0,2301.0,2012
Maine,12.0,17.0,0.414,-8.57,-6.54,1989.0,1982.0,2012
Manhattan,21.0,13.0,0.618,1.46,-4.13,2420.0,2230.0,2012
Marist,14.0,18.0,0.438,-8.2,-3.29,2176.0,2333.0,2012
Marquette,27.0,8.0,0.771,16.92,7.5,2638.0,2308.0,2012
Marshall,21.0,14.0,0.6,7.0,4.94,2472.0,2383.0,2012
Maryland,17.0,15.0,0.531,3.95,5.98,2198.0,2263.0,2012
Maryland-Baltimore County,4.0,26.0,0.133,-19.85,-6.02,1897.0,2312.0,2012
Maryland-Eastern Shore,7.0,23.0,0.233,-16.79,-4.72,1785.0,2109.0,2012
Massachusetts,25.0,12.0,0.676,7.49,2.97,2847.0,2680.0,2012
nan,,,,,,,,2012
School,,,,,,,,2012
McNeese State,17.0,16.0,0.515,-6.26,-3.76,2207.0,2185.0,2012
Memphis,26.0,9.0,0.743,16.86,5.26,2614.0,2208.0,2012
Mercer,27.0,11.0,0.711,3.75,-1.44,2589.0,2388.0,2012
Miami (FL),20.0,13.0,0.606,10.75,6.17,2332.0,2181.0,2012
Miami (OH),9.0,21.0,0.3,-2.07,1.93,1821.0,1927.0,2012
Michigan,24.0,10.0,0.706,13.19,8.98,2255.0,2090.0,2012
Michigan State,29.0,8.0,0.784,21.32,9.82,2651.0,2195.0,2012
Middle Tennessee,27.0,7.0,0.794,8.69,-0.13,2459.0,2128.0,2012
Milwaukee,20.0,14.0,0.588,0.53,0.06,2183.0,2126.0,2012
Minnesota,23.0,15.0,0.605,10.7,7.89,2569.0,2462.0,2012
Mississippi,20.0,14.0,0.588,6.53,5.8,2275.0,2250.0,2012
Mississippi State,21.0,12.0,0.636,9.13,4.86,2377.0,2236.0,2012
Mississippi Valley State,21.0,13.0,0.618,-8.03,-7.65,2332.0,2345.0,2012
Missouri,30.0,5.0,0.857,19.77,5.68,2814.0,2321.0,2012
Missouri State,16.0,16.0,0.5,6.15,3.92,2110.0,2015.0,2012
Monmouth,12.0,20.0,0.375,-11.93,-3.18,2140.0,2420.0,2012
Montana,25.0,7.0,0.781,4.55,-3.39,2239.0,1985.0,2012
Montana State,12.0,17.0,0.414,-10.29,-4.62,2030.0,2088.0,2012
Morehead State,18.0,15.0,0.545,-4.99,-3.83,2070.0,2018.0,2012
Morgan State,9.0,20.0,0.31,-8.41,-5.54,1934.0,2017.0,2012
nan,,,,,,,,2012
School,,,,,,,,2012
Mount St. Mary's,8.0,21.0,0.276,-11.72,-4.9,1748.0,1946.0,2012
Murray State,31.0,2.0,0.939,8.74,-2.6,2412.0,2001.0,2012
Navy,3.0,26.0,0.103,-14.6,-4.74,1678.0,1920.0,2012
NC State,24.0,13.0,0.649,12.1,6.8,2697.0,2501.0,2012
Nebraska,12.0,18.0,0.4,3.52,8.25,1827.0,1969.0,2012
Nevada,28.0,7.0,0.8,4.54,-0.37,2461.0,2277.0,2012
Nevada-Las Vegas,26.0,9.0,0.743,13.55,4.37,2671.0,2307.0,2012
New Hampshire,13.0,16.0,0.448,-10.09,-7.66,1774.0,1821.0,2012
New Mexico,28.0,7.0,0.8,15.6,3.34,2545.0,2076.0,2012
New Mexico State,26.0,10.0,0.722,8.73,0.08,2812.0,2459.0,2012
Niagara,14.0,19.0,0.424,-6.67,-2.86,2322.0,2448.0,2012
Nicholls State,10.0,20.0,0.333,-18.55,-3.94,1989.0,2338.0,2012
NJIT,15.0,17.0,0.469,-12.09,-8.27,2236.0,2175.0,2012
Norfolk State,26.0,10.0,0.722,-3.68,-5.39,2482.0,2416.0,2012
North Carolina,32.0,6.0,0.842,21.34,7.07,3091.0,2549.0,2012
North Carolina A&T,12.0,20.0,0.375,-12.34,-5.89,2236.0,2326.0,2012
North Carolina Central,17.0,15.0,0.531,-6.12,-6.98,2263.0,2020.0,2012
North Dakota,17.0,15.0,0.531,-8.76,-6.33,2153.0,2141.0,2012
North Dakota State,17.0,14.0,0.548,0.01,-2.5,2267.0,2119.0,2012
North Florida,16.0,16.0,0.5,-3.44,-0.05,2168.0,2266.0,2012
nan,,,,,,,,2012
School,,,,,,,,2012
North Texas,18.0,14.0,0.563,-0.39,-2.56,2250.0,2080.0,2012
Northeastern,14.0,17.0,0.452,-3.27,-0.4,1941.0,2030.0,2012
Northern Arizona,5.0,24.0,0.172,-16.72,-3.53,1804.0,2068.0,2012
Northern Colorado,9.0,19.0,0.321,-6.23,-2.19,2026.0,2112.0,2012
Northern Illinois,5.0,26.0,0.161,-15.62,-1.79,1716.0,2096.0,2012
Northern Iowa,20.0,14.0,0.588,6.99,4.74,2216.0,2106.0,2012
Northwestern,19.0,14.0,0.576,8.87,7.84,2286.0,2252.0,2012
Northwestern State,16.0,16.0,0.5,-6.29,-4.15,2259.0,2239.0,2012
Notre Dame,22.0,12.0,0.647,11.18,6.47,2257.0,2097.0,2012
Oakland,20.0,16.0,0.556,0.29,-0.54,2875.0,2831.0,2012
Ohio,29.0,8.0,0.784,7.17,0.17,2597.0,2311.0,2012
Ohio State,31.0,8.0,0.795,23.95,9.07,2913.0,2333.0,2012
Oklahoma,15.0,16.0,0.484,7.28,6.67,2142.0,2123.0,2012
Oklahoma State,15.0,18.0,0.455,7.02,8.95,2209.0,2249.0,2012
Old Dominion,22.0,14.0,0.611,4.08,0.36,2368.0,2234.0,2012
Oral Roberts,27.0,7.0,0.794,5.24,-1.5,2467.0,2238.0,2012
Oregon,24.0,10.0,0.706,10.19,4.72,2527.0,2341.0,2012
Oregon State,21.0,15.0,0.583,8.84,3.38,2841.0,2617.0,2012
Pacific,11.0,19.0,0.367,-8.04,-2.61,1888.0,2022.0,2012
Penn State,12.0,20.0,0.375,3.72,7.75,1977.0,2106.0,2012
nan,,,,,,,,2012
School,,,,,,,,2012
Pennsylvania,20.0,13.0,0.606,1.12,-0.1,2146.0,2106.0,2012
Pepperdine,10.0,19.0,0.345,-7.4,-0.23,1719.0,1911.0,2012
Pittsburgh,22.0,17.0,0.564,9.43,5.89,2692.0,2554.0,2012
Portland,7.0,24.0,0.226,-7.88,3.82,2018.0,2357.0,2012
Portland State,17.0,15.0,0.531,-4.04,-4.07,2438.0,2345.0,2012
Prairie View,14.0,18.0,0.438,-16.87,-10.29,2016.0,2101.0,2012
Presbyterian,14.0,15.0,0.483,-6.76,-4.65,1889.0,1918.0,2012
Princeton,20.0,12.0,0.625,2.57,-1.0,2141.0,1999.0,2012
Providence,15.0,17.0,0.469,4.16,4.56,2203.0,2216.0,2012
Purdue,22.0,13.0,0.629,13.88,8.05,2514.0,2310.0,2012
Purdue Fort Wayne,11.0,19.0,0.367,-8.79,-2.05,2100.0,2242.0,2012
Quinnipiac,18.0,14.0,0.563,-2.01,-5.8,2271.0,2150.0,2012
Radford,6.0,26.0,0.188,-13.14,-3.34,1959.0,2195.0,2012
Rhode Island,7.0,24.0,0.226,-3.78,3.1,2126.0,2339.0,2012
Rice,19.0,16.0,0.543,1.42,1.1,2438.0,2322.0,2012
Richmond,16.0,16.0,0.5,4.71,2.9,2207.0,2149.0,2012
Rider,13.0,19.0,0.406,-5.4,-2.4,2291.0,2387.0,2012
Robert Morris,26.0,11.0,0.703,0.67,-4.3,2532.0,2348.0,2012
Rutgers,14.0,18.0,0.438,5.42,5.76,2095.0,2106.0,2012
Sacramento State,10.0,18.0,0.357,-9.67,-5.71,1875.0,1936.0,2012
nan,,,,,,,,2012
School,,,,,,,,2012
Sacred Heart,14.0,18.0,0.438,-6.87,-5.56,2277.0,2319.0,2012
Saint Francis (PA),6.0,23.0,0.207,-13.18,-4.42,1763.0,2017.0,2012
Saint Joseph's,20.0,14.0,0.588,8.25,4.25,2446.0,2310.0,2012
Saint Louis,26.0,8.0,0.765,15.15,4.06,2336.0,1960.0,2012
Saint Mary's (CA),27.0,6.0,0.818,11.26,0.78,2467.0,2068.0,2012
Saint Peter's,5.0,26.0,0.161,-13.37,-2.44,1799.0,2138.0,2012
Sam Houston,13.0,19.0,0.406,-9.09,-3.2,1875.0,1941.0,2012
Samford,11.0,19.0,0.367,-8.68,-2.96,1984.0,2092.0,2012
San Diego,13.0,18.0,0.419,-3.76,0.87,2079.0,2179.0,2012
San Diego State,26.0,8.0,0.765,9.04,3.79,2416.0,2166.0,2012
San Francisco,20.0,14.0,0.588,1.9,-0.17,2563.0,2415.0,2012
San Jose State,9.0,22.0,0.29,-7.86,-1.19,2099.0,2261.0,2012
Santa Clara,8.0,22.0,0.267,-6.79,0.96,2085.0,2245.0,2012
Savannah State,21.0,12.0,0.636,-3.59,-5.92,2089.0,1949.0,2012
Seattle,12.0,15.0,0.444,-4.18,-2.76,2065.0,2025.0,2012
Seton Hall,21.0,13.0,0.618,10.23,5.7,2324.0,2170.0,2012
Siena,14.0,17.0,0.452,-5.71,-2.94,1975.0,2061.0,2012
South Alabama,17.0,12.0,0.586,-2.81,-1.98,1935.0,1947.0,2012
South Carolina,10.0,21.0,0.323,2.65,6.27,1903.0,2015.0,2012
South Carolina State,5.0,26.0,0.161,-20.8,-6.11,2001.0,2391.0,2012
nan,,,,,,,,2012
School,,,,,,,,2012
South Carolina Upstate,21.0,13.0,0.618,-0.16,-1.6,2426.0,2321.0,2012
South Dakota,10.0,18.0,0.357,-9.56,-2.88,1982.0,2101.0,2012
South Dakota State,27.0,8.0,0.771,7.34,-1.87,2689.0,2329.0,2012
South Florida,22.0,14.0,0.611,9.2,7.29,2134.0,2037.0,2012
Southeast Missouri State,15.0,16.0,0.484,-6.12,-5.33,2192.0,2170.0,2012
Southeastern Louisiana,12.0,17.0,0.414,-11.94,-6.44,1738.0,1795.0,2012
Southern,17.0,14.0,0.548,-16.17,-11.35,1879.0,1981.0,2012
Southern California,6.0,26.0,0.188,-0.51,6.58,1683.0,1910.0,2012
Southern Illinois,8.0,23.0,0.258,-3.51,3.12,1944.0,2144.0,2012
SIU Edwardsville,10.0,17.0,0.37,-13.3,-5.5,1775.0,1924.0,2012
Southern Methodist,13.0,19.0,0.406,-1.26,1.34,1909.0,1922.0,2012
Southern Mississippi,25.0,9.0,0.735,7.79,3.61,2426.0,2212.0,2012
Southern Utah,14.0,17.0,0.452,-6.22,-3.18,2038.0,2106.0,2012
St. Bonaventure,20.0,12.0,0.625,8.25,2.84,2254.0,2081.0,2012
St. Francis (NY),15.0,15.0,0.5,-6.02,-6.75,2084.0,2062.0,2012
St. John's (NY),13.0,19.0,0.406,2.63,6.98,2129.0,2268.0,2012
Stanford,26.0,11.0,0.703,12.64,3.99,2657.0,2337.0,2012
Stephen F. Austin,20.0,12.0,0.625,-1.46,-5.67,1970.0,1741.0,2012
Stetson,9.0,20.0,0.31,-7.48,-0.66,2089.0,2275.0,2012
Stony Brook,22.0,10.0,0.688,-0.45,-6.22,2125.0,1892.0,2012
nan,,,,,,,,2012
School,,,,,,,,2012
Syracuse,34.0,3.0,0.919,21.12,8.02,2742.0,2257.0,2012
TCU,18.0,15.0,0.545,1.72,3.44,2382.0,2379.0,2012
Temple,24.0,8.0,0.75,10.44,4.94,2401.0,2225.0,2012
Tennessee,19.0,15.0,0.559,9.49,6.58,2338.0,2216.0,2012
Tennessee State,20.0,13.0,0.606,-3.06,-2.73,2250.0,2199.0,2012
Tennessee Tech,19.0,14.0,0.576,-3.81,-3.06,2365.0,2357.0,2012
Tennessee-Martin,4.0,27.0,0.129,-17.09,-3.15,1943.0,2327.0,2012
Texas,20.0,14.0,0.588,14.0,8.12,2470.0,2270.0,2012
Texas A&M,14.0,18.0,0.438,5.57,6.54,1956.0,1968.0,2012
Texas A&M-Corpus Christi,6.0,24.0,0.2,-12.21,-3.04,1755.0,2030.0,2012
Texas Southern,15.0,18.0,0.455,-10.26,-8.68,2021.0,2073.0,2012
Texas State,13.0,17.0,0.433,-8.66,-5.31,2292.0,2243.0,2012
Texas Tech,8.0,23.0,0.258,-2.61,6.1,1844.0,2114.0,2012
Texas-Rio Grande Valley,11.0,21.0,0.344,-13.66,-4.44,1993.0,2194.0,2012
The Citadel,6.0,24.0,0.2,-14.49,-3.67,1925.0,2158.0,2012
Toledo,19.0,17.0,0.528,-3.35,-3.64,2500.0,2385.0,2012
Towson,1.0,31.0,0.031,-16.71,1.54,1647.0,2231.0,2012
Troy,10.0,18.0,0.357,-7.48,-0.85,1996.0,2122.0,2012
Tulane,15.0,16.0,0.484,-0.12,-1.61,2002.0,1910.0,2012
Tulsa,17.0,14.0,0.548,5.82,2.85,2093.0,2001.0,2012
nan,,,,,,,,2012
School,,,,,,,,2012
UAB,15.0,16.0,0.484,2.61,3.64,1875.0,1907.0,2012
UC Davis,5.0,26.0,0.161,-15.6,-2.63,1924.0,2307.0,2012
UC Irvine,12.0,20.0,0.375,-6.07,-1.24,2179.0,2309.0,2012
UC Riverside,14.0,17.0,0.452,-8.01,-2.22,1841.0,1954.0,2012
UC Santa Barbara,20.0,11.0,0.645,4.0,-1.38,2262.0,2059.0,2012
UCF,22.0,11.0,0.667,4.33,2.98,2166.0,2096.0,2012
UCLA,19.0,14.0,0.576,10.53,5.28,2263.0,2063.0,2012
UNC Asheville,24.0,10.0,0.706,3.06,-2.72,2745.0,2426.0,2012
UNC Greensboro,13.0,19.0,0.406,-9.67,-1.96,2231.0,2457.0,2012
UNC Wilmington,10.0,21.0,0.323,-5.5,0.18,2013.0,2189.0,2012
UT Arlington,24.0,9.0,0.727,3.35,-5.09,2537.0,2232.0,2012
Utah,6.0,25.0,0.194,-9.31,5.49,1720.0,2161.0,2012
Utah State,21.0,16.0,0.568,3.49,-0.37,2551.0,2400.0,2012
Utah Valley,20.0,13.0,0.606,-6.53,-7.11,2305.0,2190.0,2012
UTEP,15.0,17.0,0.469,2.92,2.85,2021.0,2019.0,2012
UTSA,18.0,14.0,0.563,-1.83,-4.4,2339.0,2168.0,2012
Valparaiso,22.0,12.0,0.647,0.61,0.02,2323.0,2223.0,2012
Vanderbilt,25.0,11.0,0.694,15.71,8.04,2615.0,2339.0,2012
Vermont,24.0,12.0,0.667,0.98,-5.19,2415.0,2193.0,2012
Villanova,13.0,19.0,0.406,7.89,7.64,2266.0,2258.0,2012
nan,,,,,,,,2012
School,,,,,,,,2012
Virginia,22.0,10.0,0.688,12.51,4.23,2000.0,1735.0,2012
Virginia Commonwealth,29.0,7.0,0.806,8.79,0.63,2448.0,2154.0,2012
VMI,17.0,16.0,0.515,-9.43,-5.16,2631.0,2660.0,2012
Virginia Tech,16.0,17.0,0.485,8.93,6.21,2147.0,2057.0,2012
Wagner,25.0,6.0,0.806,3.6,-5.5,2275.0,1993.0,2012
Wake Forest,13.0,18.0,0.419,-0.75,4.19,2029.0,2182.0,2012
Washington,24.0,11.0,0.686,10.79,5.27,2646.0,2453.0,2012
Washington State,19.0,18.0,0.514,6.17,4.06,2521.0,2421.0,2012
Weber State,25.0,7.0,0.781,1.51,-3.65,2473.0,2210.0,2012
West Virginia,19.0,14.0,0.576,12.13,7.53,2346.0,2194.0,2012
Western Carolina,17.0,18.0,0.486,-6.57,-3.42,2503.0,2459.0,2012
Western Illinois,18.0,15.0,0.545,-2.84,-1.39,2031.0,1985.0,2012
Western Kentucky,16.0,19.0,0.457,-2.66,0.51,2272.0,2383.0,2012
Western Michigan,14.0,20.0,0.412,-1.8,0.17,2332.0,2375.0,2012
Wichita State,27.0,6.0,0.818,17.42,3.8,2545.0,2060.0,2012
William & Mary,6.0,26.0,0.188,-10.79,-0.72,1931.0,2220.0,2012
Winthrop,12.0,20.0,0.375,-7.64,-3.47,2035.0,2112.0,2012
Wisconsin,26.0,10.0,0.722,19.04,8.24,2304.0,1915.0,2012
Wofford,19.0,14.0,0.576,-3.62,-3.79,2110.0,2087.0,2012
Wright State,13.0,19.0,0.406,-4.07,0.25,1857.0,1967.0,2012
nan,,,,,,,,2012
School,,,,,,,,2012
Wyoming,21.0,12.0,0.636,6.79,1.43,2068.0,1855.0,2012
Xavier,23.0,13.0,0.639,9.59,6.22,2543.0,2422.0,2012
Yale,19.0,10.0,0.655,-1.37,-2.63,1991.0,1878.0,2012
Youngstown State,16.0,15.0,0.516,-1.78,-1.65,2095.0,2047.0,2012
Air Force,18.0,14.0,0.563,4.06,4.16,2241.0,2170.0,2013
Akron,26.0,7.0,0.788,8.12,0.18,2369.0,2071.0,2013
Alabama,23.0,13.0,0.639,9.82,5.96,2268.0,2102.0,2013
Alabama A&M,11.0,20.0,0.355,-18.41,-9.82,1957.0,2160.0,2013
Alabama State,10.0,22.0,0.313,-17.9,-9.03,1979.0,2231.0,2013
Albany (NY),24.0,11.0,0.686,-0.86,-4.51,2251.0,2123.0,2013
Alcorn State,10.0,24.0,0.294,-14.27,-7.11,2055.0,2248.0,2013
American,10.0,20.0,0.333,-8.55,-2.52,1735.0,1916.0,2013
Appalachian State,15.0,16.0,0.484,-7.88,-5.74,2211.0,2221.0,2013
Arizona,27.0,8.0,0.771,17.31,7.48,2570.0,2226.0,2013
Arizona State,22.0,13.0,0.629,8.82,4.57,2512.0,2363.0,2013
Arkansas,19.0,13.0,0.594,9.83,4.99,2358.0,2203.0,2013
Arkansas State,19.0,12.0,0.613,0.79,-4.34,2127.0,1944.0,2013
Arkansas-Pine Bluff,16.0,14.0,0.533,-12.21,-8.28,1880.0,1998.0,2013
Army,16.0,15.0,0.516,-1.48,-4.51,2245.0,2112.0,2013
Auburn,9.0,23.0,0.281,0.23,4.2,2074.0,2201.0,2013
Austin Peay,8.0,23.0,0.258,-12.31,-4.28,2218.0,2371.0,2013
Ball State,15.0,15.0,0.5,-6.7,-3.14,1957.0,2041.0,2013
Baylor,23.0,14.0,0.622,15.07,7.12,2811.0,2456.0,2013
Belmont,26.0,7.0,0.788,10.41,-0.92,2533.0,2129.0,2013
nan,,,,,,,,2013
School,,,,,,,,2013
Bethune-Cookman,14.0,20.0,0.412,-9.51,-6.41,2283.0,2318.0,2013
Binghamton,3.0,27.0,0.1,-18.51,-3.68,1676.0,2081.0,2013
Boise State,21.0,11.0,0.656,9.38,5.21,2343.0,2095.0,2013
Boston College,16.0,17.0,0.485,6.11,7.04,2215.0,2246.0,2013
Boston University,17.0,13.0,0.567,-0.58,-3.92,2035.0,1935.0,2013
Bowling Green,13.0,19.0,0.406,-3.32,-1.75,2010.0,2033.0,2013
Bradley,18.0,17.0,0.514,1.25,1.96,2371.0,2396.0,2013
Brigham Young,24.0,12.0,0.667,10.63,3.72,2777.0,2502.0,2013
Brown,13.0,15.0,0.464,-6.32,-3.02,1748.0,1800.0,2013
Bryant,19.0,12.0,0.613,-2.07,-4.71,2294.0,2212.0,2013
Bucknell,28.0,6.0,0.824,6.96,-1.95,2277.0,1966.0,2013
Buffalo,14.0,20.0,0.412,-1.94,-0.34,2275.0,2287.0,2013
Butler,27.0,9.0,0.75,11.01,6.09,2495.0,2299.0,2013
Cal Poly,18.0,14.0,0.563,-0.77,-0.94,2074.0,2020.0,2013
Cal State Bakersfield,14.0,16.0,0.467,-6.49,-2.22,2041.0,2070.0,2013
Cal State Fullerton,14.0,18.0,0.438,-3.27,-3.33,2451.0,2381.0,2013
Cal State Northridge,14.0,17.0,0.452,-4.18,-2.22,2333.0,2309.0,2013
California,21.0,12.0,0.636,10.59,7.71,2218.0,2123.0,2013
Campbell,13.0,20.0,0.394,-10.23,-5.53,2284.0,2395.0,2013
Canisius,20.0,14.0,0.588,2.38,-0.98,2499.0,2385.0,2013
nan,,,,,,,,2013
School,,,,,,,,2013
Central Arkansas,13.0,17.0,0.433,-10.89,-6.14,2294.0,2359.0,2013
Central Connecticut State,13.0,17.0,0.433,-8.23,-4.03,2186.0,2312.0,2013
Central Michigan,11.0,20.0,0.355,-6.15,-1.22,2092.0,2226.0,2013
Charleston Southern,19.0,13.0,0.594,-1.92,-5.48,2361.0,2144.0,2013
Charlotte,21.0,12.0,0.636,2.72,2.78,2229.0,2231.0,2013
Chattanooga,13.0,19.0,0.406,-10.43,-4.93,2218.0,2318.0,2013
Chicago State,11.0,22.0,0.333,-11.79,-4.92,2151.0,2276.0,2013
Cincinnati,22.0,12.0,0.647,14.47,6.94,2262.0,2006.0,2013
Clemson,13.0,18.0,0.419,5.85,4.46,1907.0,1864.0,2013
Cleveland State,14.0,18.0,0.438,-7.33,-0.16,2051.0,2226.0,2013
Coastal Carolina,14.0,15.0,0.483,-5.56,-5.18,1943.0,1840.0,2013
Colgate,11.0,21.0,0.344,-8.72,-2.57,2033.0,2230.0,2013
College of Charleston,24.0,11.0,0.686,0.2,-3.83,2297.0,2176.0,2013
Colorado,21.0,12.0,0.636,11.91,7.91,2230.0,2098.0,2013
Colorado State,26.0,9.0,0.743,13.6,5.84,2553.0,2229.0,2013
Columbia,12.0,16.0,0.429,-3.24,-3.47,1746.0,1694.0,2013
Connecticut,20.0,10.0,0.667,11.89,7.42,2096.0,1962.0,2013
Coppin State,8.0,24.0,0.25,-12.64,-4.19,2035.0,2277.0,2013
Cornell,13.0,18.0,0.419,-7.25,-2.35,2040.0,2168.0,2013
Creighton,28.0,8.0,0.778,16.43,5.15,2680.0,2274.0,2013
nan,,,,,,,,2013
School,,,,,,,,2013
Dartmouth,9.0,19.0,0.321,-9.2,-3.16,1719.0,1844.0,2013
Davidson,26.0,8.0,0.765,7.3,-3.43,2490.0,2110.0,2013
Dayton,17.0,14.0,0.548,9.37,4.28,2225.0,2067.0,2013
Delaware,19.0,14.0,0.576,-0.76,-0.79,2276.0,2275.0,2013
Delaware State,15.0,18.0,0.455,-11.18,-5.89,1997.0,2094.0,2013
Denver,22.0,10.0,0.688,9.18,0.24,2076.0,1790.0,2013
DePaul,11.0,21.0,0.344,1.71,5.61,2284.0,2409.0,2013
Detroit Mercy,20.0,13.0,0.606,6.72,1.62,2568.0,2340.0,2013
Drake,15.0,17.0,0.469,3.42,5.13,2296.0,2319.0,2013
Drexel,13.0,18.0,0.419,-1.06,-0.96,1953.0,1956.0,2013
Duke,30.0,6.0,0.833,21.46,9.57,2778.0,2350.0,2013
Duquesne,8.0,22.0,0.267,-4.52,3.51,2028.0,2269.0,2013
East Carolina,23.0,12.0,0.657,2.57,0.82,2679.0,2484.0,2013
East Tennessee State,10.0,22.0,0.313,-11.53,-2.11,1994.0,2284.0,2013
Eastern Illinois,11.0,21.0,0.344,-8.92,-5.08,1933.0,2055.0,2013
Eastern Kentucky,25.0,10.0,0.714,1.7,-3.88,2586.0,2303.0,2013
Eastern Michigan,16.0,18.0,0.471,-6.25,-1.25,1926.0,2011.0,2013
Eastern Washington,10.0,21.0,0.323,-10.87,-5.58,2146.0,2310.0,2013
Elon,21.0,12.0,0.636,-3.55,-5.16,2273.0,2144.0,2013
Evansville,21.0,15.0,0.583,5.26,2.91,2490.0,2374.0,2013
nan,,,,,,,,2013
School,,,,,,,,2013
Fairfield,19.0,16.0,0.543,-0.53,-1.99,2122.0,2071.0,2013
FDU,7.0,24.0,0.226,-17.99,-4.64,2034.0,2448.0,2013
Florida,29.0,8.0,0.784,23.88,6.85,2642.0,2012.0,2013
Florida A&M,8.0,23.0,0.258,-16.11,-6.17,2015.0,2235.0,2013
Florida Atlantic,14.0,18.0,0.438,-5.84,-2.45,2092.0,2164.0,2013
Florida Gulf Coast,26.0,11.0,0.703,3.01,-1.82,2696.0,2469.0,2013
Florida International,18.0,14.0,0.563,-2.05,-2.08,2210.0,2209.0,2013
Florida State,18.0,16.0,0.529,5.71,7.26,2278.0,2331.0,2013
Fordham,7.0,24.0,0.226,-6.88,4.6,1997.0,2353.0,2013
Fresno State,11.0,19.0,0.367,3.19,6.44,1798.0,1829.0,2013
Furman,7.0,24.0,0.226,-17.42,-5.25,1869.0,2180.0,2013
Gardner-Webb,21.0,13.0,0.618,-3.17,-5.88,2236.0,2066.0,2013
George Mason,22.0,16.0,0.579,2.03,-0.15,2587.0,2504.0,2013
George Washington,13.0,17.0,0.433,4.24,3.51,1988.0,1966.0,2013
Georgetown,25.0,7.0,0.781,15.86,7.61,2070.0,1806.0,2013
Georgia,15.0,17.0,0.469,5.39,6.17,1946.0,1971.0,2013
Georgia Southern,14.0,19.0,0.424,-9.62,-4.98,2050.0,2148.0,2013
Georgia State,15.0,16.0,0.484,-2.01,-2.38,2114.0,2075.0,2013
Georgia Tech,16.0,15.0,0.516,6.62,4.69,1993.0,1933.0,2013
Gonzaga,32.0,3.0,0.914,20.44,4.14,2696.0,2095.0,2013
nan,,,,,,,,2013
School,,,,,,,,2013
Grambling,0.0,28.0,0.0,-35.87,-9.19,1391.0,2138.0,2013
Green Bay,18.0,16.0,0.529,1.66,-0.28,2247.0,2142.0,2013
Hampton,14.0,17.0,0.452,-9.32,-7.8,1936.0,1983.0,2013
Hartford,17.0,14.0,0.548,-5.83,-4.7,1863.0,1898.0,2013
Harvard,20.0,10.0,0.667,3.96,0.17,2049.0,1924.0,2013
Hawaii,17.0,15.0,0.531,-3.37,-2.54,2336.0,2305.0,2013
High Point,17.0,14.0,0.548,-4.64,-7.23,2221.0,2052.0,2013
Hofstra,7.0,25.0,0.219,-10.74,-1.9,1873.0,2132.0,2013
Holy Cross,12.0,18.0,0.4,-6.12,-2.96,1834.0,1929.0,2013
Houston,20.0,13.0,0.606,-0.3,-3.77,2578.0,2420.0,2013
Houston Christian,14.0,17.0,0.452,-15.25,-8.1,1982.0,2080.0,2013
Howard,7.0,24.0,0.226,-14.41,-5.34,1615.0,1868.0,2013
Idaho,12.0,18.0,0.4,-2.23,0.29,2050.0,2079.0,2013
Idaho State,6.0,24.0,0.2,-13.08,-4.94,1710.0,1928.0,2013
Illinois,23.0,13.0,0.639,13.18,10.04,2465.0,2332.0,2013
Illinois State,18.0,15.0,0.545,9.61,3.7,2460.0,2265.0,2013
Illinois-Chicago,18.0,16.0,0.529,-1.79,-0.69,2136.0,2134.0,2013
Indiana,29.0,7.0,0.806,24.92,8.39,2831.0,2236.0,2013
Indiana State,18.0,15.0,0.545,5.08,5.64,2159.0,2164.0,2013
Iona,20.0,14.0,0.588,4.06,0.0,2733.0,2595.0,2013
nan,,,,,,,,2013
School,,,,,,,,2013
Iowa,25.0,13.0,0.658,14.22,6.93,2665.0,2388.0,2013
Iowa State,23.0,12.0,0.657,14.5,6.13,2779.0,2486.0,2013
IU Indy,6.0,26.0,0.188,-15.92,-2.79,2096.0,2451.0,2013
Jackson State,11.0,18.0,0.379,-14.82,-9.55,1920.0,2073.0,2013
Jacksonville,14.0,18.0,0.438,-10.2,-4.47,2181.0,2300.0,2013
Jacksonville State,17.0,11.0,0.607,-4.47,-4.28,1857.0,1817.0,2013
James Madison,21.0,15.0,0.583,-1.67,-2.22,2346.0,2326.0,2013
Kansas,31.0,6.0,0.838,20.79,7.55,2782.0,2292.0,2013
Kansas City,8.0,24.0,0.25,-13.61,-2.74,1950.0,2252.0,2013
Kansas State,27.0,8.0,0.771,13.54,6.54,2414.0,2115.0,2013
Kennesaw State,3.0,27.0,0.1,-15.13,-4.5,1831.0,2150.0,2013
Kent State,21.0,14.0,0.6,2.38,-0.82,2484.0,2373.0,2013
Kentucky,21.0,12.0,0.636,13.96,5.81,2396.0,2127.0,2013
La Salle,24.0,10.0,0.706,10.15,4.47,2450.0,2257.0,2013
Lafayette,19.0,15.0,0.559,-2.99,-2.35,2349.0,2346.0,2013
Lamar,3.0,28.0,0.097,-20.56,-3.27,1862.0,2398.0,2013
Lehigh,21.0,10.0,0.677,3.96,-3.0,2266.0,2022.0,2013
Liberty,15.0,21.0,0.417,-9.11,-5.78,2489.0,2519.0,2013
Lipscomb,12.0,18.0,0.4,-11.41,-3.17,2079.0,2300.0,2013
Little Rock,17.0,15.0,0.531,-4.34,-2.21,2127.0,2132.0,2013
nan,,,,,,,,2013
School,,,,,,,,2013
Long Beach State,19.0,14.0,0.576,-1.48,1.62,2291.0,2360.0,2013
Long Island University,20.0,14.0,0.588,-3.19,-5.78,2677.0,2589.0,2013
Longwood,8.0,25.0,0.242,-19.32,-5.07,2270.0,2687.0,2013
Louisiana,13.0,20.0,0.394,-4.9,-2.22,2337.0,2413.0,2013
Louisiana State,19.0,12.0,0.613,5.82,4.01,2194.0,2138.0,2013
Louisiana Tech,27.0,7.0,0.794,5.47,-2.08,2470.0,2151.0,2013
Louisiana-Monroe,4.0,23.0,0.148,-13.95,-1.43,1621.0,1959.0,2013
Louisville,35.0,5.0,0.875,24.82,9.14,2978.0,2351.0,2013
Loyola (IL),15.0,16.0,0.484,-1.02,-2.29,1995.0,1934.0,2013
Loyola (MD),23.0,12.0,0.657,1.35,-2.08,2341.0,2221.0,2013
Loyola Marymount,11.0,23.0,0.324,-3.1,2.81,2202.0,2338.0,2013
Maine,11.0,19.0,0.367,-9.55,-4.1,1988.0,2091.0,2013
Manhattan,14.0,18.0,0.438,-1.96,-0.36,1865.0,1916.0,2013
Marist,10.0,21.0,0.323,-6.33,-1.62,2045.0,2191.0,2013
Marquette,26.0,9.0,0.743,14.05,8.59,2382.0,2191.0,2013
Marshall,13.0,19.0,0.406,-3.61,0.94,2208.0,2327.0,2013
Maryland,25.0,13.0,0.658,11.39,4.68,2688.0,2433.0,2013
Maryland-Baltimore County,8.0,23.0,0.258,-12.48,-3.68,1970.0,2216.0,2013
Maryland-Eastern Shore,2.0,26.0,0.071,-19.66,-5.16,1535.0,1941.0,2013
Massachusetts,21.0,12.0,0.636,5.84,4.57,2408.0,2366.0,2013
nan,,,,,,,,2013
School,,,,,,,,2013
McNeese State,14.0,17.0,0.452,-11.5,-4.64,2055.0,2172.0,2013
Memphis,31.0,5.0,0.861,12.28,2.73,2681.0,2337.0,2013
Mercer,24.0,12.0,0.667,0.94,-3.82,2371.0,2135.0,2013
Miami (FL),29.0,7.0,0.806,16.98,7.87,2509.0,2181.0,2013
Miami (OH),9.0,22.0,0.29,-6.62,-0.25,1954.0,2128.0,2013
Michigan,31.0,8.0,0.795,21.29,10.05,2932.0,2467.0,2013
Michigan State,27.0,9.0,0.75,18.63,10.55,2448.0,2129.0,2013
Middle Tennessee,28.0,6.0,0.824,11.18,-1.5,2405.0,1974.0,2013
Milwaukee,8.0,24.0,0.25,-10.31,-0.25,2007.0,2264.0,2013
Minnesota,21.0,13.0,0.618,16.84,10.31,2337.0,2115.0,2013
Mississippi,27.0,9.0,0.75,14.44,4.17,2779.0,2409.0,2013
Mississippi State,10.0,22.0,0.313,-4.52,4.36,1940.0,2224.0,2013
Mississippi Valley State,5.0,23.0,0.179,-19.14,-8.29,1765.0,2069.0,2013
Missouri,23.0,11.0,0.676,15.42,6.01,2588.0,2268.0,2013
Missouri State,11.0,22.0,0.333,-2.8,4.65,1966.0,2136.0,2013
Monmouth,10.0,21.0,0.323,-12.01,-4.17,2009.0,2252.0,2013
Montana,25.0,7.0,0.781,-1.19,-4.29,2238.0,2096.0,2013
Montana State,13.0,17.0,0.433,-11.0,-6.78,2118.0,2181.0,2013
Morehead State,15.0,18.0,0.455,-5.34,-1.79,2396.0,2408.0,2013
Morgan State,17.0,15.0,0.531,-5.38,-7.5,2162.0,2094.0,2013
nan,,,,,,,,2013
School,,,,,,,,2013
Mount St. Mary's,18.0,14.0,0.563,-5.83,-4.08,2233.0,2289.0,2013
Murray State,21.0,10.0,0.677,1.25,-2.86,2257.0,2071.0,2013
Navy,8.0,23.0,0.258,-11.29,-4.42,1709.0,1888.0,2013
NC State,24.0,11.0,0.686,14.34,7.19,2708.0,2458.0,2013
Nebraska,15.0,18.0,0.455,4.4,9.58,1923.0,2094.0,2013
Nevada,12.0,19.0,0.387,0.35,5.25,2092.0,2229.0,2013
Nevada-Las Vegas,25.0,10.0,0.714,12.81,5.6,2498.0,2206.0,2013
New Hampshire,9.0,20.0,0.31,-8.24,-4.17,1745.0,1819.0,2013
New Mexico,29.0,6.0,0.829,13.24,6.59,2355.0,2122.0,2013
New Mexico State,24.0,11.0,0.686,5.09,0.68,2355.0,2175.0,2013
New Orleans,8.0,18.0,0.308,-21.28,-6.14,1791.0,1958.0,2013
Niagara,19.0,14.0,0.576,0.59,-1.14,2436.0,2379.0,2013
Nicholls State,9.0,21.0,0.3,-10.56,-5.0,2020.0,2187.0,2013
NJIT,16.0,13.0,0.552,-8.34,-9.02,2042.0,1869.0,2013
Norfolk State,21.0,12.0,0.636,-5.76,-6.54,2188.0,2162.0,2013
North Carolina,25.0,11.0,0.694,14.57,8.06,2762.0,2492.0,2013
North Carolina A&T,20.0,17.0,0.541,-6.93,-6.29,2299.0,2291.0,2013
North Carolina Central,22.0,9.0,0.71,-2.22,-7.04,2079.0,1758.0,2013
North Dakota,16.0,17.0,0.485,-8.66,-5.46,2222.0,2243.0,2013
North Dakota State,24.0,10.0,0.706,5.21,-4.01,2282.0,1908.0,2013
nan,,,,,,,,2013
School,,,,,,,,2013
North Florida,13.0,19.0,0.406,-7.09,-2.96,2121.0,2235.0,2013
North Texas,12.0,20.0,0.375,-6.38,-2.71,2117.0,2201.0,2013
Northeastern,20.0,13.0,0.606,-1.34,-1.91,2273.0,2254.0,2013
Northern Arizona,11.0,21.0,0.344,-12.15,-3.69,2140.0,2411.0,2013
Northern Colorado,13.0,18.0,0.419,-7.76,-5.31,2184.0,2181.0,2013
Northern Illinois,5.0,25.0,0.167,-12.0,-2.2,1619.0,1885.0,2013
Northern Iowa,21.0,15.0,0.583,8.58,5.21,2400.0,2229.0,2013
Northern Kentucky,11.0,16.0,0.407,-7.55,-5.15,1582.0,1647.0,2013
Northwestern,13.0,19.0,0.406,5.36,8.29,1943.0,2037.0,2013
Northwestern State,23.0,9.0,0.719,0.39,-3.79,2559.0,2285.0,2013
Notre Dame,25.0,10.0,0.714,13.76,7.24,2450.0,2222.0,2013
Oakland,16.0,17.0,0.485,-4.38,-1.61,2444.0,2485.0,2013
Ohio,24.0,10.0,0.706,6.95,-1.05,2464.0,2192.0,2013
Ohio State,29.0,8.0,0.784,20.19,9.33,2599.0,2197.0,2013
Oklahoma,20.0,12.0,0.625,11.4,7.08,2260.0,2122.0,2013
Oklahoma State,24.0,9.0,0.727,15.57,6.72,2371.0,2079.0,2013
Old Dominion,5.0,25.0,0.167,-7.56,-1.53,1947.0,2128.0,2013
Omaha,11.0,20.0,0.355,-15.19,-3.91,2215.0,2548.0,2013
Oral Roberts,20.0,15.0,0.571,-0.27,-3.03,2484.0,2341.0,2013
Oregon,28.0,9.0,0.757,13.78,5.73,2650.0,2352.0,2013
nan,,,,,,,,2013
School,,,,,,,,2013
Oregon State,14.0,18.0,0.438,6.01,4.26,2304.0,2248.0,2013
Pacific,22.0,13.0,0.629,1.67,0.76,2344.0,2238.0,2013
Penn State,10.0,21.0,0.323,2.86,9.47,1910.0,2115.0,2013
Pennsylvania,9.0,22.0,0.29,-6.95,-1.47,1947.0,2117.0,2013
Pepperdine,12.0,18.0,0.4,-3.85,0.94,1883.0,2021.0,2013
Pittsburgh,24.0,9.0,0.727,18.84,5.66,2282.0,1847.0,2013
Portland,11.0,21.0,0.344,-5.82,3.24,1951.0,2189.0,2013
Portland State,8.0,20.0,0.286,-10.94,-5.64,1929.0,2037.0,2013
Prairie View,15.0,19.0,0.441,-15.63,-10.11,2182.0,2223.0,2013
Presbyterian,8.0,24.0,0.25,-17.43,-4.67,1987.0,2248.0,2013
Princeton,17.0,11.0,0.607,3.17,-1.64,1803.0,1635.0,2013
Providence,19.0,15.0,0.559,9.3,6.56,2299.0,2206.0,2013
Purdue,16.0,18.0,0.471,9.04,7.87,2252.0,2212.0,2013
Purdue Fort Wayne,16.0,17.0,0.485,-6.99,-5.31,2213.0,2178.0,2013
Quinnipiac,15.0,16.0,0.484,-4.74,-4.9,2225.0,2220.0,2013
Radford,13.0,19.0,0.406,-10.83,-7.27,2136.0,2179.0,2013
Rhode Island,8.0,21.0,0.276,-0.58,4.97,1786.0,1947.0,2013
Rice,5.0,26.0,0.161,-11.13,0.01,1875.0,2199.0,2013
Richmond,19.0,15.0,0.559,6.92,3.45,2380.0,2262.0,2013
Rider,19.0,15.0,0.559,-1.19,-1.63,2166.0,2151.0,2013
nan,,,,,,,,2013
School,,,,,,,,2013
Robert Morris,24.0,11.0,0.686,0.25,-4.89,2480.0,2300.0,2013
Rutgers,15.0,16.0,0.484,5.98,6.79,2027.0,2052.0,2013
Sacramento State,14.0,15.0,0.483,-9.5,-6.88,1876.0,1904.0,2013
Sacred Heart,9.0,20.0,0.31,-9.75,-3.68,2036.0,2212.0,2013
Saint Francis (PA),5.0,24.0,0.172,-15.15,-4.36,1804.0,2117.0,2013
Saint Joseph's,18.0,14.0,0.563,7.33,4.05,2150.0,2045.0,2013
Saint Louis,28.0,7.0,0.8,14.35,4.29,2388.0,2036.0,2013
Saint Mary's (CA),28.0,7.0,0.8,14.46,3.26,2610.0,2203.0,2013
Saint Peter's,9.0,21.0,0.3,-9.04,-2.9,1788.0,1972.0,2013
Sam Houston,17.0,17.0,0.5,-6.48,-5.19,2168.0,2080.0,2013
Samford,11.0,21.0,0.344,-10.02,-4.34,1957.0,2114.0,2013
San Diego,16.0,18.0,0.471,-0.6,2.56,2215.0,2260.0,2013
San Diego State,23.0,11.0,0.676,12.95,6.14,2356.0,2077.0,2013
San Francisco,15.0,16.0,0.484,2.44,2.85,2161.0,2141.0,2013
San Jose State,9.0,20.0,0.31,-9.43,-0.96,1802.0,1999.0,2013
Santa Clara,26.0,12.0,0.684,6.54,1.68,2827.0,2577.0,2013
Savannah State,19.0,15.0,0.559,-5.4,-4.71,1931.0,1887.0,2013
Seattle,8.0,22.0,0.267,-4.56,-1.08,1966.0,2058.0,2013
Seton Hall,15.0,18.0,0.455,5.55,5.97,2136.0,2150.0,2013
Siena,8.0,24.0,0.25,-10.23,-1.86,1921.0,2189.0,2013
nan,,,,,,,,2013
School,,,,,,,,2013
South Alabama,17.0,13.0,0.567,-2.88,-2.95,2060.0,2040.0,2013
South Carolina,14.0,18.0,0.438,-0.68,2.14,2115.0,2205.0,2013
South Carolina State,6.0,24.0,0.2,-18.14,-5.07,1808.0,2135.0,2013
South Carolina Upstate,16.0,17.0,0.485,-3.33,-4.53,2315.0,2194.0,2013
South Dakota,10.0,20.0,0.333,-7.5,-2.93,2113.0,2208.0,2013
South Dakota State,25.0,10.0,0.714,2.35,-3.27,2568.0,2300.0,2013
South Florida,12.0,19.0,0.387,4.31,7.72,1822.0,1928.0,2013
Southeast Missouri State,17.0,16.0,0.515,-5.49,-6.04,2446.0,2360.0,2013
Southeastern Louisiana,13.0,18.0,0.419,-10.67,-3.77,1965.0,2113.0,2013
Southern,23.0,10.0,0.697,-2.62,-10.32,2223.0,1890.0,2013
Southern California,14.0,18.0,0.438,6.26,8.19,2101.0,2163.0,2013
Southern Illinois,14.0,17.0,0.452,-0.84,2.26,1964.0,2019.0,2013
SIU Edwardsville,9.0,18.0,0.333,-11.17,-4.65,1699.0,1827.0,2013
Southern Methodist,15.0,17.0,0.469,-0.59,-1.34,2064.0,2007.0,2013
Southern Mississippi,27.0,10.0,0.73,8.95,1.49,2733.0,2348.0,2013
Southern Utah,11.0,20.0,0.355,-12.14,-5.11,2066.0,2230.0,2013
St. Bonaventure,14.0,15.0,0.483,3.45,2.73,2109.0,2088.0,2013
St. Francis (NY),12.0,18.0,0.4,-5.91,-4.74,2108.0,2143.0,2013
St. John's (NY),17.0,16.0,0.515,5.82,7.18,2138.0,2183.0,2013
Stanford,19.0,15.0,0.559,11.36,7.33,2397.0,2260.0,2013
nan,,,,,,,,2013
School,,,,,,,,2013
Stephen F. Austin,27.0,5.0,0.844,4.23,-6.67,2075.0,1639.0,2013
Stetson,15.0,16.0,0.484,-6.13,-4.13,2180.0,2218.0,2013
Stony Brook,25.0,8.0,0.758,5.61,-4.11,2245.0,1898.0,2013
Syracuse,30.0,10.0,0.75,20.3,8.57,2816.0,2347.0,2013
TCU,11.0,21.0,0.344,-4.28,4.39,1761.0,2002.0,2013
Temple,24.0,10.0,0.706,9.54,5.21,2456.0,2309.0,2013
Tennessee,20.0,13.0,0.606,9.04,6.07,2189.0,2091.0,2013
Tennessee State,18.0,15.0,0.545,-2.14,-1.27,2360.0,2308.0,2013
Tennessee Tech,12.0,17.0,0.414,-9.58,-3.21,1878.0,1951.0,2013
Tennessee-Martin,9.0,21.0,0.3,-16.54,-4.14,2008.0,2295.0,2013
Texas,16.0,18.0,0.471,6.84,6.54,2229.0,2232.0,2013
Texas A&M,18.0,15.0,0.545,6.51,4.87,2103.0,2049.0,2013
Texas A&M-Corpus Christi,6.0,23.0,0.207,-11.78,-3.68,1746.0,1962.0,2013
Texas Southern,17.0,14.0,0.548,-2.12,-7.28,2179.0,2019.0,2013
Texas State,12.0,22.0,0.353,-6.39,-0.93,2398.0,2558.0,2013
Texas Tech,11.0,20.0,0.355,-3.1,4.32,2026.0,2256.0,2013
Texas-Rio Grande Valley,16.0,16.0,0.5,-13.37,-8.19,2101.0,2155.0,2013
The Citadel,8.0,22.0,0.267,-16.96,-5.42,1931.0,2195.0,2013
Toledo,15.0,13.0,0.536,-2.42,-3.03,1928.0,1911.0,2013
Towson,18.0,13.0,0.581,-1.89,-2.56,2125.0,2066.0,2013
nan,,,,,,,,2013
School,,,,,,,,2013
Troy,12.0,21.0,0.364,-8.75,-4.0,2046.0,2203.0,2013
Tulane,20.0,15.0,0.571,1.87,-1.8,2436.0,2299.0,2013
Tulsa,17.0,16.0,0.515,-1.06,0.94,2241.0,2249.0,2013
UAB,16.0,17.0,0.485,0.27,1.52,2357.0,2351.0,2013
UC Davis,14.0,17.0,0.452,-3.8,-2.87,2210.0,2239.0,2013
UC Irvine,21.0,16.0,0.568,-0.15,-0.97,2558.0,2418.0,2013
UC Riverside,6.0,25.0,0.194,-11.81,-2.02,1829.0,2062.0,2013
UC Santa Barbara,11.0,20.0,0.355,-4.53,0.1,2003.0,2090.0,2013
UCF,20.0,11.0,0.645,3.46,0.98,2194.0,2079.0,2013
UCLA,25.0,10.0,0.714,12.82,7.77,2604.0,2427.0,2013
UNC Asheville,16.0,16.0,0.5,-3.63,-3.94,2296.0,2213.0,2013
UNC Greensboro,9.0,22.0,0.29,-9.38,-5.28,2222.0,2286.0,2013
UNC Wilmington,10.0,20.0,0.333,-10.07,-2.24,1899.0,2111.0,2013
UT Arlington,19.0,14.0,0.576,0.55,-0.94,2121.0,2072.0,2013
Utah,15.0,18.0,0.455,4.7,6.63,2117.0,2086.0,2013
Utah State,21.0,10.0,0.677,3.75,-0.72,2134.0,1971.0,2013
Utah Valley,14.0,18.0,0.438,-11.39,-7.04,2157.0,2165.0,2013
UTEP,18.0,14.0,0.563,4.62,2.37,2042.0,1970.0,2013
UTSA,10.0,22.0,0.313,-6.48,-1.01,2048.0,2223.0,2013
Valparaiso,26.0,8.0,0.765,7.15,-1.12,2420.0,2119.0,2013
nan,,,,,,,,2013
School,,,,,,,,2013
Vanderbilt,16.0,17.0,0.485,6.26,6.05,1991.0,1984.0,2013
Vermont,21.0,12.0,0.636,-0.12,-4.45,2097.0,1954.0,2013
Villanova,20.0,14.0,0.588,10.75,8.54,2307.0,2214.0,2013
Virginia,23.0,12.0,0.657,12.91,4.25,2248.0,1945.0,2013
Virginia Commonwealth,27.0,9.0,0.75,16.97,4.55,2770.0,2323.0,2013
VMI,14.0,17.0,0.452,-11.36,-7.08,2423.0,2411.0,2013
Virginia Tech,13.0,19.0,0.406,1.8,6.34,2248.0,2393.0,2013
Wagner,19.0,12.0,0.613,-3.22,-5.06,2136.0,2079.0,2013
Wake Forest,13.0,18.0,0.419,3.44,6.19,2093.0,2178.0,2013
Washington,18.0,16.0,0.529,7.88,7.18,2309.0,2285.0,2013
Washington State,13.0,19.0,0.406,6.65,5.22,2061.0,2015.0,2013
Weber State,30.0,7.0,0.811,5.78,-5.71,2800.0,2275.0,2013
West Virginia,13.0,19.0,0.406,4.61,6.55,2116.0,2178.0,2013
Western Carolina,14.0,19.0,0.424,-6.42,-4.39,2288.0,2299.0,2013
Western Illinois,22.0,9.0,0.71,-1.87,-5.42,1845.0,1663.0,2013
Western Kentucky,20.0,16.0,0.556,-0.63,-1.12,2409.0,2364.0,2013
Western Michigan,22.0,13.0,0.629,0.42,-1.44,2345.0,2237.0,2013
Wichita State,30.0,9.0,0.769,14.68,6.09,2720.0,2385.0,2013
William & Mary,13.0,17.0,0.433,-4.01,-3.42,2064.0,2048.0,2013
Winthrop,14.0,17.0,0.452,-8.57,-4.39,1859.0,1897.0,2013
nan,,,,,,,,2013
School,,,,,,,,2013
Wisconsin,23.0,12.0,0.657,18.76,9.73,2274.0,1958.0,2013
Wofford,13.0,19.0,0.406,-6.71,-4.61,1858.0,1890.0,2013
Wright State,23.0,13.0,0.639,2.25,-1.15,2233.0,2105.0,2013
Wyoming,20.0,14.0,0.588,5.32,4.54,2074.0,2010.0,2013
Xavier,17.0,14.0,0.548,7.71,4.97,2021.0,1936.0,2013
Yale,14.0,17.0,0.452,-3.94,-0.8,2079.0,2056.0,2013
Youngstown State,18.0,16.0,0.529,-2.13,-0.8,2426.0,2356.0,2013
Abilene Christian,11.0,20.0,0.355,-19.6,-4.12,2214.0,2228.0,2014
Air Force,12.0,18.0,0.4,-4.08,1.71,1980.0,2074.0,2014
Akron,21.0,13.0,0.618,1.16,-0.48,2332.0,2276.0,2014
Alabama,13.0,19.0,0.406,8.34,8.88,2170.0,2150.0,2014
Alabama A&M,14.0,16.0,0.467,-13.86,-10.58,1936.0,2010.0,2014
Alabama State,19.0,13.0,0.594,-12.84,-11.4,2265.0,2225.0,2014
Albany (NY),19.0,15.0,0.559,-3.31,-5.22,2239.0,2174.0,2014
Alcorn State,12.0,19.0,0.387,-15.95,-9.27,1985.0,2101.0,2014
American,20.0,13.0,0.606,0.69,-3.25,2081.0,1951.0,2014
Appalachian State,9.0,21.0,0.3,-15.32,-7.13,2034.0,2152.0,2014
Arizona,33.0,5.0,0.868,23.36,9.04,2769.0,2225.0,2014
Arizona State,21.0,12.0,0.636,13.32,7.41,2486.0,2291.0,2014
Arkansas,22.0,12.0,0.647,14.34,5.57,2723.0,2425.0,2014
Arkansas State,19.0,13.0,0.594,-0.44,-3.18,2432.0,2299.0,2014
Arkansas-Pine Bluff,13.0,18.0,0.419,-15.39,-6.9,1957.0,2188.0,2014
Army,15.0,16.0,0.484,-6.16,-4.66,2244.0,2269.0,2014
Auburn,14.0,16.0,0.467,5.11,5.47,2144.0,2155.0,2014
Austin Peay,12.0,18.0,0.4,-10.5,-5.78,2287.0,2368.0,2014
Ball State,5.0,25.0,0.167,-10.17,0.65,1967.0,2214.0,2014
Baylor,26.0,12.0,0.684,15.8,10.11,2843.0,2577.0,2014
nan,,,,,,,,2014
School,,,,,,,,2014
Belmont,26.0,10.0,0.722,3.29,-1.88,2876.0,2661.0,2014
Bethune-Cookman,7.0,25.0,0.219,-16.86,-7.53,2032.0,2252.0,2014
Binghamton,7.0,23.0,0.233,-16.15,-6.15,1840.0,2140.0,2014
Boise State,21.0,13.0,0.618,8.83,3.86,2591.0,2347.0,2014
Boston College,8.0,24.0,0.25,3.01,8.62,2197.0,2354.0,2014
Boston University,24.0,11.0,0.686,1.77,-2.4,2492.0,2346.0,2014
Bowling Green,12.0,20.0,0.375,-3.45,-0.2,2007.0,2055.0,2014
Bradley,12.0,20.0,0.375,-2.72,-0.31,2036.0,2113.0,2014
Brigham Young,23.0,12.0,0.657,11.63,5.72,2931.0,2706.0,2014
Brown,15.0,14.0,0.517,-1.44,-4.04,2065.0,1951.0,2014
Bryant,18.0,14.0,0.563,-4.25,-4.89,2351.0,2304.0,2014
Bucknell,16.0,14.0,0.533,-1.3,-3.14,1977.0,1922.0,2014
Buffalo,19.0,10.0,0.655,3.58,-2.13,2132.0,1952.0,2014
Butler,14.0,17.0,0.452,7.04,6.98,2125.0,2064.0,2014
Cal Poly,14.0,20.0,0.412,-1.34,1.69,2141.0,2163.0,2014
Cal State Bakersfield,13.0,19.0,0.406,-4.86,-4.31,2215.0,2189.0,2014
Cal State Fullerton,11.0,20.0,0.355,-5.08,-1.12,2092.0,2215.0,2014
Cal State Northridge,17.0,18.0,0.486,-4.89,-3.29,2689.0,2712.0,2014
California,21.0,14.0,0.6,10.7,7.44,2533.0,2419.0,2014
Campbell,12.0,20.0,0.375,-14.04,-7.33,2164.0,2291.0,2014
nan,,,,,,,,2014
School,,,,,,,,2014
Canisius,21.0,13.0,0.618,1.24,-1.95,2661.0,2570.0,2014
Central Arkansas,8.0,21.0,0.276,-16.25,-5.54,2165.0,2360.0,2014
Central Connecticut State,11.0,19.0,0.367,-13.1,-6.06,2117.0,2318.0,2014
Central Michigan,10.0,21.0,0.323,-8.82,-2.72,2246.0,2288.0,2014
Charleston Southern,13.0,18.0,0.419,-5.27,-5.75,2523.0,2242.0,2014
Charlotte,17.0,14.0,0.548,-0.69,-0.5,2215.0,2221.0,2014
Chattanooga,18.0,15.0,0.545,-10.83,-7.9,2489.0,2439.0,2014
Chicago State,13.0,19.0,0.406,-10.47,-2.44,2232.0,2439.0,2014
Cincinnati,27.0,7.0,0.794,15.26,5.28,2325.0,1986.0,2014
Clemson,23.0,13.0,0.639,11.08,5.97,2287.0,2103.0,2014
Cleveland State,21.0,12.0,0.636,4.38,-0.52,2410.0,2186.0,2014
Coastal Carolina,21.0,13.0,0.618,-5.21,-6.31,2458.0,2326.0,2014
Colgate,13.0,18.0,0.419,-2.51,-4.08,2158.0,2083.0,2014
College of Charleston,14.0,18.0,0.438,-2.02,-1.89,2016.0,2006.0,2014
Colorado,23.0,12.0,0.657,10.8,8.8,2457.0,2387.0,2014
Colorado State,16.0,16.0,0.5,3.29,2.16,2347.0,2230.0,2014
Columbia,21.0,13.0,0.618,2.21,-1.92,2313.0,2151.0,2014
Connecticut,32.0,8.0,0.8,17.23,8.63,2873.0,2529.0,2014
Coppin State,12.0,20.0,0.375,-11.09,-4.99,2231.0,2403.0,2014
Cornell,2.0,26.0,0.071,-15.6,0.03,1795.0,2195.0,2014
nan,,,,,,,,2014
School,,,,,,,,2014
Creighton,27.0,8.0,0.771,18.03,7.17,2756.0,2376.0,2014
Dartmouth,12.0,16.0,0.429,-4.85,-3.24,1905.0,1864.0,2014
Davidson,20.0,13.0,0.606,0.81,-3.73,2591.0,2404.0,2014
Dayton,26.0,11.0,0.703,10.55,5.34,2671.0,2478.0,2014
Delaware,25.0,10.0,0.714,2.73,-1.1,2782.0,2648.0,2014
Delaware State,9.0,21.0,0.3,-12.64,-6.11,1847.0,1946.0,2014
Denver,16.0,15.0,0.516,0.84,-0.42,2044.0,1999.0,2014
DePaul,12.0,21.0,0.364,1.5,7.47,2290.0,2487.0,2014
Detroit Mercy,13.0,19.0,0.406,-3.25,-0.25,2275.0,2267.0,2014
Drake,15.0,16.0,0.484,-0.77,1.03,2116.0,2115.0,2014
Drexel,16.0,14.0,0.533,1.23,-0.24,2064.0,2020.0,2014
Duke,26.0,9.0,0.743,19.51,8.48,2745.0,2359.0,2014
Duquesne,13.0,17.0,0.433,0.66,1.03,2200.0,2211.0,2014
East Carolina,17.0,17.0,0.5,-4.08,-2.41,2477.0,2411.0,2014
East Tennessee State,19.0,16.0,0.543,-5.93,-6.08,2689.0,2663.0,2014
Eastern Illinois,11.0,19.0,0.367,-11.53,-4.21,2030.0,2206.0,2014
Eastern Kentucky,24.0,10.0,0.706,0.6,-4.34,2677.0,2411.0,2014
Eastern Michigan,22.0,15.0,0.595,1.79,0.67,2423.0,2270.0,2014
Eastern Washington,15.0,16.0,0.484,-5.32,-4.15,2362.0,2329.0,2014
Elon,18.0,14.0,0.563,-4.02,-4.5,2392.0,2281.0,2014
nan,,,,,,,,2014
School,,,,,,,,2014
Evansville,14.0,19.0,0.424,-3.12,1.2,2290.0,2383.0,2014
Fairfield,7.0,25.0,0.219,-7.37,-0.81,2030.0,2240.0,2014
FDU,10.0,21.0,0.323,-11.24,-4.07,2157.0,2358.0,2014
Florida,36.0,3.0,0.923,20.69,8.54,2727.0,2253.0,2014
Florida A&M,14.0,18.0,0.438,-12.31,-7.58,2281.0,2370.0,2014
Florida Atlantic,10.0,22.0,0.313,-5.12,-0.42,2120.0,2192.0,2014
Florida Gulf Coast,22.0,13.0,0.629,-1.97,-5.76,2504.0,2339.0,2014
Florida International,15.0,16.0,0.484,-5.4,-1.58,2128.0,2170.0,2014
Florida State,22.0,14.0,0.611,12.63,8.13,2554.0,2392.0,2014
Fordham,10.0,21.0,0.323,-3.16,3.14,2224.0,2419.0,2014
Fresno State,21.0,18.0,0.538,3.59,3.75,2837.0,2749.0,2014
Furman,9.0,21.0,0.3,-17.44,-7.4,1955.0,2196.0,2014
Gardner-Webb,18.0,15.0,0.545,-7.33,-6.9,2425.0,2309.0,2014
George Mason,11.0,20.0,0.355,2.03,4.58,2154.0,2233.0,2014
George Washington,24.0,9.0,0.727,10.6,4.42,2415.0,2211.0,2014
Georgetown,18.0,15.0,0.545,10.96,8.27,2344.0,2255.0,2014
Georgia,20.0,14.0,0.588,7.9,5.78,2343.0,2271.0,2014
Georgia Southern,15.0,19.0,0.441,-11.44,-8.6,2406.0,2395.0,2014
Georgia State,25.0,9.0,0.735,6.04,-2.56,2641.0,2330.0,2014
Georgia Tech,16.0,17.0,0.485,5.12,5.24,2200.0,2204.0,2014
nan,,,,,,,,2014
School,,,,,,,,2014
Gonzaga,29.0,7.0,0.806,15.56,5.36,2761.0,2372.0,2014
Grambling,5.0,24.0,0.172,-24.61,-9.05,1903.0,2316.0,2014
Grand Canyon,15.0,15.0,0.5,-6.4,-3.51,2163.0,2152.0,2014
Green Bay,24.0,7.0,0.774,7.18,0.11,2304.0,1999.0,2014
Hampton,18.0,13.0,0.581,-5.17,-7.91,2262.0,2177.0,2014
Hartford,17.0,16.0,0.515,-6.63,-6.18,2162.0,2177.0,2014
Harvard,27.0,5.0,0.844,10.79,-0.47,2343.0,1952.0,2014
Hawaii,20.0,11.0,0.645,3.43,-1.68,2479.0,2270.0,2014
High Point,16.0,15.0,0.516,-8.23,-5.23,2203.0,2253.0,2014
Hofstra,10.0,23.0,0.303,-6.56,-1.89,2260.0,2414.0,2014
Holy Cross,20.0,14.0,0.588,-1.58,-3.28,2277.0,2219.0,2014
Houston,17.0,16.0,0.515,2.68,4.62,2345.0,2409.0,2014
Houston Christian,6.0,25.0,0.194,-17.39,-5.39,2091.0,2373.0,2014
Howard,8.0,25.0,0.242,-16.77,-5.22,2020.0,2344.0,2014
Idaho,16.0,18.0,0.471,-6.42,-3.72,2461.0,2536.0,2014
Idaho State,11.0,18.0,0.379,-6.42,-4.72,2054.0,2036.0,2014
Illinois,20.0,15.0,0.571,10.33,8.28,2248.0,2176.0,2014
Illinois State,18.0,16.0,0.529,1.08,1.77,2323.0,2329.0,2014
Illinois-Chicago,6.0,25.0,0.194,-7.17,0.63,2071.0,2248.0,2014
Incarnate Word,21.0,6.0,0.778,-8.47,-10.74,2216.0,1935.0,2014
nan,,,,,,,,2014
School,,,,,,,,2014
Indiana,17.0,15.0,0.531,11.32,6.64,2312.0,2162.0,2014
Indiana State,23.0,11.0,0.676,3.29,1.19,2416.0,2328.0,2014
Iona,22.0,11.0,0.667,5.96,-0.1,2760.0,2560.0,2014
Iowa,20.0,13.0,0.606,18.58,7.43,2689.0,2321.0,2014
Iowa State,28.0,8.0,0.778,18.52,9.88,2989.0,2678.0,2014
IU Indy,6.0,26.0,0.188,-14.33,-1.36,2126.0,2383.0,2014
Jackson State,11.0,20.0,0.355,-11.62,-8.72,2041.0,2131.0,2014
Jacksonville,12.0,18.0,0.4,-11.86,-4.86,2231.0,2385.0,2014
Jacksonville State,10.0,21.0,0.323,-11.97,-5.14,2014.0,2176.0,2014
James Madison,11.0,20.0,0.355,-7.65,-2.2,1961.0,2130.0,2014
Kansas,25.0,10.0,0.714,20.25,11.4,2764.0,2454.0,2014
Kansas City,10.0,20.0,0.333,-9.0,-1.93,2085.0,2295.0,2014
Kansas State,20.0,13.0,0.606,12.14,8.47,2280.0,2159.0,2014
Kennesaw State,6.0,25.0,0.194,-16.16,-4.05,2016.0,2304.0,2014
Kent State,16.0,16.0,0.5,-1.81,-1.94,2228.0,2188.0,2014
Kentucky,29.0,11.0,0.725,18.07,9.9,2992.0,2665.0,2014
La Salle,15.0,16.0,0.484,4.1,4.75,2100.0,2120.0,2014
Lafayette,11.0,20.0,0.355,-7.64,-3.38,2212.0,2315.0,2014
Lamar,4.0,26.0,0.133,-16.61,-6.04,2001.0,2318.0,2014
Lehigh,14.0,18.0,0.438,-6.52,-3.83,2121.0,2207.0,2014
nan,,,,,,,,2014
School,,,,,,,,2014
Liberty,11.0,21.0,0.344,-10.26,-7.47,2250.0,2234.0,2014
Lipscomb,15.0,15.0,0.5,-8.2,-5.13,2276.0,2355.0,2014
Little Rock,15.0,17.0,0.469,-5.39,-1.09,2288.0,2371.0,2014
Long Beach State,15.0,17.0,0.469,1.44,2.71,2236.0,2255.0,2014
Long Island University,9.0,20.0,0.31,-13.66,-5.55,2080.0,2315.0,2014
Longwood,8.0,24.0,0.25,-20.31,-5.56,2235.0,2570.0,2014
Louisiana,23.0,12.0,0.657,2.91,-0.28,2835.0,2633.0,2014
Louisiana State,20.0,14.0,0.588,10.05,6.61,2540.0,2423.0,2014
Louisiana Tech,29.0,8.0,0.784,12.44,-1.2,2998.0,2460.0,2014
Louisiana-Monroe,10.0,17.0,0.37,-5.21,0.02,1738.0,1851.0,2014
Louisville,31.0,6.0,0.838,24.69,4.8,2998.0,2262.0,2014
Loyola (IL),10.0,22.0,0.313,-4.75,-1.14,2105.0,2199.0,2014
Loyola (MD),11.0,19.0,0.367,-10.58,-3.23,1957.0,2158.0,2014
Loyola Marymount,13.0,19.0,0.406,-0.49,4.03,2345.0,2468.0,2014
Maine,6.0,23.0,0.207,-17.58,-4.72,2091.0,2404.0,2014
Manhattan,25.0,8.0,0.758,6.04,-0.9,2540.0,2311.0,2014
Marist,12.0,19.0,0.387,-4.94,-1.27,2119.0,2233.0,2014
Marquette,17.0,15.0,0.531,10.08,6.61,2310.0,2199.0,2014
Marshall,11.0,22.0,0.333,-4.42,-1.32,2385.0,2375.0,2014
Maryland,17.0,15.0,0.531,11.33,8.08,2270.0,2166.0,2014
nan,,,,,,,,2014
School,,,,,,,,2014
Maryland-Baltimore County,9.0,21.0,0.3,-14.21,-6.55,1968.0,2185.0,2014
Maryland-Eastern Shore,6.0,24.0,0.2,-17.03,-6.61,1996.0,2251.0,2014
Massachusetts,24.0,9.0,0.727,10.61,6.0,2502.0,2350.0,2014
Massachusetts-Lowell,10.0,18.0,0.357,-13.71,-4.53,1718.0,1938.0,2014
McNeese State,11.0,20.0,0.355,-13.15,-4.01,2111.0,2358.0,2014
Memphis,24.0,10.0,0.706,13.02,7.14,2614.0,2397.0,2014
Mercer,27.0,9.0,0.75,5.33,-3.42,2836.0,2410.0,2014
Miami (FL),17.0,16.0,0.515,7.6,5.63,2029.0,1964.0,2014
Miami (OH),13.0,18.0,0.419,-4.37,0.13,2023.0,2160.0,2014
Michigan,28.0,9.0,0.757,18.52,9.65,2736.0,2408.0,2014
Michigan State,29.0,9.0,0.763,19.35,9.38,2870.0,2491.0,2014
Middle Tennessee,24.0,9.0,0.727,4.77,-0.78,2339.0,2067.0,2014
Milwaukee,21.0,14.0,0.6,-1.53,-0.44,2465.0,2469.0,2014
Minnesota,25.0,13.0,0.658,11.75,8.34,2715.0,2574.0,2014
Mississippi,19.0,14.0,0.576,7.84,5.36,2482.0,2400.0,2014
Mississippi State,14.0,19.0,0.424,-0.86,2.75,2234.0,2353.0,2014
Mississippi Valley State,9.0,23.0,0.281,-21.08,-8.35,2293.0,2582.0,2014
Missouri,23.0,12.0,0.657,10.06,6.86,2553.0,2441.0,2014
Missouri State,20.0,13.0,0.606,0.81,1.22,2262.0,2251.0,2014
Monmouth,11.0,21.0,0.344,-6.96,-2.9,2208.0,2338.0,2014
nan,,,,,,,,2014
School,,,,,,,,2014
Montana,17.0,13.0,0.567,-4.52,-5.23,2123.0,2070.0,2014
Montana State,14.0,17.0,0.452,-10.7,-5.83,2109.0,2165.0,2014
Morehead State,20.0,14.0,0.588,-1.88,-3.1,2603.0,2483.0,2014
Morgan State,15.0,16.0,0.484,-5.81,-5.03,2215.0,2239.0,2014
Mount St. Mary's,16.0,17.0,0.485,-6.32,-4.44,2504.0,2566.0,2014
Murray State,23.0,11.0,0.676,0.98,-3.58,2647.0,2446.0,2014
Navy,9.0,21.0,0.3,-11.95,-5.46,1820.0,1957.0,2014
NC State,22.0,14.0,0.611,9.02,7.44,2561.0,2504.0,2014
Nebraska,19.0,13.0,0.594,10.13,8.5,2137.0,2085.0,2014
Nevada,15.0,17.0,0.469,1.98,3.48,2316.0,2364.0,2014
Nevada-Las Vegas,20.0,13.0,0.606,8.55,2.76,2355.0,2164.0,2014
New Hampshire,6.0,24.0,0.2,-13.97,-5.9,1735.0,1945.0,2014
New Mexico,27.0,7.0,0.794,12.72,4.84,2516.0,2248.0,2014
New Mexico State,26.0,10.0,0.722,6.16,-2.58,2771.0,2415.0,2014
New Orleans,11.0,15.0,0.423,-15.03,-5.53,1858.0,1987.0,2014
Niagara,7.0,26.0,0.212,-8.16,-1.34,2484.0,2709.0,2014
Nicholls State,14.0,15.0,0.483,-13.13,-7.67,1986.0,2114.0,2014
NJIT,13.0,16.0,0.448,-12.52,-7.48,2109.0,2061.0,2014
Norfolk State,19.0,15.0,0.559,-7.82,-7.17,2428.0,2398.0,2014
North Carolina,24.0,10.0,0.706,15.24,8.42,2604.0,2372.0,2014
nan,,,,,,,,2014
School,,,,,,,,2014
North Carolina A&T,9.0,23.0,0.281,-16.43,-7.4,2089.0,2342.0,2014
North Carolina Central,28.0,6.0,0.824,3.97,-8.03,2513.0,2023.0,2014
North Dakota,17.0,17.0,0.5,-6.84,-3.78,2526.0,2537.0,2014
North Dakota State,26.0,7.0,0.788,6.31,-0.02,2492.0,2164.0,2014
North Florida,16.0,16.0,0.5,-7.52,-3.32,2318.0,2377.0,2014
North Texas,16.0,16.0,0.5,-4.67,-1.53,2228.0,2313.0,2014
Northeastern,11.0,21.0,0.344,-3.11,-0.3,2109.0,2199.0,2014
Northern Arizona,15.0,17.0,0.469,-6.6,-4.37,2144.0,2189.0,2014
Northern Colorado,18.0,14.0,0.563,-4.33,-6.09,2364.0,2248.0,2014
Northern Illinois,15.0,17.0,0.469,-3.54,-1.28,1992.0,2012.0,2014
Northern Iowa,16.0,15.0,0.516,5.29,2.85,2256.0,2149.0,2014
Northern Kentucky,9.0,21.0,0.3,-10.53,-4.97,2044.0,2211.0,2014
Northwestern,14.0,19.0,0.424,4.72,8.57,1964.0,2091.0,2014
Northwestern State,17.0,14.0,0.548,-3.59,-4.66,2686.0,2599.0,2014
Notre Dame,15.0,17.0,0.469,8.19,6.78,2303.0,2258.0,2014
Oakland,13.0,20.0,0.394,-2.23,2.78,2455.0,2554.0,2014
Ohio,25.0,12.0,0.676,2.7,-1.17,2647.0,2480.0,2014
Ohio State,25.0,10.0,0.714,17.84,8.12,2432.0,2092.0,2014
Oklahoma,23.0,10.0,0.697,14.91,8.97,2704.0,2508.0,2014
Oklahoma State,21.0,13.0,0.618,19.02,8.34,2728.0,2365.0,2014
nan,,,,,,,,2014
School,,,,,,,,2014
Old Dominion,18.0,18.0,0.5,-1.12,-0.81,2311.0,2322.0,2014
Omaha,17.0,15.0,0.531,-1.19,-2.78,2558.0,2404.0,2014
Oral Roberts,17.0,16.0,0.515,-2.94,-4.43,2357.0,2287.0,2014
Oregon,24.0,10.0,0.706,15.75,8.05,2783.0,2521.0,2014
Oregon State,16.0,16.0,0.5,6.03,5.87,2425.0,2420.0,2014
Pacific,18.0,16.0,0.529,1.74,3.25,2484.0,2523.0,2014
Penn State,16.0,18.0,0.471,7.68,7.06,2409.0,2388.0,2014
Pennsylvania,8.0,20.0,0.286,-6.59,-0.01,1911.0,2095.0,2014
Pepperdine,15.0,16.0,0.484,0.8,2.6,2206.0,2247.0,2014
Pittsburgh,26.0,10.0,0.722,17.46,7.54,2586.0,2229.0,2014
Portland,15.0,16.0,0.484,4.77,1.73,2327.0,2233.0,2014
Portland State,17.0,15.0,0.531,-7.59,-5.59,2320.0,2311.0,2014
Prairie View,11.0,23.0,0.324,-16.72,-7.99,2362.0,2623.0,2014
Presbyterian,6.0,26.0,0.188,-20.71,-7.51,2092.0,2445.0,2014
Princeton,21.0,9.0,0.7,3.01,-2.4,2118.0,1931.0,2014
Providence,23.0,12.0,0.657,11.37,7.85,2566.0,2443.0,2014
Purdue,15.0,17.0,0.469,8.21,7.62,2312.0,2293.0,2014
Purdue Fort Wayne,25.0,11.0,0.694,-0.2,-3.87,2774.0,2555.0,2014
Quinnipiac,20.0,12.0,0.625,-0.13,-2.41,2521.0,2448.0,2014
Radford,22.0,13.0,0.629,-7.9,-8.31,2729.0,2600.0,2014
nan,,,,,,,,2014
School,,,,,,,,2014
Rhode Island,14.0,18.0,0.438,2.87,3.26,2169.0,2178.0,2014
Rice,7.0,23.0,0.233,-9.43,-0.43,1853.0,2083.0,2014
Richmond,19.0,14.0,0.576,5.7,4.3,2196.0,2150.0,2014
Rider,14.0,17.0,0.452,-4.34,-1.69,2292.0,2374.0,2014
Robert Morris,22.0,14.0,0.611,-3.52,-3.79,2593.0,2583.0,2014
Rutgers,12.0,21.0,0.364,-0.29,5.8,2347.0,2515.0,2014
Sacramento State,14.0,16.0,0.467,-8.04,-5.54,2070.0,2079.0,2014
Sacred Heart,5.0,26.0,0.161,-12.93,-5.97,2162.0,2378.0,2014
Saint Francis (PA),10.0,21.0,0.323,-13.2,-5.65,1916.0,2150.0,2014
Saint Joseph's,24.0,10.0,0.706,9.05,5.08,2433.0,2298.0,2014
Saint Louis,27.0,7.0,0.794,11.63,4.24,2374.0,2105.0,2014
Saint Mary's (CA),23.0,12.0,0.657,9.35,4.29,2502.0,2292.0,2014
Saint Peter's,14.0,17.0,0.452,-5.88,-3.27,1961.0,2042.0,2014
Sam Houston,24.0,11.0,0.686,-4.45,-7.6,2647.0,2431.0,2014
Samford,13.0,20.0,0.394,-14.91,-7.41,2327.0,2521.0,2014
San Diego,18.0,17.0,0.514,2.16,1.97,2362.0,2283.0,2014
San Diego State,31.0,5.0,0.861,14.95,4.86,2530.0,2052.0,2014
San Francisco,21.0,12.0,0.636,5.92,4.28,2469.0,2357.0,2014
San Jose State,7.0,24.0,0.226,-7.96,3.05,1938.0,2222.0,2014
Santa Clara,14.0,19.0,0.424,0.88,3.01,2340.0,2325.0,2014
nan,,,,,,,,2014
School,,,,,,,,2014
Savannah State,13.0,19.0,0.406,-9.57,-5.37,1968.0,2057.0,2014
Seattle,13.0,17.0,0.433,-5.86,-4.11,2139.0,2119.0,2014
Seton Hall,17.0,17.0,0.5,7.53,5.56,2442.0,2375.0,2014
Siena,20.0,18.0,0.526,-0.86,-0.15,2635.0,2662.0,2014
South Alabama,11.0,20.0,0.355,-5.08,-0.51,2136.0,2182.0,2014
South Carolina,14.0,20.0,0.412,5.41,6.96,2323.0,2376.0,2014
South Carolina State,9.0,21.0,0.3,-17.21,-5.96,1883.0,2180.0,2014
South Carolina Upstate,19.0,15.0,0.559,-2.02,-4.61,2492.0,2349.0,2014
South Dakota,12.0,18.0,0.4,-7.07,-0.81,2084.0,2152.0,2014
South Dakota State,19.0,13.0,0.594,-0.17,-1.93,2315.0,2198.0,2014
South Florida,12.0,20.0,0.375,-0.52,4.6,2100.0,2264.0,2014
Southeast Missouri State,18.0,14.0,0.563,-5.49,-6.59,2654.0,2514.0,2014
Southeastern Louisiana,12.0,18.0,0.4,-13.06,-7.67,2085.0,2172.0,2014
Southern,19.0,13.0,0.594,-4.22,-7.95,2278.0,2006.0,2014
Southern California,11.0,21.0,0.344,2.6,8.02,2258.0,2410.0,2014
Southern Illinois,14.0,19.0,0.424,-0.46,0.23,2208.0,2208.0,2014
SIU Edwardsville,11.0,20.0,0.355,-10.61,-5.33,2264.0,2364.0,2014
Southern Methodist,27.0,10.0,0.73,13.73,4.97,2627.0,2303.0,2014
Southern Mississippi,29.0,7.0,0.806,6.84,-0.08,2596.0,2280.0,2014
Southern Utah,2.0,27.0,0.069,-19.9,-3.19,1710.0,2171.0,2014
nan,,,,,,,,2014
School,,,,,,,,2014
St. Bonaventure,18.0,15.0,0.545,5.92,2.64,2421.0,2313.0,2014
St. Francis (NY),18.0,14.0,0.563,-4.64,-5.9,2207.0,2139.0,2014
St. John's (NY),20.0,13.0,0.606,11.68,6.56,2403.0,2234.0,2014
Stanford,23.0,13.0,0.639,13.42,9.0,2616.0,2457.0,2014
Stephen F. Austin,32.0,3.0,0.914,4.82,-6.76,2661.0,2219.0,2014
Stetson,7.0,24.0,0.226,-15.81,-4.97,1916.0,2252.0,2014
Stony Brook,23.0,11.0,0.676,-1.71,-6.47,2426.0,2253.0,2014
Syracuse,28.0,6.0,0.824,16.05,7.25,2311.0,2012.0,2014
TCU,9.0,22.0,0.29,-1.33,7.9,1973.0,2247.0,2014
Temple,9.0,22.0,0.29,2.69,6.88,2291.0,2421.0,2014
Tennessee,24.0,13.0,0.649,17.34,7.84,2672.0,2283.0,2014
Tennessee State,5.0,25.0,0.167,-9.82,-1.99,2061.0,2265.0,2014
Tennessee Tech,17.0,16.0,0.515,-8.09,-4.57,2376.0,2376.0,2014
Tennessee-Martin,8.0,23.0,0.258,-13.45,-4.82,2304.0,2526.0,2014
Texas,24.0,11.0,0.686,12.67,9.15,2598.0,2475.0,2014
Texas A&M,18.0,16.0,0.529,5.5,3.62,2199.0,2135.0,2014
Texas A&M-Corpus Christi,18.0,16.0,0.529,-6.41,-6.69,2350.0,2312.0,2014
Texas Southern,19.0,15.0,0.559,-8.41,-10.07,2584.0,2512.0,2014
Texas State,8.0,23.0,0.258,-7.74,-1.4,1903.0,2047.0,2014
Texas Tech,14.0,18.0,0.438,8.61,8.61,2190.0,2190.0,2014
nan,,,,,,,,2014
School,,,,,,,,2014
Texas-Rio Grande Valley,9.0,23.0,0.281,-10.65,-4.42,2101.0,2262.0,2014
The Citadel,7.0,26.0,0.212,-17.61,-6.75,2211.0,2453.0,2014
Toledo,27.0,7.0,0.794,3.3,-1.46,2694.0,2490.0,2014
Towson,25.0,11.0,0.694,0.55,-3.06,2633.0,2477.0,2014
Troy,11.0,20.0,0.355,-6.17,-2.9,2121.0,2171.0,2014
Tulane,17.0,17.0,0.5,-7.89,-1.73,2164.0,2357.0,2014
Tulsa,21.0,13.0,0.618,6.23,1.17,2471.0,2299.0,2014
UAB,18.0,13.0,0.581,0.78,-0.77,2266.0,2180.0,2014
UC Davis,9.0,22.0,0.29,-11.55,-1.76,2174.0,2408.0,2014
UC Irvine,23.0,12.0,0.657,4.35,-0.65,2468.0,2231.0,2014
UC Riverside,10.0,21.0,0.323,-7.64,-2.33,2117.0,2214.0,2014
UC Santa Barbara,21.0,9.0,0.7,4.23,-0.13,2137.0,1960.0,2014
UCF,13.0,18.0,0.419,2.35,5.14,2253.0,2281.0,2014
UCLA,28.0,9.0,0.757,18.4,7.62,3003.0,2604.0,2014
UNC Asheville,17.0,15.0,0.531,-6.81,-5.5,2486.0,2424.0,2014
UNC Greensboro,14.0,18.0,0.438,-12.33,-6.12,2267.0,2373.0,2014
UNC Wilmington,9.0,23.0,0.281,-8.75,-0.78,2018.0,2221.0,2014
UT Arlington,15.0,17.0,0.469,-4.92,-0.92,2443.0,2488.0,2014
Utah,21.0,12.0,0.636,12.66,6.21,2479.0,2122.0,2014
Utah State,18.0,14.0,0.563,4.77,3.09,2215.0,2132.0,2014
nan,,,,,,,,2014
School,,,,,,,,2014
Utah Valley,20.0,12.0,0.625,-4.42,-3.65,2161.0,2093.0,2014
UTEP,23.0,11.0,0.676,4.39,0.05,2347.0,2152.0,2014
UTSA,8.0,22.0,0.267,-11.1,-1.03,2066.0,2304.0,2014
Valparaiso,18.0,16.0,0.529,0.21,-0.24,2439.0,2283.0,2014
Vanderbilt,15.0,16.0,0.484,5.52,6.49,2002.0,2032.0,2014
Vermont,22.0,11.0,0.667,4.52,-4.57,2334.0,2000.0,2014
Villanova,29.0,5.0,0.853,18.97,7.5,2651.0,2261.0,2014
Virginia,30.0,7.0,0.811,18.38,7.86,2449.0,2060.0,2014
Virginia Commonwealth,26.0,9.0,0.743,14.55,4.78,2624.0,2282.0,2014
VMI,22.0,13.0,0.629,-5.53,-6.33,3089.0,2891.0,2014
Virginia Tech,9.0,22.0,0.29,1.9,5.99,1950.0,2077.0,2014
Wagner,19.0,12.0,0.613,-3.83,-6.73,2217.0,2122.0,2014
Wake Forest,17.0,16.0,0.515,5.49,6.73,2300.0,2341.0,2014
Washington,17.0,15.0,0.531,6.26,6.45,2384.0,2390.0,2014
Washington State,10.0,21.0,0.323,1.34,7.24,1934.0,2081.0,2014
Weber State,19.0,12.0,0.613,-0.92,-4.23,2254.0,2061.0,2014
West Virginia,17.0,16.0,0.515,11.78,8.02,2546.0,2422.0,2014
Western Carolina,19.0,15.0,0.559,-6.75,-6.43,2524.0,2469.0,2014
Western Illinois,10.0,20.0,0.333,-7.55,-2.74,1838.0,1880.0,2014
Western Kentucky,20.0,12.0,0.625,-1.47,-1.34,2196.0,2162.0,2014
nan,,,,,,,,2014
School,,,,,,,,2014
Western Michigan,23.0,10.0,0.697,1.73,-1.45,2373.0,2235.0,2014
Wichita State,35.0,1.0,0.972,16.65,1.74,2706.0,2141.0,2014
William & Mary,20.0,12.0,0.625,-1.48,-2.29,2340.0,2281.0,2014
Winthrop,20.0,13.0,0.606,-6.43,-6.56,2442.0,2355.0,2014
Wisconsin,30.0,8.0,0.789,19.69,10.19,2793.0,2432.0,2014
Wofford,20.0,13.0,0.606,-4.32,-5.95,2205.0,2054.0,2014
Wright State,21.0,15.0,0.583,0.21,-2.8,2419.0,2234.0,2014
Wyoming,18.0,15.0,0.545,4.4,2.34,2130.0,2035.0,2014
Xavier,21.0,13.0,0.618,11.84,8.14,2442.0,2316.0,2014
Yale,19.0,14.0,0.576,-1.66,-1.28,2209.0,2182.0,2014
Youngstown State,15.0,17.0,0.469,-2.3,-1.26,2461.0,2370.0,2014
Abilene Christian,10.0,21.0,0.323,-17.2,-6.34,1976.0,2186.0,2015
Air Force,14.0,17.0,0.452,-1.85,-0.71,2037.0,2017.0,2015
Akron,21.0,14.0,0.6,3.65,-0.47,2382.0,2203.0,2015
Alabama,19.0,15.0,0.559,10.52,8.09,2280.0,2180.0,2015
Alabama A&M,9.0,20.0,0.31,-17.15,-9.62,1797.0,1988.0,2015
Alabama State,19.0,10.0,0.655,-8.97,-12.71,2090.0,1937.0,2015
Albany (NY),24.0,9.0,0.727,-0.34,-5.18,2156.0,1996.0,2015
Alcorn State,6.0,26.0,0.188,-20.75,-9.95,2066.0,2377.0,2015
American,17.0,16.0,0.515,-3.56,-3.71,1938.0,1933.0,2015
Appalachian State,12.0,17.0,0.414,-9.81,-3.18,1841.0,2033.0,2015
Arizona,34.0,4.0,0.895,24.33,7.41,2911.0,2268.0,2015
Arizona State,18.0,16.0,0.529,9.52,6.66,2360.0,2263.0,2015
Arkansas,27.0,9.0,0.75,14.07,6.79,2787.0,2525.0,2015
Arkansas State,11.0,18.0,0.379,-10.1,-3.81,1869.0,2018.0,2015
Arkansas-Pine Bluff,12.0,20.0,0.375,-15.65,-8.61,1912.0,2140.0,2015
Army,15.0,15.0,0.5,-6.5,-4.98,2164.0,2163.0,2015
Auburn,15.0,20.0,0.429,3.27,8.15,2378.0,2523.0,2015
Austin Peay,8.0,22.0,0.267,-12.45,-2.81,1937.0,2178.0,2015
Ball State,7.0,23.0,0.233,-5.06,0.04,1961.0,2070.0,2015
Baylor,24.0,10.0,0.706,17.85,9.33,2349.0,2048.0,2015
nan,,,,,,,,2015
School,,,,,,,,2015
Belmont,22.0,11.0,0.667,0.35,-2.77,2450.0,2330.0,2015
Bethune-Cookman,11.0,21.0,0.344,-15.52,-10.45,1899.0,2003.0,2015
Binghamton,6.0,26.0,0.188,-13.45,-3.49,1845.0,2124.0,2015
Boise State,25.0,9.0,0.735,10.01,1.38,2390.0,2045.0,2015
Boston College,13.0,19.0,0.406,6.32,7.94,2105.0,2157.0,2015
Boston University,13.0,17.0,0.433,-5.63,-3.12,2037.0,2087.0,2015
Bowling Green,21.0,12.0,0.636,2.93,-1.25,2196.0,2076.0,2015
Bradley,9.0,24.0,0.273,-4.3,1.52,1882.0,2026.0,2015
Brigham Young,25.0,10.0,0.714,13.53,5.02,2931.0,2561.0,2015
Brown,13.0,18.0,0.419,-7.23,-1.99,2048.0,2144.0,2015
Bryant,16.0,15.0,0.516,-6.28,-4.93,2058.0,2100.0,2015
Bucknell,19.0,15.0,0.559,-3.66,-2.75,2339.0,2346.0,2015
Buffalo,23.0,10.0,0.697,7.93,1.6,2462.0,2253.0,2015
Butler,23.0,11.0,0.676,16.64,8.62,2346.0,2073.0,2015
Cal Poly,13.0,16.0,0.448,-0.57,0.43,1752.0,1721.0,2015
Cal State Bakersfield,14.0,19.0,0.424,-6.4,-5.8,2100.0,2028.0,2015
Cal State Fullerton,9.0,22.0,0.29,-8.58,-1.06,1991.0,2155.0,2015
Cal State Northridge,9.0,24.0,0.273,-6.61,0.39,2148.0,2325.0,2015
California,18.0,15.0,0.545,5.36,6.15,2195.0,2221.0,2015
Campbell,10.0,22.0,0.313,-11.13,-5.3,2045.0,2124.0,2015
nan,,,,,,,,2015
School,,,,,,,,2015
Canisius,18.0,15.0,0.545,-0.04,-2.79,2168.0,2077.0,2015
Central Arkansas,2.0,27.0,0.069,-22.84,-5.94,1894.0,2384.0,2015
Central Connecticut State,5.0,26.0,0.161,-16.56,-5.62,1834.0,2173.0,2015
Central Michigan,23.0,9.0,0.719,5.56,-1.1,2504.0,2187.0,2015
Charleston Southern,19.0,12.0,0.613,-4.48,-5.23,2277.0,2130.0,2015
Charlotte,14.0,18.0,0.438,1.76,0.35,2362.0,2317.0,2015
Chattanooga,22.0,10.0,0.688,-1.63,-4.06,2325.0,2141.0,2015
Chicago State,8.0,24.0,0.25,-14.76,-2.48,1855.0,2115.0,2015
Cincinnati,23.0,11.0,0.676,10.72,4.4,2113.0,1898.0,2015
Clemson,16.0,15.0,0.516,7.73,7.18,1944.0,1927.0,2015
Cleveland State,19.0,15.0,0.559,3.07,-0.78,2296.0,2098.0,2015
Coastal Carolina,24.0,10.0,0.706,-1.02,-6.18,2438.0,2121.0,2015
Colgate,16.0,17.0,0.485,-2.91,-3.41,2177.0,2125.0,2015
College of Charleston,9.0,24.0,0.273,-7.23,-1.26,1934.0,2131.0,2015
Colorado,16.0,18.0,0.471,7.01,6.19,2345.0,2317.0,2015
Colorado State,27.0,7.0,0.794,8.12,0.69,2454.0,2181.0,2015
Columbia,13.0,15.0,0.464,-0.38,-1.49,1816.0,1737.0,2015
Connecticut,20.0,15.0,0.571,8.28,4.22,2243.0,2101.0,2015
Coppin State,8.0,23.0,0.258,-17.84,-4.78,2219.0,2558.0,2015
Cornell,13.0,17.0,0.433,-3.58,-1.92,1868.0,1838.0,2015
nan,,,,,,,,2015
School,,,,,,,,2015
Creighton,14.0,19.0,0.424,7.48,7.05,2221.0,2207.0,2015
Dartmouth,14.0,15.0,0.483,-3.11,-3.32,1835.0,1829.0,2015
Davidson,24.0,8.0,0.75,11.97,3.19,2529.0,2221.0,2015
Dayton,27.0,9.0,0.75,10.98,4.06,2439.0,2190.0,2015
Delaware,10.0,20.0,0.333,-7.76,-1.69,1979.0,2161.0,2015
Delaware State,18.0,18.0,0.5,-10.78,-6.75,2533.0,2607.0,2015
Denver,12.0,18.0,0.4,-3.96,-3.13,1865.0,1890.0,2015
DePaul,12.0,20.0,0.375,3.3,7.49,2220.0,2354.0,2015
Detroit Mercy,15.0,18.0,0.455,-2.25,0.13,2334.0,2335.0,2015
Drake,9.0,22.0,0.29,-6.04,2.22,1844.0,2070.0,2015
Drexel,11.0,19.0,0.367,-5.71,-0.85,1787.0,1930.0,2015
Duke,35.0,4.0,0.897,24.97,9.87,3091.0,2502.0,2015
Duquesne,12.0,19.0,0.387,-2.93,1.41,2213.0,2303.0,2015
East Carolina,14.0,19.0,0.424,-2.84,1.0,2116.0,2176.0,2015
East Tennessee State,16.0,14.0,0.533,-4.8,-4.01,2201.0,2140.0,2015
Eastern Illinois,18.0,15.0,0.545,-5.52,-2.42,2097.0,2136.0,2015
Eastern Kentucky,21.0,12.0,0.636,-0.03,-4.16,2373.0,2100.0,2015
Eastern Michigan,21.0,14.0,0.6,1.96,-0.14,2429.0,2230.0,2015
Eastern Washington,26.0,9.0,0.743,0.79,-3.84,2820.0,2588.0,2015
Elon,15.0,18.0,0.455,-5.91,-2.69,2329.0,2329.0,2015
nan,,,,,,,,2015
School,,,,,,,,2015
Evansville,24.0,12.0,0.667,3.36,-0.07,2552.0,2361.0,2015
Fairfield,7.0,24.0,0.226,-8.63,-2.31,1845.0,2041.0,2015
FDU,8.0,21.0,0.276,-12.22,-4.54,1956.0,2130.0,2015
Florida,16.0,17.0,0.485,13.27,9.67,2101.0,1982.0,2015
Florida A&M,2.0,27.0,0.069,-26.04,-8.52,1607.0,2115.0,2015
Florida Atlantic,9.0,20.0,0.31,-7.8,-2.06,1815.0,1934.0,2015
Florida Gulf Coast,22.0,11.0,0.667,-1.81,-4.98,2224.0,2085.0,2015
Florida International,16.0,17.0,0.485,-7.78,-3.23,2060.0,2153.0,2015
Florida State,17.0,16.0,0.515,6.69,7.02,2199.0,2210.0,2015
Fordham,10.0,21.0,0.323,-2.15,2.72,2015.0,2144.0,2015
Fresno State,15.0,17.0,0.469,-2.23,1.3,2086.0,2123.0,2015
Furman,11.0,22.0,0.333,-10.55,-3.46,2098.0,2245.0,2015
Gardner-Webb,20.0,15.0,0.571,-5.24,-3.11,2619.0,2595.0,2015
George Mason,9.0,22.0,0.29,-1.43,4.6,1996.0,2147.0,2015
George Washington,22.0,13.0,0.629,8.07,2.79,2354.0,2169.0,2015
Georgetown,22.0,11.0,0.667,15.48,9.81,2340.0,2153.0,2015
Georgia,21.0,12.0,0.636,12.42,8.6,2250.0,2124.0,2015
Georgia Southern,22.0,9.0,0.71,-0.4,-4.72,2112.0,1865.0,2015
Georgia State,25.0,10.0,0.714,5.47,-2.03,2499.0,2184.0,2015
Georgia Tech,12.0,19.0,0.387,7.16,8.45,1962.0,2002.0,2015
nan,,,,,,,,2015
School,,,,,,,,2015
Gonzaga,35.0,3.0,0.921,21.12,5.12,2989.0,2343.0,2015
Grambling,2.0,27.0,0.069,-30.67,-8.0,1509.0,2105.0,2015
Grand Canyon,17.0,15.0,0.531,-6.62,-5.45,2198.0,2188.0,2015
Green Bay,24.0,9.0,0.727,5.7,-0.4,2252.0,2006.0,2015
Hampton,17.0,18.0,0.486,-8.25,-7.08,2346.0,2387.0,2015
Hartford,14.0,16.0,0.467,-8.58,-5.16,1858.0,1924.0,2015
Harvard,22.0,8.0,0.733,4.47,-0.25,1926.0,1727.0,2015
Hawaii,22.0,13.0,0.629,2.65,-0.83,2551.0,2387.0,2015
High Point,23.0,10.0,0.697,-2.47,-4.61,2407.0,2231.0,2015
Hofstra,20.0,14.0,0.588,3.78,-4.46,2668.0,2388.0,2015
Holy Cross,14.0,16.0,0.467,-6.23,-3.82,1981.0,2020.0,2015
Houston,13.0,19.0,0.406,-2.06,-0.91,2060.0,2097.0,2015
Houston Christian,12.0,16.0,0.429,-13.18,-5.63,2028.0,2063.0,2015
Howard,16.0,16.0,0.5,-9.89,-7.86,2032.0,2004.0,2015
Idaho,13.0,17.0,0.433,-5.75,-4.79,2301.0,2269.0,2015
Idaho State,7.0,23.0,0.233,-11.52,-5.45,1937.0,2075.0,2015
Illinois,19.0,14.0,0.576,12.42,6.93,2281.0,2100.0,2015
Illinois State,22.0,13.0,0.629,7.96,2.87,2385.0,2170.0,2015
Illinois-Chicago,10.0,24.0,0.294,-7.86,-0.36,2201.0,2389.0,2015
Incarnate Word,18.0,11.0,0.621,-6.15,-6.47,2298.0,2180.0,2015
nan,,,,,,,,2015
School,,,,,,,,2015
Indiana,20.0,14.0,0.588,12.94,7.2,2633.0,2438.0,2015
Indiana State,15.0,16.0,0.484,-0.49,1.21,2060.0,2101.0,2015
Iona,26.0,9.0,0.743,3.71,-2.52,2782.0,2564.0,2015
Iowa,22.0,12.0,0.647,15.83,8.39,2372.0,2119.0,2015
Iowa State,25.0,9.0,0.735,17.94,9.15,2645.0,2346.0,2015
IU Indy,10.0,21.0,0.323,-8.28,-1.93,1883.0,2080.0,2015
Jackson State,11.0,21.0,0.344,-12.36,-9.52,1941.0,2032.0,2015
Jacksonville,10.0,22.0,0.313,-16.7,-6.46,2058.0,2303.0,2015
Jacksonville State,12.0,19.0,0.387,-12.65,-4.52,1939.0,2126.0,2015
James Madison,19.0,14.0,0.576,-2.65,-1.53,2217.0,2254.0,2015
Kansas,27.0,9.0,0.75,18.47,12.13,2561.0,2333.0,2015
Kansas City,14.0,19.0,0.424,-8.01,-5.07,2164.0,2202.0,2015
Kansas State,15.0,17.0,0.469,8.48,9.29,2016.0,2042.0,2015
Kennesaw State,10.0,22.0,0.313,-17.33,-5.1,2027.0,2363.0,2015
Kent State,23.0,12.0,0.657,2.04,-0.94,2313.0,2202.0,2015
Kentucky,38.0,1.0,0.974,28.72,8.67,2900.0,2118.0,2015
La Salle,17.0,16.0,0.515,4.85,3.91,2086.0,2055.0,2015
Lafayette,20.0,13.0,0.606,-3.37,-3.12,2426.0,2409.0,2015
Lamar,15.0,15.0,0.5,-9.75,-5.29,2146.0,2132.0,2015
Lehigh,16.0,14.0,0.533,-3.0,-3.55,2042.0,2000.0,2015
nan,,,,,,,,2015
School,,,,,,,,2015
Liberty,8.0,24.0,0.25,-16.01,-6.44,2045.0,2222.0,2015
Lipscomb,14.0,17.0,0.452,-10.82,-5.15,2232.0,2322.0,2015
Little Rock,13.0,18.0,0.419,-5.38,-3.81,2146.0,2180.0,2015
Long Beach State,16.0,17.0,0.485,1.64,4.16,2188.0,2221.0,2015
Long Island University,12.0,18.0,0.4,-9.09,-5.32,2022.0,2135.0,2015
Longwood,11.0,23.0,0.324,-12.96,-5.53,2311.0,2491.0,2015
Louisiana,22.0,14.0,0.611,0.82,-3.61,2789.0,2520.0,2015
Louisiana State,22.0,11.0,0.667,11.39,5.63,2423.0,2233.0,2015
Louisiana Tech,27.0,9.0,0.75,5.75,-1.34,2632.0,2362.0,2015
Louisiana-Monroe,24.0,14.0,0.632,-1.99,-2.88,2454.0,2299.0,2015
Louisville,27.0,9.0,0.75,18.12,8.98,2483.0,2154.0,2015
Loyola (IL),24.0,13.0,0.649,2.35,0.46,2324.0,2235.0,2015
Loyola (MD),11.0,19.0,0.367,-10.75,-3.38,1764.0,1985.0,2015
Loyola Marymount,8.0,23.0,0.258,-4.13,5.28,1928.0,2188.0,2015
Maine,3.0,27.0,0.1,-17.8,-3.4,1812.0,2244.0,2015
Manhattan,19.0,14.0,0.576,-1.34,-3.34,2300.0,2234.0,2015
Marist,7.0,25.0,0.219,-10.55,-2.93,1957.0,2201.0,2015
Marquette,13.0,19.0,0.406,7.08,9.02,2083.0,2145.0,2015
Marshall,11.0,21.0,0.344,-6.45,-0.22,2137.0,2288.0,2015
Maryland,28.0,7.0,0.8,13.32,7.63,2417.0,2218.0,2015
nan,,,,,,,,2015
School,,,,,,,,2015
Maryland-Baltimore County,4.0,26.0,0.133,-16.17,-5.14,1682.0,2013.0,2015
Maryland-Eastern Shore,18.0,15.0,0.545,-6.55,-6.94,2229.0,2216.0,2015
Massachusetts,17.0,15.0,0.531,3.59,4.69,2220.0,2255.0,2015
Massachusetts-Lowell,12.0,17.0,0.414,-11.21,-4.32,1780.0,1928.0,2015
McNeese State,15.0,16.0,0.484,-10.05,-5.42,2154.0,2210.0,2015
Memphis,18.0,14.0,0.563,7.15,2.9,2155.0,2019.0,2015
Mercer,19.0,16.0,0.543,-2.01,-4.1,2334.0,2196.0,2015
Miami (FL),25.0,13.0,0.658,12.0,7.05,2592.0,2404.0,2015
Miami (OH),13.0,19.0,0.406,-3.75,0.31,2123.0,2226.0,2015
Michigan,16.0,16.0,0.5,9.56,9.59,2071.0,2048.0,2015
Michigan State,27.0,12.0,0.692,17.46,10.0,2773.0,2482.0,2015
Middle Tennessee,19.0,17.0,0.528,0.21,-0.39,2285.0,2247.0,2015
Milwaukee,14.0,16.0,0.467,-4.85,0.15,1963.0,2077.0,2015
Minnesota,18.0,15.0,0.545,12.34,7.21,2449.0,2233.0,2015
Mississippi,21.0,13.0,0.618,11.39,7.01,2475.0,2326.0,2015
Mississippi State,13.0,19.0,0.406,2.53,4.72,1977.0,2032.0,2015
Mississippi Valley State,6.0,26.0,0.188,-23.94,-7.78,2045.0,2562.0,2015
Missouri,9.0,23.0,0.281,1.13,9.26,1935.0,2173.0,2015
Missouri State,11.0,20.0,0.355,-4.92,1.67,1850.0,1989.0,2015
Monmouth,18.0,15.0,0.545,-2.18,-2.91,2134.0,2110.0,2015
nan,,,,,,,,2015
School,,,,,,,,2015
Montana,20.0,13.0,0.606,-1.75,-3.78,2347.0,2219.0,2015
Montana State,7.0,23.0,0.233,-12.91,-3.5,1917.0,2152.0,2015
Morehead State,17.0,17.0,0.5,-0.66,-3.31,2420.0,2255.0,2015
Morgan State,7.0,24.0,0.226,-16.19,-6.48,1898.0,2199.0,2015
Mount St. Mary's,15.0,15.0,0.5,-6.14,-4.4,1893.0,1945.0,2015
Murray State,29.0,6.0,0.829,7.13,-2.81,2764.0,2367.0,2015
Navy,13.0,19.0,0.406,-7.87,-3.61,1952.0,2059.0,2015
NC State,22.0,14.0,0.611,14.11,9.72,2525.0,2367.0,2015
Nebraska,13.0,18.0,0.419,5.9,7.58,1905.0,1957.0,2015
Nevada,9.0,22.0,0.29,-6.03,1.08,1874.0,2061.0,2015
Nevada-Las Vegas,18.0,15.0,0.545,5.41,3.38,2250.0,2125.0,2015
New Hampshire,19.0,13.0,0.594,-3.76,-6.29,2148.0,1973.0,2015
New Mexico,15.0,16.0,0.484,2.8,1.03,1921.0,1866.0,2015
New Mexico State,23.0,11.0,0.676,3.71,-3.67,2316.0,2033.0,2015
New Orleans,11.0,18.0,0.379,-11.86,-6.36,2062.0,2133.0,2015
Niagara,8.0,22.0,0.267,-9.27,-1.8,1930.0,2154.0,2015
Nicholls State,10.0,19.0,0.345,-15.84,-5.3,1885.0,2117.0,2015
NJIT,21.0,12.0,0.636,-3.21,-4.07,2368.0,2229.0,2015
Norfolk State,20.0,14.0,0.588,-4.66,-6.35,2385.0,2254.0,2015
North Carolina,26.0,12.0,0.684,20.63,11.76,2953.0,2616.0,2015
nan,,,,,,,,2015
School,,,,,,,,2015
North Carolina A&T,9.0,23.0,0.281,-16.76,-8.02,1884.0,2112.0,2015
North Carolina Central,25.0,8.0,0.758,0.66,-8.67,2278.0,1821.0,2015
North Dakota,8.0,22.0,0.267,-12.16,-3.73,2032.0,2201.0,2015
North Dakota State,23.0,10.0,0.697,-1.72,-3.63,2141.0,2057.0,2015
North Florida,23.0,12.0,0.657,-0.82,-5.94,2651.0,2385.0,2015
North Texas,14.0,17.0,0.452,-4.95,-0.71,2025.0,2113.0,2015
Northeastern,23.0,12.0,0.657,2.03,-1.34,2397.0,2279.0,2015
Northern Arizona,23.0,15.0,0.605,-3.48,-4.13,2606.0,2556.0,2015
Northern Colorado,15.0,15.0,0.5,-6.82,-6.21,2242.0,2203.0,2015
Northern Illinois,14.0,16.0,0.467,-1.79,-0.14,1971.0,1989.0,2015
Northern Iowa,31.0,4.0,0.886,12.54,2.0,2281.0,1912.0,2015
Northern Kentucky,13.0,17.0,0.433,-6.85,-4.49,2117.0,2079.0,2015
Northwestern,15.0,17.0,0.469,6.11,7.2,2031.0,2066.0,2015
Northwestern State,19.0,13.0,0.594,-5.48,-4.52,2687.0,2656.0,2015
Notre Dame,32.0,6.0,0.842,19.23,7.02,2963.0,2499.0,2015
Oakland,16.0,17.0,0.485,-1.28,1.27,2450.0,2482.0,2015
Ohio,10.0,20.0,0.333,-4.15,0.45,2028.0,2166.0,2015
Ohio State,24.0,11.0,0.686,19.68,7.37,2635.0,2204.0,2015
Oklahoma,24.0,11.0,0.686,18.65,9.94,2501.0,2196.0,2015
Oklahoma State,18.0,14.0,0.563,12.95,9.63,2160.0,2011.0,2015
nan,,,,,,,,2015
School,,,,,,,,2015
Old Dominion,27.0,8.0,0.771,7.68,-0.15,2273.0,1999.0,2015
Omaha,12.0,17.0,0.414,-7.18,-5.14,2226.0,2256.0,2015
Oral Roberts,19.0,15.0,0.559,-3.83,-1.99,2377.0,2343.0,2015
Oregon,26.0,10.0,0.722,11.43,7.65,2713.0,2550.0,2015
Oregon State,17.0,14.0,0.548,5.93,4.97,1887.0,1834.0,2015
Pacific,12.0,19.0,0.387,-3.19,3.31,1996.0,2115.0,2015
Penn State,18.0,16.0,0.529,7.77,7.1,2273.0,2250.0,2015
Pennsylvania,9.0,19.0,0.321,-8.32,-1.36,1687.0,1882.0,2015
Pepperdine,18.0,14.0,0.563,3.86,2.8,2020.0,1972.0,2015
Pittsburgh,19.0,15.0,0.559,8.45,7.36,2279.0,2230.0,2015
Portland,17.0,16.0,0.515,3.06,2.67,2315.0,2253.0,2015
Portland State,15.0,14.0,0.517,-7.75,-4.86,2083.0,2098.0,2015
Prairie View,15.0,18.0,0.455,-10.86,-8.2,2211.0,2280.0,2015
Presbyterian,10.0,22.0,0.313,-16.26,-4.51,1978.0,2214.0,2015
Princeton,16.0,14.0,0.533,-1.34,-2.92,2066.0,1972.0,2015
Providence,22.0,12.0,0.647,13.71,9.5,2370.0,2227.0,2015
Purdue,21.0,13.0,0.618,12.93,7.64,2375.0,2195.0,2015
Purdue Fort Wayne,16.0,15.0,0.516,-3.13,-3.41,2171.0,2081.0,2015
Quinnipiac,15.0,15.0,0.5,-1.46,-3.66,2092.0,2026.0,2015
Radford,22.0,12.0,0.647,-3.89,-5.53,2476.0,2301.0,2015
nan,,,,,,,,2015
School,,,,,,,,2015
Rhode Island,23.0,10.0,0.697,9.31,2.87,2232.0,1986.0,2015
Rice,12.0,20.0,0.375,-2.86,-0.79,2052.0,2107.0,2015
Richmond,21.0,14.0,0.6,8.65,3.77,2313.0,2142.0,2015
Rider,21.0,12.0,0.636,-1.6,-3.11,2153.0,2103.0,2015
Robert Morris,20.0,15.0,0.571,-3.02,-3.5,2414.0,2397.0,2015
Rutgers,10.0,22.0,0.313,0.23,8.11,1898.0,2150.0,2015
Sacramento State,21.0,12.0,0.636,-4.62,-5.45,2342.0,2250.0,2015
Sacred Heart,15.0,17.0,0.469,-7.36,-5.97,2360.0,2367.0,2015
Saint Francis (PA),16.0,16.0,0.5,-5.68,-4.97,2061.0,2050.0,2015
Saint Joseph's,13.0,18.0,0.419,-0.23,2.58,1912.0,1999.0,2015
Saint Louis,11.0,21.0,0.344,-5.38,2.43,1912.0,2122.0,2015
Saint Mary's (CA),21.0,10.0,0.677,8.68,3.78,2141.0,1984.0,2015
Saint Peter's,16.0,18.0,0.471,-2.95,-3.92,2081.0,2048.0,2015
Sam Houston,26.0,9.0,0.743,2.97,-6.03,2592.0,2101.0,2015
Samford,13.0,19.0,0.406,-9.41,-5.57,2216.0,2301.0,2015
San Diego,15.0,16.0,0.484,5.03,3.47,2006.0,1949.0,2015
San Diego State,27.0,9.0,0.75,11.81,4.24,2226.0,1939.0,2015
San Francisco,14.0,18.0,0.438,3.08,2.83,2215.0,2167.0,2015
San Jose State,2.0,28.0,0.067,-16.22,1.92,1612.0,2086.0,2015
Santa Clara,14.0,18.0,0.438,-0.38,4.12,2027.0,2136.0,2015
nan,,,,,,,,2015
School,,,,,,,,2015
Savannah State,9.0,22.0,0.29,-18.17,-6.27,1758.0,2072.0,2015
Seattle,18.0,16.0,0.529,-5.85,-4.69,2123.0,2095.0,2015
Seton Hall,16.0,15.0,0.516,7.95,7.56,2119.0,2107.0,2015
Siena,11.0,20.0,0.355,-6.93,-2.9,2164.0,2289.0,2015
South Alabama,12.0,21.0,0.364,-9.46,-3.04,2275.0,2438.0,2015
South Carolina,17.0,16.0,0.515,10.55,8.24,2146.0,2046.0,2015
South Carolina State,11.0,22.0,0.333,-17.37,-7.46,1965.0,2203.0,2015
South Carolina Upstate,24.0,12.0,0.667,-2.28,-7.5,2579.0,2198.0,2015
South Dakota,17.0,16.0,0.515,-4.9,-3.48,2309.0,2312.0,2015
South Dakota State,24.0,11.0,0.686,3.32,-3.23,2572.0,2277.0,2015
South Florida,9.0,23.0,0.281,-4.96,2.56,1970.0,2189.0,2015
Southeast Missouri State,13.0,17.0,0.433,-5.23,-3.73,2087.0,2064.0,2015
Southeastern Louisiana,9.0,23.0,0.281,-10.97,-6.14,2186.0,2324.0,2015
Southern,18.0,17.0,0.514,-9.95,-8.23,2259.0,2226.0,2015
Southern California,12.0,20.0,0.375,2.15,6.15,2143.0,2271.0,2015
Southern Illinois,12.0,21.0,0.364,-3.48,-0.6,1968.0,2044.0,2015
SIU Edwardsville,12.0,16.0,0.429,-7.28,-4.54,1909.0,1884.0,2015
Southern Methodist,27.0,7.0,0.794,12.94,3.57,2350.0,2032.0,2015
Southern Mississippi,9.0,20.0,0.31,-10.03,-0.06,1742.0,1978.0,2015
Southern Utah,10.0,19.0,0.345,-11.98,-5.48,2011.0,2146.0,2015
nan,,,,,,,,2015
School,,,,,,,,2015
St. Bonaventure,18.0,13.0,0.581,3.93,1.34,2085.0,2005.0,2015
St. Francis (NY),23.0,12.0,0.657,-2.14,-6.2,2418.0,2262.0,2015
St. John's (NY),21.0,12.0,0.636,11.85,9.04,2343.0,2240.0,2015
Stanford,24.0,13.0,0.649,12.33,7.33,2676.0,2491.0,2015
Stephen F. Austin,29.0,5.0,0.853,8.61,-4.2,2672.0,2188.0,2015
Stetson,9.0,22.0,0.29,-16.22,-6.68,2064.0,2290.0,2015
Stony Brook,23.0,12.0,0.657,-0.03,-4.03,2290.0,2102.0,2015
Syracuse,18.0,13.0,0.581,11.91,7.68,2096.0,1965.0,2015
TCU,18.0,15.0,0.545,11.1,5.32,2249.0,2058.0,2015
Temple,26.0,11.0,0.703,8.2,3.52,2436.0,2263.0,2015
Tennessee,16.0,16.0,0.5,7.23,8.16,2025.0,2055.0,2015
Tennessee State,5.0,26.0,0.161,-14.93,-2.38,1793.0,2111.0,2015
Tennessee Tech,12.0,18.0,0.4,-6.49,-3.99,2118.0,2095.0,2015
Tennessee-Martin,21.0,13.0,0.618,-2.12,-3.9,2390.0,2224.0,2015
Texas,20.0,14.0,0.588,16.16,9.07,2290.0,2049.0,2015
Texas A&M,21.0,12.0,0.636,10.73,5.91,2236.0,2077.0,2015
Texas A&M-Corpus Christi,20.0,14.0,0.588,-5.58,-6.43,2266.0,2192.0,2015
Texas Southern,22.0,13.0,0.629,-5.98,-6.09,2390.0,2386.0,2015
Texas State,14.0,17.0,0.452,-5.25,-3.36,1905.0,1854.0,2015
Texas Tech,13.0,19.0,0.406,3.77,7.2,1949.0,2059.0,2015
nan,,,,,,,,2015
School,,,,,,,,2015
Texas-Rio Grande Valley,10.0,21.0,0.323,-14.46,-4.68,1927.0,2179.0,2015
The Citadel,11.0,19.0,0.367,-12.91,-4.68,1919.0,2058.0,2015
Toledo,20.0,13.0,0.606,4.86,0.62,2483.0,2343.0,2015
Towson,12.0,20.0,0.375,-7.02,-3.8,2034.0,2080.0,2015
Troy,10.0,19.0,0.345,-8.72,-5.09,1946.0,2013.0,2015
Tulane,15.0,16.0,0.484,-1.51,0.32,1973.0,1984.0,2015
Tulsa,23.0,11.0,0.676,6.66,2.81,2188.0,2064.0,2015
UAB,20.0,16.0,0.556,1.94,1.62,2476.0,2452.0,2015
UC Davis,25.0,7.0,0.781,2.19,-2.58,2263.0,2068.0,2015
UC Irvine,21.0,13.0,0.618,3.63,0.45,2295.0,2113.0,2015
UC Riverside,14.0,17.0,0.452,-4.65,-1.16,2025.0,2050.0,2015
UC Santa Barbara,19.0,14.0,0.576,3.47,0.98,2258.0,2112.0,2015
UCF,12.0,18.0,0.4,-5.73,0.78,1981.0,2153.0,2015
UCLA,22.0,14.0,0.611,12.07,8.27,2590.0,2453.0,2015
UNC Asheville,15.0,16.0,0.484,-7.19,-5.65,2242.0,2183.0,2015
UNC Greensboro,11.0,22.0,0.333,-7.99,-4.36,2290.0,2337.0,2015
UNC Wilmington,18.0,14.0,0.563,-2.53,-1.92,2239.0,2200.0,2015
UT Arlington,16.0,15.0,0.516,-3.59,-2.76,2220.0,2206.0,2015
Utah,26.0,9.0,0.743,20.98,7.42,2496.0,1999.0,2015
Utah State,18.0,13.0,0.581,2.92,0.28,2064.0,1973.0,2015
nan,,,,,,,,2015
School,,,,,,,,2015
Utah Valley,11.0,19.0,0.367,-12.72,-4.87,1758.0,1923.0,2015
UTEP,22.0,11.0,0.667,4.89,-0.51,2282.0,2104.0,2015
UTSA,14.0,16.0,0.467,-3.33,-2.61,2120.0,2111.0,2015
Valparaiso,28.0,6.0,0.824,6.29,-2.0,2366.0,2021.0,2015
Vanderbilt,21.0,14.0,0.6,11.89,6.22,2472.0,2252.0,2015
Vermont,20.0,14.0,0.588,1.21,-5.52,2279.0,2012.0,2015
Villanova,33.0,3.0,0.917,23.13,7.55,2754.0,2193.0,2015
Virginia,30.0,4.0,0.882,21.73,7.81,2224.0,1751.0,2015
Virginia Commonwealth,26.0,10.0,0.722,12.79,6.1,2609.0,2368.0,2015
VMI,11.0,19.0,0.367,-9.85,-3.92,2415.0,2428.0,2015
Virginia Tech,11.0,22.0,0.333,1.29,5.32,2156.0,2289.0,2015
Wagner,10.0,20.0,0.333,-11.47,-4.99,2052.0,2206.0,2015
Wake Forest,13.0,19.0,0.406,4.62,7.68,2209.0,2307.0,2015
Washington,16.0,15.0,0.516,5.57,4.83,2128.0,2105.0,2015
Washington State,13.0,18.0,0.419,0.14,6.08,2189.0,2373.0,2015
Weber State,13.0,17.0,0.433,-7.29,-3.5,2010.0,2041.0,2015
West Virginia,25.0,10.0,0.714,15.12,9.29,2542.0,2338.0,2015
Western Carolina,15.0,17.0,0.469,-5.83,-3.56,2251.0,2284.0,2015
Western Illinois,8.0,20.0,0.286,-13.81,-2.93,1747.0,1983.0,2015
Western Kentucky,20.0,12.0,0.625,1.12,-0.44,2285.0,2149.0,2015
nan,,,,,,,,2015
School,,,,,,,,2015
Western Michigan,20.0,14.0,0.588,0.25,0.19,2401.0,2354.0,2015
Wichita State,30.0,5.0,0.857,15.56,3.68,2460.0,2008.0,2015
William & Mary,20.0,13.0,0.606,2.82,-1.15,2414.0,2208.0,2015
Winthrop,19.0,13.0,0.594,-3.9,-7.38,2356.0,2159.0,2015
Wisconsin,36.0,4.0,0.9,24.61,10.29,2900.0,2327.0,2015
Wofford,28.0,7.0,0.8,2.56,-2.98,2331.0,2089.0,2015
Wright State,11.0,20.0,0.355,-6.41,-1.14,1989.0,2107.0,2015
Wyoming,25.0,10.0,0.714,3.81,-0.04,2151.0,1974.0,2015
Xavier,23.0,14.0,0.622,15.42,9.48,2712.0,2492.0,2015
Yale,22.0,10.0,0.688,3.53,-0.87,2164.0,1931.0,2015
Youngstown State,11.0,21.0,0.344,-7.63,-1.73,2287.0,2394.0,2015
Abilene Christian,13.0,18.0,0.419,-13.93,-7.53,2209.0,2272.0,2016
Air Force,14.0,18.0,0.438,-5.51,0.66,2189.0,2330.0,2016
Akron,26.0,9.0,0.743,5.55,-1.24,2682.0,2381.0,2016
Alabama,18.0,15.0,0.545,7.14,8.62,2193.0,2242.0,2016
Alabama A&M,11.0,18.0,0.379,-13.47,-10.75,1974.0,2042.0,2016
Alabama State,14.0,17.0,0.452,-13.11,-9.35,2217.0,2308.0,2016
Albany (NY),24.0,9.0,0.727,0.93,-7.57,2495.0,2180.0,2016
Alcorn State,15.0,15.0,0.5,-16.01,-9.94,2014.0,2164.0,2016
American,12.0,19.0,0.387,-14.18,-6.08,1785.0,2036.0,2016
Appalachian State,9.0,22.0,0.29,-7.91,-1.1,2187.0,2398.0,2016
Arizona,25.0,9.0,0.735,18.79,7.23,2735.0,2342.0,2016
Arizona State,15.0,17.0,0.469,8.28,8.96,2345.0,2367.0,2016
Arkansas,16.0,16.0,0.5,10.23,6.76,2501.0,2390.0,2016
Arkansas State,11.0,20.0,0.355,-7.48,-2.37,2282.0,2353.0,2016
Arkansas-Pine Bluff,8.0,25.0,0.242,-19.31,-5.52,1867.0,2322.0,2016
Army,19.0,14.0,0.576,-7.32,-8.13,2539.0,2474.0,2016
Auburn,11.0,20.0,0.355,0.15,7.54,2192.0,2421.0,2016
Austin Peay,18.0,18.0,0.5,-6.04,-2.98,2740.0,2765.0,2016
Ball State,21.0,14.0,0.6,0.11,-2.98,2479.0,2338.0,2016
Baylor,22.0,12.0,0.647,16.13,9.76,2621.0,2366.0,2016
nan,,,,,,,,2016
School,,,,,,,,2016
Belmont,20.0,12.0,0.625,1.19,-2.1,2638.0,2510.0,2016
Bethune-Cookman,14.0,18.0,0.438,-14.35,-9.18,2258.0,2330.0,2016
Binghamton,8.0,22.0,0.267,-14.08,-6.35,1827.0,2059.0,2016
Boise State,20.0,12.0,0.625,7.23,3.13,2480.0,2246.0,2016
Boston College,7.0,25.0,0.219,-1.61,7.67,1959.0,2256.0,2016
Boston University,19.0,15.0,0.559,-6.79,-6.37,2483.0,2464.0,2016
Bowling Green,16.0,18.0,0.471,-5.88,-1.85,2400.0,2457.0,2016
Bradley,5.0,27.0,0.156,-10.91,3.7,1793.0,2238.0,2016
Brigham Young,26.0,11.0,0.703,12.36,2.36,3093.0,2692.0,2016
Brown,8.0,20.0,0.286,-8.05,-2.82,2040.0,2155.0,2016
Bryant,8.0,23.0,0.258,-18.58,-6.71,2018.0,2361.0,2016
Bucknell,17.0,14.0,0.548,-2.09,-5.89,2448.0,2288.0,2016
Buffalo,20.0,15.0,0.571,1.34,0.9,2709.0,2634.0,2016
Butler,22.0,11.0,0.667,16.46,7.55,2638.0,2344.0,2016
Cal Poly,10.0,20.0,0.333,-3.49,0.9,2171.0,2255.0,2016
Cal State Bakersfield,24.0,9.0,0.727,2.58,-5.15,2405.0,2104.0,2016
Cal State Fullerton,10.0,20.0,0.333,-7.12,-0.76,2104.0,2227.0,2016
Cal State Northridge,10.0,20.0,0.333,-6.85,-0.85,2143.0,2261.0,2016
California,23.0,11.0,0.676,15.39,7.87,2545.0,2289.0,2016
Campbell,12.0,18.0,0.4,-11.07,-6.67,2207.0,2203.0,2016
nan,,,,,,,,2016
School,,,,,,,,2016
Canisius,14.0,19.0,0.424,-5.62,-3.77,2526.0,2587.0,2016
Central Arkansas,7.0,21.0,0.25,-15.17,-6.81,2110.0,2344.0,2016
Central Connecticut State,4.0,25.0,0.138,-22.35,-9.24,1888.0,2268.0,2016
Central Michigan,17.0,16.0,0.515,-0.67,-1.3,2495.0,2401.0,2016
Charleston Southern,9.0,21.0,0.3,-10.92,-2.59,2146.0,2253.0,2016
Charlotte,14.0,19.0,0.424,-3.14,-1.72,2584.0,2631.0,2016
Chattanooga,29.0,6.0,0.829,3.24,-3.46,2652.0,2364.0,2016
Chicago State,4.0,28.0,0.125,-17.52,-1.38,2140.0,2478.0,2016
Cincinnati,22.0,11.0,0.667,15.19,5.25,2418.0,2090.0,2016
Clemson,17.0,14.0,0.548,12.03,6.87,2159.0,1999.0,2016
Cleveland State,9.0,23.0,0.281,-9.17,0.09,1947.0,2169.0,2016
Coastal Carolina,21.0,12.0,0.636,-1.85,-4.22,2410.0,2196.0,2016
Colgate,13.0,17.0,0.433,-8.61,-6.06,2093.0,2145.0,2016
College of Charleston,17.0,14.0,0.548,2.37,0.04,2028.0,1921.0,2016
Colorado,22.0,12.0,0.647,12.04,7.64,2576.0,2407.0,2016
Colorado State,18.0,16.0,0.529,2.31,1.53,2700.0,2626.0,2016
Columbia,25.0,10.0,0.714,3.45,-2.55,2670.0,2399.0,2016
Connecticut,25.0,11.0,0.694,15.89,6.28,2631.0,2285.0,2016
Coppin State,9.0,22.0,0.29,-15.75,-6.06,2240.0,2497.0,2016
Cornell,10.0,18.0,0.357,-9.55,-1.04,1992.0,2193.0,2016
nan,,,,,,,,2016
School,,,,,,,,2016
Creighton,20.0,15.0,0.571,13.69,6.44,2787.0,2533.0,2016
Dartmouth,10.0,18.0,0.357,-5.58,-3.29,1992.0,1989.0,2016
Davidson,20.0,13.0,0.606,5.74,5.14,2608.0,2576.0,2016
Dayton,25.0,8.0,0.758,11.34,4.76,2393.0,2176.0,2016
Delaware,7.0,23.0,0.233,-8.62,0.85,1986.0,2270.0,2016
Delaware State,7.0,25.0,0.219,-20.88,-6.85,1980.0,2336.0,2016
Denver,16.0,15.0,0.516,-3.34,-3.24,2021.0,2024.0,2016
DePaul,9.0,22.0,0.29,0.83,8.34,2092.0,2325.0,2016
Detroit Mercy,16.0,15.0,0.516,-2.44,-0.82,2595.0,2567.0,2016
Drake,7.0,24.0,0.226,-5.15,0.92,2093.0,2230.0,2016
Drexel,6.0,25.0,0.194,-5.42,1.88,1958.0,2183.0,2016
Duke,25.0,11.0,0.694,19.23,10.59,2920.0,2609.0,2016
Duquesne,17.0,17.0,0.5,1.41,1.35,2704.0,2677.0,2016
East Carolina,12.0,20.0,0.375,-0.38,3.22,2186.0,2301.0,2016
East Tennessee State,24.0,12.0,0.667,-1.49,-2.29,2813.0,2687.0,2016
Eastern Illinois,13.0,17.0,0.433,-8.35,-3.52,2145.0,2213.0,2016
Eastern Kentucky,15.0,16.0,0.484,-3.53,-3.86,2497.0,2453.0,2016
Eastern Michigan,18.0,15.0,0.545,-0.14,1.24,2553.0,2460.0,2016
Eastern Washington,18.0,16.0,0.529,-4.47,-6.03,2769.0,2617.0,2016
Elon,16.0,16.0,0.5,-0.67,0.66,2429.0,2413.0,2016
nan,,,,,,,,2016
School,,,,,,,,2016
Evansville,25.0,9.0,0.735,8.1,-0.39,2526.0,2221.0,2016
Fairfield,19.0,14.0,0.576,-3.84,-3.14,2522.0,2545.0,2016
FDU,18.0,15.0,0.545,-10.9,-8.31,2558.0,2600.0,2016
Florida,21.0,15.0,0.583,14.69,9.19,2677.0,2479.0,2016
Florida A&M,8.0,21.0,0.276,-21.74,-10.67,1863.0,2128.0,2016
Florida Atlantic,8.0,25.0,0.242,-10.3,-1.72,2189.0,2445.0,2016
Florida Gulf Coast,21.0,14.0,0.6,-0.79,-3.82,2703.0,2473.0,2016
Florida International,13.0,19.0,0.406,-5.25,-4.81,2277.0,2242.0,2016
Florida State,20.0,14.0,0.588,12.16,8.16,2652.0,2516.0,2016
Fordham,17.0,14.0,0.548,1.87,-0.09,2206.0,2128.0,2016
Fresno State,25.0,10.0,0.714,5.27,2.24,2630.0,2475.0,2016
Furman,19.0,16.0,0.543,-2.83,-4.2,2487.0,2333.0,2016
Gardner-Webb,17.0,16.0,0.515,-6.92,-3.96,2476.0,2451.0,2016
George Mason,11.0,21.0,0.344,-1.79,3.62,2140.0,2313.0,2016
George Washington,28.0,10.0,0.737,11.43,4.24,2875.0,2602.0,2016
Georgetown,15.0,18.0,0.455,10.31,8.49,2430.0,2370.0,2016
Georgia,20.0,14.0,0.588,9.41,8.47,2401.0,2369.0,2016
Georgia Southern,14.0,17.0,0.452,-5.65,-3.14,2353.0,2307.0,2016
Georgia State,16.0,14.0,0.533,-2.8,-2.19,1971.0,1950.0,2016
Georgia Tech,21.0,15.0,0.583,12.51,9.95,2637.0,2545.0,2016
nan,,,,,,,,2016
School,,,,,,,,2016
Gonzaga,28.0,8.0,0.778,16.92,4.23,2840.0,2360.0,2016
Grambling,7.0,24.0,0.226,-19.62,-8.48,1924.0,2110.0,2016
Grand Canyon,27.0,7.0,0.794,1.43,-5.6,2581.0,2316.0,2016
Green Bay,23.0,13.0,0.639,1.16,-0.67,3013.0,2880.0,2016
Hampton,21.0,11.0,0.656,-8.74,-8.45,2363.0,2370.0,2016
Hartford,10.0,23.0,0.303,-14.29,-5.69,2336.0,2588.0,2016
Harvard,14.0,16.0,0.467,-0.96,-0.25,2001.0,1985.0,2016
Hawaii,28.0,6.0,0.824,9.03,-1.04,2620.0,2267.0,2016
High Point,21.0,11.0,0.656,-0.52,-4.24,2473.0,2258.0,2016
Hofstra,24.0,10.0,0.706,5.02,0.77,2681.0,2509.0,2016
Holy Cross,15.0,20.0,0.429,-11.2,-6.11,2267.0,2445.0,2016
Houston,22.0,10.0,0.688,10.3,2.17,2476.0,2216.0,2016
Houston Christian,17.0,17.0,0.5,-10.39,-5.26,2604.0,2582.0,2016
Howard,12.0,20.0,0.375,-14.43,-8.33,2311.0,2433.0,2016
Idaho,21.0,13.0,0.618,-5.19,-5.88,2372.0,2251.0,2016
Idaho State,16.0,15.0,0.516,-9.83,-6.69,2297.0,2357.0,2016
Illinois,15.0,19.0,0.441,4.39,7.03,2452.0,2542.0,2016
Illinois State,18.0,14.0,0.563,3.4,2.59,2149.0,2114.0,2016
Illinois-Chicago,5.0,25.0,0.167,-14.52,-0.81,2019.0,2348.0,2016
Incarnate Word,17.0,12.0,0.586,-9.2,-6.2,2145.0,2140.0,2016
nan,,,,,,,,2016
School,,,,,,,,2016
Indiana,27.0,8.0,0.771,19.59,6.9,2891.0,2447.0,2016
Indiana State,15.0,17.0,0.469,0.04,2.2,2170.0,2222.0,2016
Iona,22.0,11.0,0.667,3.59,-1.78,2628.0,2451.0,2016
Iowa,22.0,11.0,0.667,17.01,8.71,2561.0,2287.0,2016
Iowa State,23.0,12.0,0.657,16.93,10.16,2862.0,2625.0,2016
IU Indy,13.0,19.0,0.406,-5.86,0.11,2181.0,2362.0,2016
Jackson State,20.0,16.0,0.556,-8.66,-9.54,2455.0,2352.0,2016
Jacksonville,16.0,16.0,0.5,-9.34,-6.09,2444.0,2431.0,2016
Jacksonville State,8.0,23.0,0.258,-10.26,-3.95,2100.0,2234.0,2016
James Madison,21.0,11.0,0.656,6.17,0.5,2405.0,2197.0,2016
Kansas,33.0,5.0,0.868,23.87,11.22,3089.0,2570.0,2016
Kansas City,12.0,19.0,0.387,-6.31,-2.24,2152.0,2240.0,2016
Kansas State,17.0,16.0,0.515,12.31,9.79,2334.0,2251.0,2016
Kennesaw State,11.0,20.0,0.355,-8.58,-1.61,2239.0,2399.0,2016
Kent State,19.0,13.0,0.594,-1.53,-1.47,2361.0,2317.0,2016
Kentucky,27.0,9.0,0.75,20.23,8.84,2861.0,2451.0,2016
La Salle,9.0,22.0,0.29,-6.09,4.65,1987.0,2279.0,2016
Lafayette,6.0,24.0,0.2,-15.0,-6.0,2142.0,2412.0,2016
Lamar,11.0,19.0,0.367,-14.69,-8.77,2263.0,2310.0,2016
Lehigh,17.0,15.0,0.531,-4.42,-5.2,2268.0,2210.0,2016
nan,,,,,,,,2016
School,,,,,,,,2016
Liberty,13.0,19.0,0.406,-10.42,-3.73,2070.0,2188.0,2016
Lipscomb,12.0,21.0,0.364,-8.85,-3.81,2590.0,2689.0,2016
Little Rock,30.0,5.0,0.857,7.12,-1.76,2487.0,2129.0,2016
Long Beach State,20.0,15.0,0.571,4.09,4.57,2613.0,2568.0,2016
Long Island University,16.0,15.0,0.516,-11.79,-11.01,2362.0,2386.0,2016
Longwood,10.0,23.0,0.303,-11.42,-5.15,2397.0,2503.0,2016
Louisiana,19.0,15.0,0.559,2.62,-1.94,2706.0,2476.0,2016
Louisiana State,19.0,14.0,0.576,8.79,7.0,2602.0,2543.0,2016
Louisiana Tech,23.0,10.0,0.697,-0.07,-4.4,2624.0,2395.0,2016
Louisiana-Monroe,20.0,14.0,0.588,-0.18,-1.46,2471.0,2360.0,2016
Louisville,23.0,8.0,0.742,21.57,7.74,2324.0,1895.0,2016
Loyola (IL),15.0,17.0,0.469,-0.7,1.11,2059.0,2082.0,2016
Loyola (MD),9.0,21.0,0.3,-10.9,-5.24,2090.0,2260.0,2016
Loyola Marymount,14.0,17.0,0.452,-3.63,0.87,2208.0,2319.0,2016
Maine,8.0,22.0,0.267,-17.39,-6.49,2279.0,2606.0,2016
Manhattan,13.0,18.0,0.419,-7.48,-3.12,2133.0,2268.0,2016
Marist,7.0,23.0,0.233,-11.69,-4.52,2145.0,2360.0,2016
Marquette,20.0,13.0,0.606,7.66,5.57,2517.0,2448.0,2016
Marshall,17.0,16.0,0.515,0.83,-0.3,2838.0,2801.0,2016
Maryland,27.0,9.0,0.75,16.71,8.31,2725.0,2400.0,2016
nan,,,,,,,,2016
School,,,,,,,,2016
Maryland-Baltimore County,7.0,25.0,0.219,-15.37,-6.87,2307.0,2579.0,2016
Maryland-Eastern Shore,10.0,22.0,0.313,-14.23,-6.17,2178.0,2399.0,2016
Massachusetts,14.0,18.0,0.438,0.64,2.96,2353.0,2427.0,2016
Massachusetts-Lowell,11.0,18.0,0.379,-13.59,-6.17,2221.0,2401.0,2016
McNeese State,9.0,20.0,0.31,-15.24,-6.74,2083.0,2301.0,2016
Memphis,19.0,15.0,0.559,9.84,3.58,2603.0,2390.0,2016
Mercer,19.0,15.0,0.559,-3.11,-4.55,2446.0,2339.0,2016
Miami (FL),27.0,8.0,0.771,18.52,10.69,2633.0,2359.0,2016
Miami (OH),13.0,20.0,0.394,-5.91,-0.25,2089.0,2249.0,2016
Michigan,23.0,13.0,0.639,13.75,7.92,2656.0,2426.0,2016
Michigan State,29.0,6.0,0.829,22.59,6.94,2793.0,2245.0,2016
Middle Tennessee,25.0,10.0,0.714,2.66,-0.7,2539.0,2410.0,2016
Milwaukee,20.0,13.0,0.606,2.89,-2.02,2618.0,2391.0,2016
Minnesota,8.0,23.0,0.258,0.86,6.86,2108.0,2294.0,2016
Mississippi,20.0,12.0,0.625,7.91,4.81,2405.0,2306.0,2016
Mississippi State,14.0,17.0,0.452,8.18,6.02,2323.0,2256.0,2016
Mississippi Valley State,8.0,27.0,0.229,-19.86,-8.11,2293.0,2704.0,2016
Missouri,10.0,21.0,0.323,2.5,6.88,2126.0,2262.0,2016
Missouri State,13.0,19.0,0.406,-3.52,2.58,2153.0,2321.0,2016
Monmouth,28.0,8.0,0.778,5.29,-1.85,2861.0,2604.0,2016
nan,,,,,,,,2016
School,,,,,,,,2016
Montana,21.0,12.0,0.636,-0.72,-4.29,2393.0,2225.0,2016
Montana State,14.0,17.0,0.452,-6.91,-5.35,2369.0,2411.0,2016
Morehead State,23.0,14.0,0.622,1.04,-1.65,2722.0,2553.0,2016
Morgan State,9.0,22.0,0.29,-12.57,-7.97,2089.0,2223.0,2016
Mount St. Mary's,14.0,19.0,0.424,-9.93,-7.99,2218.0,2282.0,2016
Murray State,17.0,14.0,0.548,-1.58,-3.06,2212.0,2093.0,2016
Navy,19.0,14.0,0.576,-4.99,-7.05,2230.0,2135.0,2016
NC State,16.0,17.0,0.485,9.83,9.04,2482.0,2456.0,2016
Nebraska,16.0,18.0,0.471,8.84,5.57,2456.0,2345.0,2016
Nevada,24.0,14.0,0.632,2.85,1.79,2878.0,2740.0,2016
Nevada-Las Vegas,18.0,15.0,0.545,5.5,3.17,2581.0,2427.0,2016
New Hampshire,20.0,13.0,0.606,-7.89,-7.05,2342.0,2297.0,2016
New Mexico,17.0,15.0,0.531,5.21,2.58,2432.0,2348.0,2016
New Mexico State,23.0,11.0,0.676,3.59,-3.54,2424.0,2145.0,2016
New Orleans,10.0,20.0,0.333,-14.21,-8.17,2249.0,2325.0,2016
Niagara,7.0,25.0,0.219,-11.26,-3.86,2067.0,2304.0,2016
Nicholls State,11.0,23.0,0.324,-16.68,-5.23,2298.0,2598.0,2016
NJIT,20.0,15.0,0.571,-4.17,-4.56,2629.0,2587.0,2016
Norfolk State,17.0,17.0,0.5,-7.55,-6.73,2494.0,2494.0,2016
North Carolina,33.0,7.0,0.825,23.44,10.69,3311.0,2801.0,2016
nan,,,,,,,,2016
School,,,,,,,,2016
North Carolina A&T,10.0,22.0,0.313,-16.78,-8.49,2169.0,2433.0,2016
North Carolina Central,13.0,19.0,0.406,-13.0,-10.03,2220.0,2235.0,2016
North Dakota,17.0,16.0,0.515,-3.68,-4.91,2474.0,2366.0,2016
North Dakota State,20.0,13.0,0.606,-0.93,-2.99,2271.0,2129.0,2016
North Florida,22.0,12.0,0.647,-1.41,-3.92,2865.0,2704.0,2016
North Texas,12.0,20.0,0.375,-9.83,-3.23,2386.0,2505.0,2016
Northeastern,18.0,15.0,0.545,1.6,1.35,2376.0,2339.0,2016
Northern Arizona,5.0,25.0,0.167,-18.29,-2.83,2054.0,2438.0,2016
Northern Colorado,10.0,21.0,0.323,-12.22,-4.01,2292.0,2482.0,2016
Northern Illinois,21.0,13.0,0.618,-0.46,-1.2,2463.0,2285.0,2016
Northern Iowa,23.0,13.0,0.639,8.78,4.44,2475.0,2303.0,2016
Northern Kentucky,9.0,21.0,0.3,-6.87,-0.69,2116.0,2233.0,2016
Northwestern,20.0,12.0,0.625,10.16,4.12,2304.0,2111.0,2016
Northwestern State,8.0,20.0,0.286,-15.74,-5.66,2224.0,2413.0,2016
Notre Dame,24.0,12.0,0.667,14.1,9.57,2704.0,2541.0,2016
Oakland,23.0,12.0,0.657,6.3,-1.61,3023.0,2746.0,2016
Ohio,23.0,12.0,0.657,1.9,-1.18,2746.0,2617.0,2016
Ohio State,21.0,14.0,0.6,9.39,7.08,2462.0,2381.0,2016
Oklahoma,29.0,8.0,0.784,19.76,11.14,2948.0,2629.0,2016
Oklahoma State,12.0,20.0,0.375,8.18,8.81,2128.0,2148.0,2016
nan,,,,,,,,2016
School,,,,,,,,2016
Old Dominion,25.0,13.0,0.658,4.66,-2.31,2604.0,2339.0,2016
Omaha,18.0,14.0,0.563,-0.24,-2.04,2729.0,2619.0,2016
Oral Roberts,14.0,17.0,0.452,-2.69,0.59,2356.0,2384.0,2016
Oregon,31.0,7.0,0.816,18.05,8.64,2990.0,2614.0,2016
Oregon State,19.0,13.0,0.594,10.39,9.26,2301.0,2244.0,2016
Pacific,8.0,20.0,0.286,-3.57,2.35,1948.0,2009.0,2016
Penn State,16.0,16.0,0.5,3.17,6.95,2107.0,2228.0,2016
Pennsylvania,11.0,17.0,0.393,-6.18,-2.15,1911.0,2013.0,2016
Pepperdine,18.0,14.0,0.563,2.33,1.68,2349.0,2287.0,2016
Pittsburgh,21.0,12.0,0.636,15.47,8.75,2476.0,2220.0,2016
Portland,12.0,20.0,0.375,-2.21,0.56,2483.0,2552.0,2016
Portland State,13.0,18.0,0.419,-8.15,-5.94,2408.0,2409.0,2016
Prairie View,7.0,24.0,0.226,-17.43,-6.82,1873.0,2202.0,2016
Presbyterian,11.0,20.0,0.355,-13.38,-4.98,2093.0,2259.0,2016
Princeton,22.0,7.0,0.759,7.17,-1.72,2294.0,1989.0,2016
Providence,24.0,11.0,0.686,11.94,8.46,2577.0,2455.0,2016
Purdue,26.0,9.0,0.743,20.17,7.46,2726.0,2281.0,2016
Purdue Fort Wayne,24.0,10.0,0.706,0.0,-1.66,2701.0,2585.0,2016
Quinnipiac,9.0,21.0,0.3,-10.38,-4.98,1969.0,2131.0,2016
Radford,16.0,15.0,0.516,-5.17,-3.45,2266.0,2248.0,2016
nan,,,,,,,,2016
School,,,,,,,,2016
Rhode Island,17.0,15.0,0.531,7.92,3.29,2220.0,2072.0,2016
Rice,12.0,20.0,0.375,-8.8,-2.7,2427.0,2576.0,2016
Richmond,16.0,16.0,0.5,7.28,4.56,2450.0,2363.0,2016
Rider,13.0,20.0,0.394,-5.0,-3.6,2177.0,2223.0,2016
Robert Morris,10.0,22.0,0.313,-13.53,-7.75,2082.0,2267.0,2016
Rutgers,7.0,25.0,0.219,-7.06,6.43,2166.0,2571.0,2016
Sacramento State,14.0,17.0,0.452,-8.63,-5.32,2210.0,2237.0,2016
Sacred Heart,12.0,18.0,0.4,-13.01,-9.05,2217.0,2336.0,2016
Saint Francis (PA),13.0,17.0,0.433,-12.57,-9.06,2110.0,2181.0,2016
Saint Joseph's,28.0,8.0,0.778,12.1,4.93,2780.0,2522.0,2016
Saint Louis,11.0,21.0,0.344,-2.73,3.49,2106.0,2305.0,2016
Saint Mary's (CA),29.0,6.0,0.829,13.6,1.24,2576.0,2132.0,2016
Saint Peter's,14.0,16.0,0.467,-5.0,-4.3,1966.0,1987.0,2016
Sam Houston,18.0,16.0,0.529,-6.06,-6.5,2551.0,2427.0,2016
Samford,14.0,19.0,0.424,-5.94,-4.49,2440.0,2442.0,2016
San Diego,9.0,21.0,0.3,-7.78,1.42,1822.0,2074.0,2016
San Diego State,28.0,10.0,0.737,11.89,4.33,2605.0,2303.0,2016
San Francisco,15.0,15.0,0.5,-2.92,-0.68,2329.0,2362.0,2016
San Jose State,9.0,22.0,0.29,-5.79,1.35,2186.0,2290.0,2016
Santa Clara,11.0,20.0,0.355,-4.67,1.86,2083.0,2272.0,2016
nan,,,,,,,,2016
School,,,,,,,,2016
Savannah State,16.0,16.0,0.5,-15.39,-8.59,1992.0,2167.0,2016
Seattle,15.0,17.0,0.469,-9.62,-5.02,2074.0,2140.0,2016
Seton Hall,25.0,9.0,0.735,14.66,8.28,2522.0,2305.0,2016
Siena,21.0,13.0,0.618,1.73,-3.19,2659.0,2492.0,2016
South Alabama,14.0,19.0,0.424,-8.18,-2.02,2284.0,2426.0,2016
South Carolina,25.0,9.0,0.735,12.01,5.83,2583.0,2357.0,2016
South Carolina State,19.0,15.0,0.559,-9.99,-8.24,2485.0,2485.0,2016
South Carolina Upstate,10.0,22.0,0.313,-13.78,-4.39,2315.0,2495.0,2016
South Dakota,14.0,18.0,0.438,-5.58,-0.88,2443.0,2537.0,2016
South Dakota State,26.0,8.0,0.765,5.44,-1.22,2591.0,2316.0,2016
South Florida,8.0,25.0,0.242,-2.85,5.24,2085.0,2352.0,2016
Southeast Missouri State,5.0,24.0,0.172,-16.05,-3.43,1944.0,2252.0,2016
Southeastern Louisiana,12.0,21.0,0.364,-13.61,-7.55,2344.0,2489.0,2016
Southern,22.0,13.0,0.629,-7.68,-9.37,2534.0,2406.0,2016
Southern California,21.0,13.0,0.618,13.52,7.64,2737.0,2537.0,2016
Southern Illinois,22.0,10.0,0.688,2.79,-1.3,2360.0,2229.0,2016
SIU Edwardsville,6.0,22.0,0.214,-10.78,-2.6,1839.0,2068.0,2016
Southern Methodist,25.0,5.0,0.833,18.42,4.56,2319.0,1903.0,2016
Southern Mississippi,8.0,21.0,0.276,-10.58,-3.66,1866.0,2045.0,2016
Southern Utah,6.0,24.0,0.2,-17.36,-4.22,2040.0,2429.0,2016
nan,,,,,,,,2016
School,,,,,,,,2016
St. Bonaventure,22.0,9.0,0.71,6.55,1.87,2409.0,2264.0,2016
St. Francis (NY),15.0,17.0,0.469,-11.24,-9.24,2095.0,2131.0,2016
St. John's (NY),8.0,24.0,0.25,-1.9,7.94,2174.0,2472.0,2016
Stanford,15.0,15.0,0.5,8.06,10.41,2088.0,2111.0,2016
Stephen F. Austin,28.0,6.0,0.824,9.23,-5.47,2728.0,2153.0,2016
Stetson,12.0,22.0,0.353,-10.78,-4.35,2729.0,2807.0,2016
Stony Brook,26.0,7.0,0.788,3.75,-5.28,2515.0,2115.0,2016
Syracuse,23.0,14.0,0.622,14.62,9.75,2589.0,2409.0,2016
TCU,12.0,21.0,0.364,4.07,8.62,2209.0,2359.0,2016
Temple,21.0,12.0,0.636,7.69,6.57,2267.0,2230.0,2016
Tennessee,15.0,19.0,0.441,7.8,7.86,2554.0,2556.0,2016
Tennessee State,20.0,11.0,0.645,-1.81,-5.3,2273.0,2134.0,2016
Tennessee Tech,19.0,12.0,0.613,-3.21,-3.66,2416.0,2340.0,2016
Tennessee-Martin,20.0,15.0,0.571,-5.57,-4.72,2554.0,2494.0,2016
Texas,20.0,13.0,0.606,14.8,11.71,2355.0,2253.0,2016
Texas A&M,28.0,9.0,0.757,18.45,8.45,2828.0,2458.0,2016
Texas A&M-Corpus Christi,25.0,8.0,0.758,-3.18,-5.44,2428.0,2308.0,2016
Texas Southern,18.0,15.0,0.545,-4.64,-6.94,2403.0,2327.0,2016
Texas State,15.0,16.0,0.484,-5.36,-4.29,2046.0,1993.0,2016
Texas Tech,19.0,13.0,0.594,12.41,10.25,2305.0,2236.0,2016
nan,,,,,,,,2016
School,,,,,,,,2016
Texas-Rio Grande Valley,8.0,22.0,0.267,-17.88,-4.25,1993.0,2330.0,2016
The Citadel,10.0,22.0,0.313,-15.95,-4.75,2753.0,2962.0,2016
Toledo,17.0,15.0,0.531,2.96,-2.36,2482.0,2286.0,2016
Towson,20.0,13.0,0.606,-0.06,-1.57,2358.0,2227.0,2016
Troy,9.0,22.0,0.29,-9.21,-2.07,2145.0,2329.0,2016
Tulane,12.0,22.0,0.353,-0.85,3.79,2240.0,2398.0,2016
Tulsa,20.0,12.0,0.625,9.79,5.76,2356.0,2227.0,2016
UAB,26.0,7.0,0.788,3.5,-3.07,2606.0,2323.0,2016
UC Davis,11.0,19.0,0.367,-5.58,-1.26,1914.0,1980.0,2016
UC Irvine,28.0,10.0,0.737,5.33,0.77,2706.0,2512.0,2016
UC Riverside,14.0,19.0,0.424,-5.66,-3.08,2299.0,2300.0,2016
UC Santa Barbara,19.0,14.0,0.576,3.79,1.44,2335.0,2219.0,2016
UCF,12.0,18.0,0.4,0.18,3.01,2062.0,2147.0,2016
UCLA,15.0,17.0,0.469,10.48,9.69,2480.0,2455.0,2016
UNC Asheville,22.0,12.0,0.647,1.1,-3.25,2552.0,2313.0,2016
UNC Greensboro,15.0,19.0,0.441,-6.01,-3.23,2469.0,2494.0,2016
UNC Wilmington,25.0,8.0,0.758,6.25,0.35,2620.0,2379.0,2016
UT Arlington,24.0,11.0,0.686,5.02,-3.42,2762.0,2417.0,2016
Utah,27.0,9.0,0.75,15.5,8.79,2778.0,2502.0,2016
Utah State,16.0,15.0,0.516,2.68,2.06,2274.0,2217.0,2016
nan,,,,,,,,2016
School,,,,,,,,2016
Utah Valley,12.0,18.0,0.4,-9.58,-3.58,2280.0,2360.0,2016
UTEP,19.0,14.0,0.576,-3.81,-4.93,2554.0,2471.0,2016
UTSA,5.0,27.0,0.156,-16.36,-3.36,2317.0,2698.0,2016
Valparaiso,30.0,7.0,0.811,10.71,0.02,2782.0,2323.0,2016
Vanderbilt,19.0,14.0,0.576,17.2,8.68,2506.0,2225.0,2016
Vermont,23.0,14.0,0.622,-1.51,-4.73,2774.0,2611.0,2016
Villanova,35.0,5.0,0.875,24.08,9.71,3118.0,2543.0,2016
Virginia,29.0,8.0,0.784,22.04,11.12,2626.0,2222.0,2016
Virginia Commonwealth,25.0,11.0,0.694,13.83,4.35,2781.0,2440.0,2016
VMI,9.0,21.0,0.3,-12.96,-3.15,2081.0,2264.0,2016
Virginia Tech,20.0,15.0,0.571,9.93,7.53,2624.0,2540.0,2016
Wagner,23.0,11.0,0.676,-4.79,-9.52,2389.0,2209.0,2016
Wake Forest,11.0,20.0,0.355,5.53,10.53,2295.0,2450.0,2016
Washington,19.0,15.0,0.559,11.21,8.12,2853.0,2748.0,2016
Washington State,9.0,22.0,0.29,0.5,7.97,2187.0,2394.0,2016
Weber State,26.0,9.0,0.743,0.18,-5.13,2662.0,2344.0,2016
West Virginia,26.0,9.0,0.743,21.61,9.78,2749.0,2335.0,2016
Western Carolina,16.0,18.0,0.471,-4.98,-1.53,2479.0,2490.0,2016
Western Illinois,10.0,17.0,0.37,-6.2,-1.32,1904.0,1914.0,2016
Western Kentucky,18.0,16.0,0.529,-1.29,-0.89,2620.0,2586.0,2016
nan,,,,,,,,2016
School,,,,,,,,2016
Western Michigan,13.0,19.0,0.406,-2.07,0.06,2342.0,2352.0,2016
Wichita State,26.0,9.0,0.743,17.39,4.24,2535.0,2066.0,2016
William & Mary,20.0,11.0,0.645,5.57,1.3,2384.0,2205.0,2016
Winthrop,23.0,9.0,0.719,-1.42,-5.7,2631.0,2429.0,2016
Wisconsin,22.0,13.0,0.629,13.4,9.4,2373.0,2233.0,2016
Wofford,15.0,17.0,0.469,-3.75,-2.35,2296.0,2295.0,2016
Wright State,22.0,13.0,0.629,0.18,-1.76,2399.0,2303.0,2016
Wyoming,14.0,18.0,0.438,0.09,2.19,2193.0,2302.0,2016
Xavier,28.0,6.0,0.824,18.58,8.43,2737.0,2392.0,2016
Yale,23.0,7.0,0.767,9.08,-1.03,2248.0,1914.0,2016
Youngstown State,11.0,21.0,0.344,-10.86,-0.86,2437.0,2682.0,2016
Abilene Christian,13.0,16.0,0.448,-11.86,-7.1,2009.0,2073.0,2017
Air Force,12.0,21.0,0.364,-3.06,1.0,2411.0,2477.0,2017
Akron,27.0,9.0,0.75,3.59,-1.21,2772.0,2550.0,2017
Alabama,19.0,15.0,0.559,11.29,7.47,2330.0,2200.0,2017
Alabama A&M,2.0,27.0,0.069,-26.99,-11.09,1794.0,2255.0,2017
Alabama State,8.0,23.0,0.258,-19.75,-10.75,2042.0,2305.0,2017
Albany (NY),21.0,14.0,0.6,-0.16,-4.69,2496.0,2301.0,2017
Alcorn State,18.0,14.0,0.563,-12.33,-10.95,2221.0,2175.0,2017
American,8.0,22.0,0.267,-10.3,-3.5,1845.0,2049.0,2017
Appalachian State,9.0,21.0,0.3,-8.67,-1.6,2208.0,2279.0,2017
Arizona,32.0,5.0,0.865,18.25,7.63,2833.0,2440.0,2017
Arizona State,15.0,18.0,0.455,4.02,7.11,2593.0,2695.0,2017
Arkansas,26.0,10.0,0.722,14.04,8.6,2855.0,2659.0,2017
Arkansas State,20.0,12.0,0.625,0.87,-2.1,2346.0,2211.0,2017
Arkansas-Pine Bluff,7.0,25.0,0.219,-22.81,-10.28,1977.0,2320.0,2017
Army,13.0,19.0,0.406,-5.84,-4.1,2324.0,2340.0,2017
Auburn,18.0,14.0,0.563,8.17,7.33,2573.0,2546.0,2017
Austin Peay,11.0,19.0,0.367,-11.0,-2.32,2331.0,2515.0,2017
Ball State,21.0,13.0,0.618,-1.45,-3.57,2677.0,2567.0,2017
Baylor,27.0,8.0,0.771,19.75,11.87,2550.0,2228.0,2017
nan,,,,,,,,2017
School,,,,,,,,2017
Belmont,23.0,7.0,0.767,4.28,-1.69,2302.0,2078.0,2017
Bethune-Cookman,10.0,22.0,0.313,-19.44,-11.21,2275.0,2490.0,2017
Binghamton,12.0,20.0,0.375,-11.99,-5.79,2175.0,2270.0,2017
Boise State,20.0,12.0,0.625,5.52,2.72,2404.0,2278.0,2017
Boston College,9.0,23.0,0.281,2.2,8.08,2320.0,2508.0,2017
Boston University,18.0,14.0,0.563,-2.43,-3.66,2339.0,2264.0,2017
Bowling Green,13.0,19.0,0.406,-6.0,-2.0,2355.0,2453.0,2017
Bradley,13.0,20.0,0.394,-2.84,2.94,2163.0,2333.0,2017
Brigham Young,22.0,12.0,0.647,8.22,1.87,2741.0,2525.0,2017
Brown,13.0,17.0,0.433,-8.55,-4.08,2275.0,2338.0,2017
Bryant,12.0,20.0,0.375,-9.69,-5.43,2373.0,2478.0,2017
Bucknell,26.0,9.0,0.743,5.89,-2.48,2669.0,2376.0,2017
Buffalo,17.0,15.0,0.531,0.92,-1.01,2486.0,2375.0,2017
Butler,25.0,9.0,0.735,17.7,10.23,2595.0,2341.0,2017
Cal Poly,11.0,20.0,0.355,-10.71,-4.22,2082.0,2242.0,2017
Cal State Bakersfield,25.0,10.0,0.714,3.21,-1.94,2502.0,2235.0,2017
Cal State Fullerton,17.0,15.0,0.531,-7.55,-6.85,2351.0,2280.0,2017
Cal State Northridge,11.0,19.0,0.367,-8.34,-4.13,2341.0,2440.0,2017
California,21.0,13.0,0.618,11.11,6.34,2316.0,2154.0,2017
Campbell,19.0,18.0,0.514,-9.68,-7.59,2653.0,2605.0,2017
nan,,,,,,,,2017
School,,,,,,,,2017
Canisius,18.0,16.0,0.529,-2.82,-3.5,2665.0,2642.0,2017
Central Arkansas,8.0,24.0,0.25,-13.04,-3.76,2395.0,2692.0,2017
Central Connecticut State,6.0,23.0,0.207,-17.51,-7.68,1827.0,2112.0,2017
Central Michigan,16.0,16.0,0.5,-5.76,-2.63,2826.0,2807.0,2017
Charleston Southern,12.0,19.0,0.387,-12.28,-6.21,2304.0,2343.0,2017
Charlotte,13.0,17.0,0.433,-5.24,-0.93,2295.0,2407.0,2017
Chattanooga,19.0,12.0,0.613,1.1,-2.08,2314.0,2132.0,2017
Chicago State,6.0,26.0,0.188,-16.67,-0.19,2089.0,2511.0,2017
Cincinnati,30.0,6.0,0.833,18.43,5.49,2674.0,2208.0,2017
Clemson,17.0,16.0,0.515,13.22,9.98,2468.0,2361.0,2017
Cleveland State,9.0,22.0,0.29,-6.73,-1.53,2083.0,2222.0,2017
Coastal Carolina,20.0,19.0,0.513,-3.94,-1.48,2833.0,2858.0,2017
Colgate,10.0,22.0,0.313,-8.47,-3.6,2145.0,2273.0,2017
College of Charleston,25.0,10.0,0.714,3.99,-0.19,2416.0,2260.0,2017
Colorado,19.0,15.0,0.559,9.12,6.0,2568.0,2455.0,2017
Colorado State,24.0,12.0,0.667,6.03,2.17,2611.0,2447.0,2017
Columbia,11.0,16.0,0.407,-5.67,-3.13,1940.0,1964.0,2017
Connecticut,16.0,17.0,0.485,7.23,6.61,2220.0,2189.0,2017
Coppin State,8.0,24.0,0.25,-21.51,-8.01,2119.0,2521.0,2017
Cornell,8.0,21.0,0.276,-8.4,-1.55,2074.0,2238.0,2017
nan,,,,,,,,2017
School,,,,,,,,2017
Creighton,25.0,10.0,0.714,17.27,8.95,2864.0,2549.0,2017
Dartmouth,7.0,20.0,0.259,-11.15,-3.45,1812.0,2020.0,2017
Davidson,17.0,15.0,0.531,6.45,4.26,2362.0,2292.0,2017
Dayton,24.0,8.0,0.75,12.98,4.27,2428.0,2126.0,2017
Delaware,13.0,20.0,0.394,-9.97,-1.42,2157.0,2381.0,2017
Delaware State,10.0,22.0,0.313,-18.81,-9.37,2186.0,2399.0,2017
Denver,16.0,14.0,0.533,-2.99,-4.19,2275.0,2239.0,2017
DePaul,9.0,23.0,0.281,2.09,7.78,2206.0,2388.0,2017
Detroit Mercy,8.0,23.0,0.258,-10.72,-1.62,2387.0,2630.0,2017
Drake,7.0,24.0,0.226,-4.71,1.91,2208.0,2390.0,2017
Drexel,9.0,23.0,0.281,-7.43,-2.56,2397.0,2508.0,2017
Duke,28.0,9.0,0.757,21.56,10.91,2991.0,2597.0,2017
Duquesne,10.0,22.0,0.313,-3.06,0.69,2256.0,2376.0,2017
East Carolina,15.0,18.0,0.455,-0.49,1.33,2088.0,2148.0,2017
East Tennessee State,27.0,8.0,0.771,7.31,-2.11,2782.0,2438.0,2017
Eastern Illinois,14.0,15.0,0.483,-5.35,-5.05,2169.0,2083.0,2017
Eastern Kentucky,12.0,19.0,0.387,-8.65,-2.44,2197.0,2330.0,2017
Eastern Michigan,16.0,17.0,0.485,-0.18,0.16,2566.0,2409.0,2017
Eastern Washington,22.0,12.0,0.647,-2.77,-4.43,2695.0,2592.0,2017
Elon,18.0,14.0,0.563,0.24,-1.39,2403.0,2292.0,2017
nan,,,,,,,,2017
School,,,,,,,,2017
Evansville,16.0,17.0,0.485,1.45,2.42,2288.0,2261.0,2017
Fairfield,16.0,15.0,0.516,-4.75,-3.85,2251.0,2279.0,2017
FDU,11.0,19.0,0.367,-9.28,-5.31,2183.0,2250.0,2017
Florida,27.0,9.0,0.75,22.4,11.01,2804.0,2394.0,2017
Florida A&M,7.0,23.0,0.233,-20.88,-11.85,2153.0,2365.0,2017
Florida Atlantic,10.0,20.0,0.333,-7.95,-1.98,2108.0,2221.0,2017
Florida Gulf Coast,26.0,8.0,0.765,2.26,-3.42,2701.0,2356.0,2017
Florida International,7.0,24.0,0.226,-8.1,-3.27,2178.0,2282.0,2017
Florida State,26.0,9.0,0.743,18.87,8.87,2873.0,2523.0,2017
Fordham,13.0,19.0,0.406,-1.97,1.36,2090.0,2167.0,2017
Fresno State,20.0,13.0,0.606,4.37,2.31,2426.0,2315.0,2017
Furman,23.0,12.0,0.657,1.46,-3.75,2590.0,2319.0,2017
Gardner-Webb,19.0,14.0,0.576,-3.08,-5.71,2546.0,2319.0,2017
George Mason,20.0,14.0,0.588,3.01,1.28,2519.0,2437.0,2017
George Washington,20.0,15.0,0.571,2.37,2.11,2447.0,2438.0,2017
Georgetown,14.0,18.0,0.438,11.18,9.31,2369.0,2309.0,2017
Georgia,19.0,15.0,0.559,11.13,10.28,2435.0,2393.0,2017
Georgia Southern,18.0,15.0,0.545,-3.63,-2.83,2492.0,2420.0,2017
Georgia State,20.0,13.0,0.606,-0.33,-2.17,2442.0,2312.0,2017
Georgia Tech,21.0,16.0,0.568,7.82,8.21,2496.0,2472.0,2017
nan,,,,,,,,2017
School,,,,,,,,2017
Gonzaga,37.0,2.0,0.949,25.26,4.13,3222.0,2398.0,2017
Grambling,16.0,17.0,0.485,-17.29,-11.89,2361.0,2412.0,2017
Grand Canyon,22.0,9.0,0.71,-0.16,-4.22,2282.0,2103.0,2017
Green Bay,18.0,14.0,0.563,-2.77,-2.83,2565.0,2479.0,2017
Hampton,14.0,17.0,0.452,-13.23,-9.92,2149.0,2219.0,2017
Hartford,9.0,23.0,0.281,-15.85,-5.56,2136.0,2465.0,2017
Harvard,18.0,10.0,0.643,2.3,-2.24,2012.0,1842.0,2017
Hawaii,14.0,16.0,0.467,-6.19,-4.92,2042.0,2048.0,2017
High Point,15.0,16.0,0.484,-9.06,-6.28,2133.0,2136.0,2017
Hofstra,15.0,17.0,0.469,-2.35,-1.9,2473.0,2454.0,2017
Holy Cross,15.0,17.0,0.469,-5.26,-3.51,1932.0,1988.0,2017
Houston,21.0,11.0,0.656,12.2,3.42,2358.0,2077.0,2017
Houston Christian,17.0,14.0,0.548,-7.3,-4.44,2441.0,2398.0,2017
Howard,10.0,24.0,0.294,-16.97,-7.97,2165.0,2435.0,2017
Idaho,19.0,14.0,0.576,-5.34,-5.89,2412.0,2346.0,2017
Idaho State,5.0,26.0,0.161,-15.1,-3.37,2164.0,2486.0,2017
Illinois,20.0,15.0,0.571,10.54,9.25,2508.0,2417.0,2017
Illinois State,28.0,7.0,0.8,10.3,2.71,2418.0,2146.0,2017
Illinois-Chicago,17.0,19.0,0.472,-5.95,-3.63,2749.0,2754.0,2017
Incarnate Word,12.0,17.0,0.414,-12.14,-5.62,2212.0,2320.0,2017
nan,,,,,,,,2017
School,,,,,,,,2017
Indiana,18.0,16.0,0.529,14.63,8.16,2711.0,2491.0,2017
Indiana State,11.0,20.0,0.355,-1.02,3.18,2170.0,2255.0,2017
Iona,22.0,13.0,0.629,1.08,-2.47,2813.0,2689.0,2017
Iowa,19.0,15.0,0.559,10.01,7.54,2738.0,2654.0,2017
Iowa State,24.0,11.0,0.686,20.51,11.94,2829.0,2529.0,2017
IU Indy,14.0,18.0,0.438,-4.29,-1.62,2500.0,2517.0,2017
Jackson State,14.0,18.0,0.438,-15.42,-11.55,2067.0,2142.0,2017
Jacksonville,17.0,16.0,0.515,-10.21,-8.45,2557.0,2477.0,2017
Jacksonville State,20.0,15.0,0.571,-2.85,-3.24,2434.0,2378.0,2017
James Madison,10.0,23.0,0.303,-5.64,-1.83,2194.0,2299.0,2017
Kansas,31.0,5.0,0.861,23.53,12.23,2995.0,2588.0,2017
Kansas City,18.0,17.0,0.514,-4.97,-1.06,2691.0,2753.0,2017
Kansas State,21.0,14.0,0.6,14.8,10.48,2523.0,2372.0,2017
Kennesaw State,14.0,18.0,0.438,-8.44,-5.97,2401.0,2456.0,2017
Kent State,22.0,14.0,0.611,0.88,-1.63,2772.0,2628.0,2017
Kentucky,32.0,6.0,0.842,23.88,10.49,3225.0,2716.0,2017
La Salle,15.0,15.0,0.5,1.91,2.94,2266.0,2297.0,2017
Lafayette,9.0,21.0,0.3,-14.68,-3.5,1995.0,2282.0,2017
Lamar,19.0,15.0,0.559,-7.36,-7.93,2623.0,2434.0,2017
Lehigh,20.0,12.0,0.625,1.54,-3.3,2432.0,2261.0,2017
nan,,,,,,,,2017
School,,,,,,,,2017
Liberty,21.0,14.0,0.6,-5.51,-6.16,2331.0,2220.0,2017
Lipscomb,20.0,13.0,0.606,-1.55,-4.45,2804.0,2562.0,2017
Little Rock,15.0,17.0,0.469,-6.07,-3.8,2188.0,2185.0,2017
Long Beach State,15.0,19.0,0.441,-5.98,-0.6,2549.0,2666.0,2017
Long Island University,20.0,12.0,0.625,-7.8,-8.51,2278.0,2218.0,2017
Longwood,6.0,24.0,0.2,-21.23,-6.16,2018.0,2408.0,2017
Louisiana,21.0,12.0,0.636,-0.64,-3.28,2704.0,2518.0,2017
Louisiana State,10.0,21.0,0.323,0.53,8.69,2319.0,2572.0,2017
Louisiana Tech,23.0,10.0,0.697,5.2,-4.35,2557.0,2203.0,2017
Louisiana-Monroe,9.0,24.0,0.273,-7.88,-2.56,2198.0,2299.0,2017
Louisville,25.0,9.0,0.735,22.47,11.15,2628.0,2243.0,2017
Loyola (IL),18.0,14.0,0.563,5.15,1.02,2348.0,2137.0,2017
Loyola (MD),16.0,17.0,0.485,-6.32,-3.6,2175.0,2249.0,2017
Loyola Marymount,15.0,15.0,0.5,-0.47,1.6,2113.0,2125.0,2017
Maine,7.0,25.0,0.219,-16.33,-4.01,2069.0,2400.0,2017
Manhattan,10.0,22.0,0.313,-9.67,-2.61,2259.0,2485.0,2017
Marist,8.0,24.0,0.25,-12.33,-2.74,2223.0,2530.0,2017
Marquette,19.0,13.0,0.594,15.26,8.6,2631.0,2418.0,2017
Marshall,20.0,15.0,0.571,0.18,-1.05,2997.0,2939.0,2017
Maryland,24.0,9.0,0.727,12.79,8.29,2438.0,2246.0,2017
nan,,,,,,,,2017
School,,,,,,,,2017
Maryland-Baltimore County,21.0,13.0,0.618,-3.84,-5.87,2759.0,2624.0,2017
Maryland-Eastern Shore,14.0,20.0,0.412,-13.77,-7.61,2426.0,2585.0,2017
Massachusetts,15.0,18.0,0.455,1.63,1.66,2371.0,2372.0,2017
Massachusetts-Lowell,11.0,20.0,0.355,-10.13,-6.4,2429.0,2517.0,2017
McNeese State,7.0,22.0,0.241,-14.28,-4.12,2043.0,2292.0,2017
Memphis,19.0,13.0,0.594,6.47,3.19,2367.0,2262.0,2017
Mercer,15.0,17.0,0.469,-1.12,-0.92,2269.0,2184.0,2017
Miami (FL),21.0,12.0,0.636,14.48,9.57,2278.0,2116.0,2017
Miami (OH),11.0,21.0,0.344,-8.16,-2.1,2249.0,2384.0,2017
Michigan,26.0,12.0,0.684,18.8,10.17,2851.0,2523.0,2017
Michigan State,20.0,15.0,0.571,13.67,10.5,2515.0,2404.0,2017
Middle Tennessee,31.0,5.0,0.861,9.8,-0.48,2697.0,2299.0,2017
Milwaukee,11.0,24.0,0.314,-7.37,-2.17,2347.0,2494.0,2017
Minnesota,24.0,10.0,0.706,14.56,8.82,2556.0,2361.0,2017
Mississippi,22.0,14.0,0.611,9.65,7.99,2807.0,2747.0,2017
Mississippi State,16.0,16.0,0.5,7.12,5.9,2320.0,2281.0,2017
Mississippi Valley State,7.0,25.0,0.219,-20.54,-7.11,2235.0,2665.0,2017
Missouri,8.0,24.0,0.25,2.98,6.73,2213.0,2333.0,2017
Missouri State,17.0,16.0,0.515,2.84,1.18,2403.0,2277.0,2017
Monmouth,27.0,7.0,0.794,4.94,-2.62,2761.0,2504.0,2017
nan,,,,,,,,2017
School,,,,,,,,2017
Montana,16.0,16.0,0.5,-2.67,-4.02,2391.0,2348.0,2017
Montana State,16.0,16.0,0.5,-6.14,-5.88,2561.0,2532.0,2017
Morehead State,14.0,16.0,0.467,-3.6,-1.85,2370.0,2311.0,2017
Morgan State,14.0,16.0,0.467,-15.03,-11.2,2025.0,2121.0,2017
Mount St. Mary's,20.0,16.0,0.556,-4.29,-3.51,2446.0,2474.0,2017
Murray State,16.0,17.0,0.485,-3.06,-4.41,2639.0,2543.0,2017
Navy,16.0,16.0,0.5,-4.11,-3.92,2076.0,2055.0,2017
NC State,15.0,17.0,0.469,6.09,8.09,2483.0,2547.0,2017
Nebraska,12.0,19.0,0.387,6.47,10.74,2168.0,2264.0,2017
Nevada,28.0,7.0,0.8,10.49,2.03,2792.0,2496.0,2017
Nevada-Las Vegas,11.0,21.0,0.344,-3.75,2.59,2202.0,2405.0,2017
New Hampshire,20.0,12.0,0.625,-3.57,-4.46,2277.0,2118.0,2017
New Mexico,17.0,14.0,0.548,3.04,2.07,2283.0,2253.0,2017
New Mexico State,28.0,6.0,0.824,4.66,-3.82,2678.0,2310.0,2017
New Orleans,20.0,12.0,0.625,-4.1,-5.34,2331.0,2215.0,2017
Niagara,10.0,23.0,0.303,-8.34,-4.37,2448.0,2579.0,2017
Nicholls State,14.0,17.0,0.452,-14.57,-5.23,2316.0,2464.0,2017
NJIT,11.0,20.0,0.355,-10.12,-4.22,2253.0,2320.0,2017
Norfolk State,17.0,17.0,0.5,-12.07,-8.57,2374.0,2430.0,2017
North Carolina,33.0,7.0,0.825,24.84,11.76,3377.0,2824.0,2017
nan,,,,,,,,2017
School,,,,,,,,2017
North Carolina A&T,3.0,29.0,0.094,-23.07,-9.61,2056.0,2435.0,2017
North Carolina Central,25.0,9.0,0.735,-3.18,-12.12,2542.0,2159.0,2017
North Dakota,22.0,10.0,0.688,-1.83,-5.45,2578.0,2357.0,2017
North Dakota State,19.0,11.0,0.633,-1.31,-2.63,2244.0,2146.0,2017
North Florida,15.0,19.0,0.441,-7.78,-1.65,2637.0,2674.0,2017
North Texas,8.0,22.0,0.267,-11.14,-3.32,2075.0,2258.0,2017
Northeastern,15.0,16.0,0.484,-0.78,-0.91,2234.0,2230.0,2017
Northern Arizona,9.0,23.0,0.281,-13.92,-5.95,2217.0,2436.0,2017
Northern Colorado,11.0,18.0,0.379,-9.27,-4.2,2075.0,2167.0,2017
Northern Illinois,15.0,17.0,0.469,-3.29,-2.05,2310.0,2261.0,2017
Northern Iowa,14.0,16.0,0.467,1.29,5.22,1854.0,1931.0,2017
Northern Kentucky,24.0,11.0,0.686,-0.17,-2.84,2659.0,2507.0,2017
Northwestern,24.0,12.0,0.667,14.02,8.43,2558.0,2357.0,2017
Northwestern State,13.0,16.0,0.448,-12.03,-6.07,2204.0,2301.0,2017
Notre Dame,26.0,10.0,0.722,17.81,9.78,2783.0,2494.0,2017
Oakland,25.0,9.0,0.735,4.22,-3.0,2699.0,2419.0,2017
Ohio,20.0,11.0,0.645,3.9,-2.56,2387.0,2166.0,2017
Ohio State,17.0,15.0,0.531,10.31,7.28,2329.0,2232.0,2017
Oklahoma,11.0,20.0,0.355,11.42,12.62,2262.0,2299.0,2017
Oklahoma State,20.0,13.0,0.606,19.19,12.22,2828.0,2589.0,2017
nan,,,,,,,,2017
School,,,,,,,,2017
Old Dominion,19.0,12.0,0.613,1.94,-1.35,1998.0,1896.0,2017
Omaha,18.0,14.0,0.563,-2.24,-1.11,2685.0,2673.0,2017
Oral Roberts,8.0,22.0,0.267,-5.51,1.24,2252.0,2398.0,2017
Oregon,33.0,6.0,0.846,20.8,8.38,3076.0,2565.0,2017
Oregon State,5.0,27.0,0.156,-4.59,5.89,2021.0,2321.0,2017
Pacific,11.0,22.0,0.333,-4.57,2.09,2206.0,2371.0,2017
Penn State,15.0,18.0,0.455,7.9,8.9,2367.0,2400.0,2017
Pennsylvania,13.0,15.0,0.464,-0.65,-1.5,1928.0,1904.0,2017
Pepperdine,9.0,22.0,0.29,-10.0,1.87,2140.0,2490.0,2017
Pittsburgh,16.0,17.0,0.485,9.25,11.06,2404.0,2464.0,2017
Portland,11.0,22.0,0.333,-5.81,2.32,2215.0,2383.0,2017
Portland State,15.0,16.0,0.484,-7.06,-6.63,2645.0,2535.0,2017
Prairie View,13.0,20.0,0.394,-14.54,-8.48,2276.0,2419.0,2017
Presbyterian,5.0,25.0,0.167,-23.63,-5.95,1836.0,2245.0,2017
Princeton,23.0,7.0,0.767,6.57,-1.84,2149.0,1843.0,2017
Providence,20.0,13.0,0.606,11.24,7.84,2319.0,2207.0,2017
Purdue,27.0,8.0,0.771,20.13,8.79,2790.0,2393.0,2017
Purdue Fort Wayne,20.0,13.0,0.606,0.38,-3.19,2869.0,2602.0,2017
Quinnipiac,10.0,21.0,0.323,-9.86,-3.22,2377.0,2583.0,2017
Radford,14.0,18.0,0.438,-11.34,-4.58,2090.0,2247.0,2017
nan,,,,,,,,2017
School,,,,,,,,2017
Rhode Island,25.0,10.0,0.714,12.88,4.62,2577.0,2288.0,2017
Rice,23.0,12.0,0.657,0.51,-4.16,2853.0,2650.0,2017
Richmond,22.0,13.0,0.629,5.45,3.28,2596.0,2520.0,2017
Rider,18.0,15.0,0.545,-5.34,-5.28,2498.0,2500.0,2017
Robert Morris,14.0,19.0,0.424,-8.56,-5.13,2125.0,2238.0,2017
Rutgers,15.0,18.0,0.455,3.69,6.22,2163.0,2215.0,2017
Sacramento State,13.0,18.0,0.419,-10.69,-5.58,2204.0,2303.0,2017
Sacred Heart,13.0,19.0,0.406,-10.95,-7.52,2326.0,2436.0,2017
Saint Francis (PA),17.0,17.0,0.5,-8.13,-7.65,2577.0,2533.0,2017
Saint Joseph's,11.0,20.0,0.355,0.14,3.69,2155.0,2265.0,2017
Saint Louis,12.0,21.0,0.364,-6.09,1.85,2026.0,2288.0,2017
Saint Mary's (CA),29.0,5.0,0.853,16.75,2.19,2449.0,1954.0,2017
Saint Peter's,23.0,13.0,0.639,1.6,-3.6,2376.0,2189.0,2017
Sam Houston,21.0,13.0,0.618,-7.55,-6.35,2526.0,2424.0,2017
Samford,20.0,16.0,0.556,-1.87,-3.7,2834.0,2733.0,2017
San Diego,13.0,18.0,0.419,-5.78,0.92,2025.0,2210.0,2017
San Diego State,19.0,14.0,0.576,6.88,1.47,2260.0,2064.0,2017
San Francisco,20.0,13.0,0.606,3.8,0.42,2362.0,2222.0,2017
San Jose State,14.0,16.0,0.467,-2.84,1.74,2195.0,2245.0,2017
Santa Clara,17.0,16.0,0.515,2.69,2.03,2204.0,2158.0,2017
nan,,,,,,,,2017
School,,,,,,,,2017
Savannah State,13.0,16.0,0.448,-16.04,-8.44,2485.0,2665.0,2017
Seattle,13.0,17.0,0.433,-8.36,-3.95,2091.0,2141.0,2017
Seton Hall,21.0,12.0,0.636,12.1,9.25,2417.0,2323.0,2017
Siena,17.0,17.0,0.5,-2.0,-2.23,2549.0,2541.0,2017
South Alabama,14.0,18.0,0.438,-6.57,-2.9,2286.0,2322.0,2017
South Carolina,26.0,11.0,0.703,17.52,10.16,2707.0,2414.0,2017
South Carolina State,11.0,20.0,0.355,-18.37,-6.61,2167.0,2486.0,2017
South Carolina Upstate,17.0,16.0,0.515,-7.64,-5.23,2575.0,2530.0,2017
South Dakota,22.0,12.0,0.647,-0.42,-2.08,2639.0,2513.0,2017
South Dakota State,18.0,17.0,0.514,-2.3,-0.66,2683.0,2697.0,2017
South Florida,7.0,23.0,0.233,-7.28,2.39,1945.0,2235.0,2017
Southeast Missouri State,15.0,18.0,0.455,-5.89,-4.28,2460.0,2464.0,2017
Southeastern Louisiana,16.0,16.0,0.5,-7.36,-8.13,2268.0,2182.0,2017
Southern,15.0,18.0,0.455,-14.48,-11.68,2360.0,2401.0,2017
Southern California,26.0,10.0,0.722,11.48,6.4,2816.0,2633.0,2017
Southern Illinois,17.0,16.0,0.515,1.09,2.65,2260.0,2289.0,2017
SIU Edwardsville,6.0,24.0,0.2,-12.25,-3.29,2044.0,2282.0,2017
Southern Methodist,30.0,5.0,0.857,18.71,4.45,2599.0,2100.0,2017
Southern Mississippi,9.0,22.0,0.29,-13.4,-2.78,1952.0,2239.0,2017
Southern Utah,6.0,27.0,0.182,-15.58,-5.39,2559.0,2814.0,2017
nan,,,,,,,,2017
School,,,,,,,,2017
St. Bonaventure,20.0,12.0,0.625,5.95,1.48,2459.0,2316.0,2017
St. Francis (NY),4.0,27.0,0.129,-19.24,-6.54,1921.0,2284.0,2017
St. John's (NY),14.0,19.0,0.424,6.45,8.39,2534.0,2598.0,2017
Stanford,14.0,17.0,0.452,6.39,8.59,2162.0,2204.0,2017
Stephen F. Austin,18.0,15.0,0.545,-7.01,-5.75,2289.0,2271.0,2017
Stetson,11.0,21.0,0.344,-14.21,-5.45,2471.0,2654.0,2017
Stony Brook,18.0,14.0,0.563,-4.71,-5.05,2215.0,2204.0,2017
Syracuse,19.0,15.0,0.559,13.7,8.47,2594.0,2416.0,2017
TCU,24.0,15.0,0.615,15.64,10.95,2914.0,2718.0,2017
Temple,16.0,16.0,0.5,4.84,5.09,2269.0,2277.0,2017
Tennessee,16.0,16.0,0.5,11.28,10.18,2383.0,2335.0,2017
Tennessee State,17.0,13.0,0.567,-1.57,-2.96,2134.0,2032.0,2017
Tennessee Tech,12.0,20.0,0.375,-7.6,-4.17,2317.0,2340.0,2017
Tennessee-Martin,22.0,13.0,0.629,-4.7,-4.34,2693.0,2630.0,2017
Texas,11.0,22.0,0.333,10.99,12.75,2215.0,2273.0,2017
Texas A&M,16.0,15.0,0.516,10.36,7.97,2176.0,2102.0,2017
Texas A&M-Corpus Christi,24.0,12.0,0.667,-2.97,-5.79,2715.0,2574.0,2017
Texas Southern,23.0,12.0,0.657,-6.41,-7.81,2593.0,2544.0,2017
Texas State,22.0,14.0,0.611,-2.23,-4.29,2407.0,2256.0,2017
Texas Tech,18.0,14.0,0.563,14.11,7.86,2346.0,2146.0,2017
nan,,,,,,,,2017
School,,,,,,,,2017
Texas-Rio Grande Valley,10.0,22.0,0.313,-11.44,-3.68,2505.0,2665.0,2017
The Citadel,12.0,21.0,0.364,-12.86,-2.93,2964.0,3121.0,2017
Toledo,17.0,17.0,0.5,1.16,-0.9,2675.0,2567.0,2017
Towson,20.0,13.0,0.606,1.84,-1.28,2447.0,2285.0,2017
Troy,22.0,15.0,0.595,-0.47,-3.36,2889.0,2667.0,2017
Tulane,6.0,25.0,0.194,-3.98,4.25,2179.0,2434.0,2017
Tulsa,15.0,17.0,0.469,2.45,5.29,2158.0,2249.0,2017
UAB,17.0,16.0,0.515,-1.17,-1.83,2369.0,2316.0,2017
UC Davis,23.0,13.0,0.639,-5.21,-4.68,2525.0,2506.0,2017
UC Irvine,21.0,15.0,0.583,0.18,-2.7,2514.0,2331.0,2017
UC Riverside,8.0,21.0,0.276,-11.39,-3.87,1895.0,2016.0,2017
UC Santa Barbara,6.0,22.0,0.214,-13.49,-2.0,1701.0,1987.0,2017
UCF,24.0,12.0,0.667,9.58,3.69,2414.0,2202.0,2017
UCLA,31.0,5.0,0.861,20.67,6.39,3233.0,2719.0,2017
UNC Asheville,23.0,10.0,0.697,0.84,-5.61,2544.0,2261.0,2017
UNC Greensboro,25.0,10.0,0.714,-0.1,-2.63,2628.0,2424.0,2017
UNC Wilmington,29.0,6.0,0.829,8.06,-0.55,2967.0,2624.0,2017
UT Arlington,27.0,9.0,0.75,5.92,-0.87,2818.0,2516.0,2017
Utah,20.0,12.0,0.625,12.45,4.32,2511.0,2180.0,2017
Utah State,14.0,17.0,0.452,2.9,2.46,2241.0,2195.0,2017
nan,,,,,,,,2017
School,,,,,,,,2017
Utah Valley,17.0,17.0,0.5,-1.22,-2.44,2615.0,2479.0,2017
UTEP,15.0,17.0,0.469,-3.13,-2.51,2217.0,2202.0,2017
UTSA,14.0,19.0,0.424,-7.42,-3.03,2178.0,2291.0,2017
Valparaiso,24.0,9.0,0.727,3.94,-1.59,2465.0,2274.0,2017
Vanderbilt,19.0,16.0,0.543,13.69,10.72,2489.0,2385.0,2017
Vermont,29.0,6.0,0.829,6.67,-3.27,2571.0,2174.0,2017
Villanova,32.0,4.0,0.889,23.8,9.28,2779.0,2256.0,2017
Virginia,23.0,11.0,0.676,20.63,10.93,2246.0,1916.0,2017
Virginia Commonwealth,26.0,9.0,0.743,11.57,3.77,2616.0,2343.0,2017
VMI,6.0,24.0,0.2,-13.91,-1.8,2057.0,2346.0,2017
Virginia Tech,22.0,11.0,0.667,12.77,8.38,2610.0,2465.0,2017
Wagner,16.0,14.0,0.533,-7.13,-7.89,2047.0,1973.0,2017
Wake Forest,19.0,14.0,0.576,14.19,9.8,2733.0,2588.0,2017
Washington,9.0,22.0,0.29,2.15,6.82,2368.0,2513.0,2017
Washington State,13.0,18.0,0.419,0.13,6.87,2179.0,2376.0,2017
Weber State,20.0,14.0,0.588,-2.32,-5.13,2714.0,2505.0,2017
West Virginia,28.0,9.0,0.757,24.45,9.67,3014.0,2467.0,2017
Western Carolina,9.0,23.0,0.281,-15.3,-0.7,1965.0,2347.0,2017
Western Illinois,8.0,20.0,0.286,-11.0,-2.38,2012.0,2151.0,2017
Western Kentucky,15.0,17.0,0.469,-5.8,-2.89,2209.0,2302.0,2017
nan,,,,,,,,2017
School,,,,,,,,2017
Western Michigan,16.0,16.0,0.5,-0.78,-0.55,2417.0,2408.0,2017
Wichita State,31.0,5.0,0.861,21.24,2.96,2916.0,2246.0,2017
William & Mary,17.0,14.0,0.548,-0.14,-0.73,2534.0,2411.0,2017
Winthrop,26.0,7.0,0.788,1.34,-6.12,2615.0,2322.0,2017
Wisconsin,27.0,10.0,0.73,19.4,9.4,2678.0,2308.0,2017
Wofford,16.0,17.0,0.485,-0.71,-1.08,2593.0,2479.0,2017
Wright State,20.0,12.0,0.625,-1.02,-2.42,2465.0,2317.0,2017
Wyoming,23.0,15.0,0.605,2.83,0.55,2961.0,2833.0,2017
Xavier,24.0,14.0,0.632,14.8,11.51,2836.0,2711.0,2017
Yale,18.0,11.0,0.621,0.21,-2.19,2151.0,2028.0,2017
Youngstown State,13.0,21.0,0.382,-9.75,-2.56,2616.0,2801.0,2017
Abilene Christian,16.0,16.0,0.5,-9.14,-6.82,2359.0,2279.0,2018
Air Force,12.0,19.0,0.387,-4.31,1.72,2124.0,2244.0,2018
Akron,14.0,18.0,0.438,-6.82,-1.92,2296.0,2411.0,2018
Alabama,20.0,16.0,0.556,12.34,10.64,2604.0,2543.0,2018
Alabama A&M,3.0,28.0,0.097,-23.97,-8.04,1873.0,2367.0,2018
Alabama State,8.0,23.0,0.258,-18.56,-8.62,2129.0,2437.0,2018
Albany (NY),22.0,10.0,0.688,0.02,-5.4,2375.0,2182.0,2018
Alcorn State,11.0,21.0,0.344,-18.07,-8.6,2244.0,2388.0,2018
American,6.0,24.0,0.2,-14.63,-6.16,1961.0,2215.0,2018
Appalachian State,15.0,18.0,0.455,-4.83,-2.67,2520.0,2448.0,2018
Arizona,27.0,8.0,0.771,15.67,6.84,2818.0,2509.0,2018
Arizona State,20.0,12.0,0.625,14.37,6.55,2645.0,2395.0,2018
Arkansas,23.0,12.0,0.657,14.76,9.85,2819.0,2647.0,2018
Arkansas State,11.0,21.0,0.344,-9.65,-3.02,2369.0,2523.0,2018
Arkansas-Pine Bluff,14.0,21.0,0.4,-14.84,-9.36,2307.0,2499.0,2018
Army,13.0,17.0,0.433,-8.62,-7.17,2230.0,2223.0,2018
Auburn,26.0,8.0,0.765,15.97,7.29,2783.0,2488.0,2018
Austin Peay,19.0,15.0,0.559,-3.28,-2.5,2512.0,2446.0,2018
Ball State,19.0,13.0,0.594,-1.22,-2.0,2410.0,2362.0,2018
Baylor,19.0,15.0,0.559,14.6,9.17,2571.0,2369.0,2018
nan,,,,,,,,2018
School,,,,,,,,2018
Belmont,24.0,9.0,0.727,5.54,-2.88,2562.0,2284.0,2018
Bethune-Cookman,18.0,14.0,0.563,-12.19,-12.46,2621.0,2543.0,2018
Binghamton,11.0,20.0,0.355,-10.27,-6.34,2147.0,2181.0,2018
Boise State,23.0,9.0,0.719,11.21,3.05,2502.0,2210.0,2018
Boston College,19.0,16.0,0.543,9.0,7.2,2673.0,2610.0,2018
Boston University,15.0,16.0,0.484,-8.33,-5.83,2186.0,2226.0,2018
Bowling Green,16.0,16.0,0.5,-6.38,-2.88,2429.0,2490.0,2018
Bradley,20.0,13.0,0.606,2.07,0.35,2223.0,2136.0,2018
Brigham Young,24.0,11.0,0.686,8.05,1.53,2600.0,2372.0,2018
Brown,11.0,16.0,0.407,-7.78,-4.67,2080.0,2133.0,2018
Bryant,3.0,28.0,0.097,-18.75,-5.42,2169.0,2582.0,2018
Bucknell,25.0,10.0,0.714,4.49,-3.46,2837.0,2559.0,2018
Buffalo,27.0,9.0,0.75,7.99,0.25,3047.0,2742.0,2018
Butler,21.0,14.0,0.6,16.92,10.55,2763.0,2540.0,2018
Cal Poly,9.0,22.0,0.29,-11.56,-1.83,2082.0,2302.0,2018
Cal State Bakersfield,12.0,18.0,0.4,-6.58,-0.73,1981.0,2068.0,2018
Cal State Fullerton,20.0,12.0,0.625,-0.93,-1.03,2318.0,2245.0,2018
Cal State Northridge,6.0,24.0,0.2,-13.5,-3.53,1983.0,2206.0,2018
California,8.0,24.0,0.25,-3.4,6.05,2166.0,2483.0,2018
Campbell,18.0,16.0,0.529,-5.68,-6.68,2581.0,2412.0,2018
nan,,,,,,,,2018
School,,,,,,,,2018
Canisius,21.0,12.0,0.636,0.44,-4.8,2519.0,2346.0,2018
Central Arkansas,18.0,17.0,0.514,-5.83,-5.97,2819.0,2766.0,2018
Central Connecticut State,14.0,18.0,0.438,-11.62,-7.59,2171.0,2300.0,2018
Central Michigan,21.0,15.0,0.583,-1.39,-3.24,2835.0,2661.0,2018
Charleston Southern,15.0,16.0,0.484,-8.16,-6.16,2232.0,2133.0,2018
Charlotte,6.0,23.0,0.207,-10.13,0.27,2066.0,2317.0,2018
Chattanooga,10.0,23.0,0.303,-11.09,-4.05,2289.0,2424.0,2018
Chicago State,3.0,29.0,0.094,-21.53,1.17,2171.0,2756.0,2018
Cincinnati,31.0,5.0,0.861,20.25,3.53,2673.0,2071.0,2018
Clemson,25.0,10.0,0.714,17.16,9.25,2584.0,2307.0,2018
Cleveland State,12.0,23.0,0.343,-10.82,-3.64,2402.0,2613.0,2018
Coastal Carolina,14.0,18.0,0.438,-3.94,-2.42,2298.0,2241.0,2018
Colgate,19.0,14.0,0.576,-4.85,-5.72,2394.0,2315.0,2018
College of Charleston,26.0,8.0,0.765,1.83,-3.29,2536.0,2331.0,2018
Colorado,17.0,15.0,0.531,6.06,7.0,2307.0,2337.0,2018
Colorado State,11.0,21.0,0.344,-3.86,3.79,2314.0,2537.0,2018
Columbia,8.0,19.0,0.296,-5.63,-3.02,2062.0,2085.0,2018
Connecticut,14.0,18.0,0.438,1.08,6.05,2181.0,2340.0,2018
Coppin State,5.0,27.0,0.156,-20.96,-7.24,1945.0,2384.0,2018
Cornell,12.0,16.0,0.429,-8.8,-3.24,2124.0,2250.0,2018
nan,,,,,,,,2018
School,,,,,,,,2018
Creighton,21.0,12.0,0.636,16.35,8.1,2756.0,2444.0,2018
Dartmouth,7.0,20.0,0.259,-10.31,-4.0,1841.0,1970.0,2018
Davidson,21.0,12.0,0.636,11.02,2.57,2519.0,2240.0,2018
Dayton,14.0,17.0,0.452,1.64,2.71,2244.0,2277.0,2018
Delaware,14.0,19.0,0.424,-6.93,-2.96,2338.0,2428.0,2018
Delaware State,4.0,28.0,0.125,-24.57,-9.3,2034.0,2459.0,2018
Denver,15.0,15.0,0.5,-5.21,-2.53,2192.0,2189.0,2018
DePaul,11.0,20.0,0.355,6.55,8.45,2230.0,2289.0,2018
Detroit Mercy,8.0,24.0,0.25,-12.47,-2.07,2516.0,2743.0,2018
Drake,17.0,17.0,0.5,-0.51,0.58,2506.0,2495.0,2018
Drexel,13.0,20.0,0.394,-7.2,-2.48,2454.0,2591.0,2018
Duke,29.0,8.0,0.784,24.43,9.7,3121.0,2576.0,2018
Duquesne,16.0,16.0,0.5,-1.08,-3.33,2317.0,2245.0,2018
East Carolina,10.0,20.0,0.333,-8.72,-0.22,1993.0,2248.0,2018
East Tennessee State,25.0,9.0,0.735,3.72,-4.09,2556.0,2241.0,2018
Eastern Illinois,12.0,19.0,0.387,-8.33,-3.4,2065.0,2120.0,2018
Eastern Kentucky,11.0,20.0,0.355,-10.57,-3.68,2230.0,2371.0,2018
Eastern Michigan,22.0,13.0,0.629,-0.23,-2.81,2509.0,2339.0,2018
Eastern Washington,20.0,15.0,0.571,-0.03,-1.54,2619.0,2520.0,2018
Elon,14.0,18.0,0.438,-6.89,-1.69,2346.0,2437.0,2018
nan,,,,,,,,2018
School,,,,,,,,2018
Evansville,17.0,15.0,0.531,0.68,1.35,2094.0,2045.0,2018
Fairfield,17.0,16.0,0.515,-4.98,-3.68,2506.0,2549.0,2018
FDU,13.0,18.0,0.419,-10.41,-5.66,2313.0,2350.0,2018
Florida,21.0,13.0,0.618,16.66,10.08,2577.0,2353.0,2018
Florida A&M,9.0,25.0,0.265,-19.21,-8.33,2343.0,2684.0,2018
Florida Atlantic,12.0,19.0,0.387,-5.35,-0.14,2155.0,2172.0,2018
Florida Gulf Coast,23.0,12.0,0.657,1.94,-5.44,2847.0,2515.0,2018
Florida International,14.0,18.0,0.438,-4.3,-1.99,2262.0,2278.0,2018
Florida State,23.0,12.0,0.657,15.78,8.5,2806.0,2551.0,2018
Fordham,9.0,22.0,0.29,-6.74,1.26,1931.0,2179.0,2018
Fresno State,21.0,11.0,0.656,8.17,1.84,2459.0,2201.0,2018
Furman,23.0,10.0,0.697,4.43,-3.64,2619.0,2260.0,2018
Gardner-Webb,14.0,18.0,0.438,-9.7,-3.81,2258.0,2307.0,2018
George Mason,16.0,17.0,0.485,-2.97,0.85,2371.0,2497.0,2018
George Washington,15.0,18.0,0.455,-0.72,2.13,2225.0,2319.0,2018
Georgetown,15.0,15.0,0.5,7.16,5.29,2350.0,2294.0,2018
Georgia,18.0,15.0,0.545,10.24,8.87,2247.0,2202.0,2018
Georgia Southern,21.0,12.0,0.636,-0.54,-3.28,2504.0,2315.0,2018
Georgia State,24.0,11.0,0.686,3.22,-2.78,2614.0,2356.0,2018
Georgia Tech,13.0,19.0,0.406,5.25,7.46,2101.0,2172.0,2018
nan,,,,,,,,2018
School,,,,,,,,2018
Gonzaga,32.0,5.0,0.865,18.44,2.6,3091.0,2505.0,2018
Grambling,17.0,14.0,0.548,-12.97,-10.3,2257.0,2321.0,2018
Grand Canyon,22.0,12.0,0.647,3.78,-4.8,2512.0,2213.0,2018
Green Bay,13.0,20.0,0.394,-8.51,-4.08,2517.0,2499.0,2018
Hampton,19.0,16.0,0.543,-9.37,-9.56,2703.0,2603.0,2018
Hartford,19.0,14.0,0.576,-5.54,-5.26,2326.0,2318.0,2018
Harvard,18.0,14.0,0.563,-0.28,-1.7,2182.0,2129.0,2018
Hawaii,17.0,13.0,0.567,-2.33,-2.51,2104.0,2071.0,2018
High Point,14.0,16.0,0.467,-6.75,-6.38,2126.0,1993.0,2018
Hofstra,19.0,12.0,0.613,-0.53,-1.6,2464.0,2397.0,2018
Holy Cross,12.0,19.0,0.387,-9.92,-5.82,1972.0,2099.0,2018
Houston,27.0,8.0,0.771,15.99,4.16,2685.0,2271.0,2018
Houston Christian,6.0,25.0,0.194,-16.14,-3.97,2382.0,2617.0,2018
Howard,10.0,23.0,0.303,-17.26,-9.74,2449.0,2654.0,2018
Idaho,22.0,9.0,0.71,0.82,-3.94,2330.0,2134.0,2018
Idaho State,14.0,16.0,0.467,-5.76,-3.69,2211.0,2232.0,2018
Illinois,14.0,18.0,0.438,8.5,7.53,2426.0,2362.0,2018
Illinois State,18.0,15.0,0.545,1.07,3.67,2364.0,2418.0,2018
Illinois-Chicago,20.0,16.0,0.556,-2.91,-4.21,2708.0,2597.0,2018
Incarnate Word,7.0,21.0,0.25,-17.71,-5.04,1978.0,2163.0,2018
nan,,,,,,,,2018
School,,,,,,,,2018
Indiana,16.0,15.0,0.516,9.89,8.25,2229.0,2178.0,2018
Indiana State,13.0,18.0,0.419,1.53,2.43,2248.0,2253.0,2018
Iona,20.0,14.0,0.588,0.75,-2.19,2702.0,2602.0,2018
Iowa,14.0,19.0,0.424,8.13,7.13,2630.0,2597.0,2018
Iowa State,13.0,18.0,0.419,6.88,9.49,2258.0,2339.0,2018
IU Indy,11.0,19.0,0.367,-9.82,-3.53,2047.0,2180.0,2018
Jackson State,12.0,20.0,0.375,-17.66,-10.5,1991.0,2161.0,2018
Jacksonville,15.0,18.0,0.455,-13.39,-6.12,2405.0,2482.0,2018
Jacksonville State,23.0,13.0,0.639,-0.3,-4.87,2587.0,2369.0,2018
James Madison,10.0,22.0,0.313,-5.47,-2.15,2341.0,2414.0,2018
Kansas,31.0,8.0,0.795,21.39,11.88,3174.0,2803.0,2018
Kansas City,10.0,22.0,0.313,-10.19,-1.02,2251.0,2447.0,2018
Kansas State,25.0,12.0,0.676,12.85,8.74,2630.0,2478.0,2018
Kennesaw State,10.0,20.0,0.333,-11.17,-4.31,2182.0,2328.0,2018
Kent State,17.0,17.0,0.5,-3.73,-1.76,2482.0,2502.0,2018
Kentucky,26.0,11.0,0.703,17.24,10.73,2840.0,2599.0,2018
La Salle,13.0,19.0,0.406,1.7,2.54,2333.0,2360.0,2018
Lafayette,10.0,21.0,0.323,-9.77,-6.04,2207.0,2307.0,2018
Lamar,19.0,14.0,0.576,-5.19,-7.23,2500.0,2296.0,2018
Lehigh,16.0,14.0,0.533,-6.41,-5.65,2336.0,2333.0,2018
nan,,,,,,,,2018
School,,,,,,,,2018
Liberty,22.0,15.0,0.595,-2.68,-6.24,2621.0,2353.0,2018
Lipscomb,23.0,10.0,0.697,-2.1,-3.8,2708.0,2564.0,2018
Little Rock,7.0,25.0,0.219,-10.45,-2.22,2038.0,2242.0,2018
Long Beach State,15.0,18.0,0.455,-3.76,0.89,2485.0,2586.0,2018
Long Island University,18.0,17.0,0.514,-8.6,-8.19,2696.0,2674.0,2018
Longwood,7.0,26.0,0.212,-18.31,-4.31,2088.0,2445.0,2018
Louisiana,27.0,7.0,0.794,7.58,-2.55,2829.0,2408.0,2018
Louisiana State,18.0,15.0,0.545,10.93,8.02,2559.0,2463.0,2018
Louisiana Tech,17.0,16.0,0.515,1.33,-0.12,2468.0,2331.0,2018
Louisiana-Monroe,16.0,16.0,0.5,-6.28,-3.31,2235.0,2187.0,2018
Louisville,22.0,14.0,0.611,14.3,9.07,2721.0,2533.0,2018
Loyola (IL),32.0,6.0,0.842,10.37,1.8,2721.0,2377.0,2018
Loyola (MD),9.0,22.0,0.29,-12.71,-5.25,2154.0,2326.0,2018
Loyola Marymount,11.0,20.0,0.355,-4.34,1.09,2226.0,2369.0,2018
Maine,6.0,26.0,0.188,-14.64,-3.27,2140.0,2408.0,2018
Manhattan,14.0,17.0,0.452,-5.04,-4.13,2147.0,2175.0,2018
Marist,6.0,25.0,0.194,-12.48,-3.57,2239.0,2515.0,2018
Marquette,21.0,14.0,0.6,12.5,9.7,2846.0,2748.0,2018
Marshall,25.0,11.0,0.694,4.21,0.44,3017.0,2849.0,2018
Maryland,19.0,13.0,0.594,13.78,7.94,2338.0,2140.0,2018
nan,,,,,,,,2018
School,,,,,,,,2018
Maryland-Baltimore County,25.0,11.0,0.694,-2.02,-3.84,2630.0,2466.0,2018
Maryland-Eastern Shore,7.0,25.0,0.219,-24.63,-7.56,1992.0,2473.0,2018
Massachusetts,13.0,20.0,0.394,-1.65,1.1,2374.0,2465.0,2018
Massachusetts-Lowell,12.0,18.0,0.4,-9.53,-5.77,2286.0,2356.0,2018
McNeese State,12.0,17.0,0.414,-12.06,-6.1,2184.0,2209.0,2018
Memphis,21.0,13.0,0.618,1.81,2.16,2408.0,2420.0,2018
Mercer,19.0,15.0,0.559,-0.87,-3.5,2561.0,2373.0,2018
Miami (FL),22.0,10.0,0.688,12.83,6.96,2361.0,2173.0,2018
Miami (OH),16.0,18.0,0.471,-3.56,-1.15,2449.0,2404.0,2018
Michigan,33.0,8.0,0.805,19.03,9.41,3019.0,2596.0,2018
Michigan State,30.0,5.0,0.857,22.41,7.1,2807.0,2271.0,2018
Middle Tennessee,25.0,8.0,0.758,10.29,2.83,2479.0,2188.0,2018
Milwaukee,16.0,17.0,0.485,-4.15,-4.25,2259.0,2260.0,2018
Minnesota,15.0,17.0,0.469,7.0,6.91,2405.0,2402.0,2018
Mississippi,12.0,20.0,0.375,6.85,9.16,2426.0,2500.0,2018
Mississippi State,25.0,12.0,0.676,11.71,6.82,2716.0,2507.0,2018
Mississippi Valley State,4.0,28.0,0.125,-21.41,-8.13,2075.0,2500.0,2018
Missouri,20.0,13.0,0.606,13.81,9.19,2399.0,2246.0,2018
Missouri State,18.0,15.0,0.545,3.06,0.43,2313.0,2197.0,2018
Monmouth,11.0,20.0,0.355,-2.41,-1.25,2336.0,2372.0,2018
nan,,,,,,,,2018
School,,,,,,,,2018
Montana,26.0,8.0,0.765,6.29,-2.24,2625.0,2329.0,2018
Montana State,13.0,19.0,0.406,-8.69,-3.52,2434.0,2524.0,2018
Morehead State,8.0,21.0,0.276,-10.65,-1.91,2043.0,2204.0,2018
Morgan State,13.0,19.0,0.406,-15.11,-11.98,2273.0,2338.0,2018
Mount St. Mary's,18.0,14.0,0.563,-8.13,-8.03,2331.0,2301.0,2018
Murray State,26.0,6.0,0.813,6.87,-3.53,2515.0,2117.0,2018
Navy,20.0,12.0,0.625,-6.91,-7.2,2199.0,2125.0,2018
NC State,21.0,12.0,0.636,12.91,6.7,2682.0,2477.0,2018
Nebraska,22.0,11.0,0.667,10.99,7.33,2386.0,2265.0,2018
Nevada,29.0,8.0,0.784,14.44,4.93,3055.0,2703.0,2018
Nevada-Las Vegas,20.0,13.0,0.606,7.2,1.87,2753.0,2577.0,2018
New Hampshire,10.0,21.0,0.323,-8.38,-4.31,2103.0,2085.0,2018
New Mexico,19.0,15.0,0.559,5.81,3.3,2795.0,2641.0,2018
New Mexico State,28.0,6.0,0.824,9.06,-1.1,2572.0,2183.0,2018
New Orleans,16.0,17.0,0.485,-9.01,-5.78,2297.0,2322.0,2018
Niagara,19.0,14.0,0.576,-4.84,-4.21,2748.0,2769.0,2018
Nicholls State,21.0,11.0,0.656,-3.54,-5.86,2641.0,2411.0,2018
NJIT,14.0,16.0,0.467,-7.25,-5.53,2248.0,2197.0,2018
Norfolk State,14.0,19.0,0.424,-12.99,-10.19,2399.0,2417.0,2018
North Carolina,26.0,11.0,0.703,20.07,11.78,3018.0,2711.0,2018
nan,,,,,,,,2018
School,,,,,,,,2018
North Carolina A&T,20.0,15.0,0.571,-12.58,-11.22,2623.0,2605.0,2018
North Carolina Central,19.0,16.0,0.543,-13.18,-12.31,2520.0,2425.0,2018
North Dakota,12.0,20.0,0.375,-7.63,-0.19,2427.0,2612.0,2018
North Dakota State,15.0,17.0,0.469,-1.86,-1.58,2382.0,2264.0,2018
North Florida,14.0,19.0,0.424,-11.4,-1.74,2668.0,2873.0,2018
North Texas,20.0,18.0,0.526,1.16,-0.4,2828.0,2703.0,2018
Northeastern,23.0,10.0,0.697,3.64,-1.61,2472.0,2270.0,2018
Northern Arizona,5.0,27.0,0.156,-14.67,-1.04,2100.0,2512.0,2018
Northern Colorado,26.0,12.0,0.684,3.67,-2.27,3080.0,2776.0,2018
Northern Illinois,13.0,19.0,0.406,-6.71,-1.71,2319.0,2407.0,2018
Northern Iowa,16.0,16.0,0.5,4.0,3.87,2056.0,1990.0,2018
Northern Kentucky,22.0,10.0,0.688,4.83,-4.07,2486.0,2112.0,2018
Northwestern,15.0,17.0,0.469,9.63,8.37,2203.0,2127.0,2018
Northwestern State,4.0,25.0,0.138,-21.02,-4.18,1868.0,2264.0,2018
Notre Dame,21.0,15.0,0.583,13.64,7.92,2698.0,2471.0,2018
Oakland,19.0,14.0,0.576,-1.82,-3.76,2580.0,2516.0,2018
Ohio,14.0,17.0,0.452,-2.52,-1.65,2334.0,2353.0,2018
Ohio State,25.0,9.0,0.735,17.67,9.02,2591.0,2297.0,2018
Oklahoma,18.0,14.0,0.563,13.81,10.56,2718.0,2614.0,2018
Oklahoma State,21.0,15.0,0.583,12.45,9.12,2757.0,2637.0,2018
nan,,,,,,,,2018
School,,,,,,,,2018
Old Dominion,25.0,7.0,0.781,9.27,-1.27,2347.0,2010.0,2018
Omaha,9.0,22.0,0.29,-9.88,0.33,2373.0,2588.0,2018
Oral Roberts,11.0,21.0,0.344,-6.66,1.05,2332.0,2484.0,2018
Oregon,23.0,13.0,0.639,10.7,4.84,2817.0,2606.0,2018
Oregon State,16.0,16.0,0.5,7.31,4.56,2339.0,2251.0,2018
Pacific,14.0,18.0,0.438,-0.55,1.8,2280.0,2316.0,2018
Penn State,26.0,13.0,0.667,15.85,7.79,2915.0,2601.0,2018
Pennsylvania,24.0,9.0,0.727,2.24,-3.16,2506.0,2274.0,2018
Pepperdine,6.0,26.0,0.188,-6.5,1.82,2283.0,2516.0,2018
Pittsburgh,8.0,24.0,0.25,-1.87,8.48,1985.0,2316.0,2018
Portland,10.0,22.0,0.313,-6.6,2.43,2221.0,2372.0,2018
Portland State,20.0,14.0,0.588,-0.14,-1.04,2897.0,2698.0,2018
Prairie View,16.0,18.0,0.471,-10.13,-7.71,2559.0,2609.0,2018
Presbyterian,11.0,21.0,0.344,-14.33,-5.53,2124.0,2273.0,2018
Princeton,13.0,16.0,0.448,-2.44,-1.97,2106.0,2083.0,2018
Providence,21.0,14.0,0.6,11.12,10.23,2575.0,2544.0,2018
Purdue,30.0,7.0,0.811,23.41,8.74,2974.0,2431.0,2018
Purdue Fort Wayne,18.0,15.0,0.545,-1.48,-3.24,2716.0,2535.0,2018
Quinnipiac,12.0,21.0,0.364,-9.5,-4.44,2364.0,2531.0,2018
Radford,23.0,13.0,0.639,-2.62,-4.09,2422.0,2336.0,2018
nan,,,,,,,,2018
School,,,,,,,,2018
Rhode Island,26.0,8.0,0.765,11.81,4.61,2583.0,2338.0,2018
Rice,7.0,24.0,0.226,-8.63,-0.04,2114.0,2347.0,2018
Richmond,12.0,20.0,0.375,-0.17,3.61,2297.0,2418.0,2018
Rider,22.0,10.0,0.688,0.94,-2.65,2620.0,2505.0,2018
Robert Morris,16.0,17.0,0.485,-7.98,-6.1,2272.0,2334.0,2018
Rutgers,15.0,19.0,0.441,5.5,6.84,2216.0,2204.0,2018
Sacramento State,7.0,25.0,0.219,-8.9,-0.74,2157.0,2358.0,2018
Sacred Heart,10.0,21.0,0.323,-11.38,-6.98,2129.0,2237.0,2018
Saint Francis (PA),18.0,13.0,0.581,-6.12,-6.71,2450.0,2355.0,2018
Saint Joseph's,16.0,16.0,0.5,3.78,1.9,2371.0,2311.0,2018
Saint Louis,17.0,16.0,0.515,2.58,2.92,2170.0,2157.0,2018
Saint Mary's (CA),30.0,6.0,0.833,12.86,0.33,2772.0,2321.0,2018
Saint Peter's,14.0,18.0,0.438,-5.24,-4.37,2085.0,2113.0,2018
Sam Houston,21.0,15.0,0.583,-5.14,-4.8,2571.0,2477.0,2018
Samford,10.0,22.0,0.313,-11.1,-3.37,2483.0,2639.0,2018
San Diego,20.0,14.0,0.588,2.86,0.5,2385.0,2264.0,2018
San Diego State,22.0,11.0,0.667,12.23,3.91,2545.0,2240.0,2018
San Francisco,22.0,17.0,0.564,1.13,1.63,2685.0,2681.0,2018
San Jose State,4.0,26.0,0.133,-8.74,2.91,1974.0,2260.0,2018
Santa Clara,11.0,20.0,0.355,-7.01,0.61,2048.0,2224.0,2018
nan,,,,,,,,2018
School,,,,,,,,2018
Savannah State,15.0,17.0,0.469,-15.36,-5.06,2754.0,2991.0,2018
Seattle,20.0,14.0,0.588,-2.32,-3.09,2589.0,2468.0,2018
Seton Hall,22.0,12.0,0.647,15.67,10.11,2701.0,2512.0,2018
Siena,8.0,24.0,0.25,-10.46,-2.99,2166.0,2405.0,2018
South Alabama,14.0,18.0,0.438,-5.44,-2.87,2228.0,2218.0,2018
South Carolina,17.0,16.0,0.515,9.45,9.23,2313.0,2277.0,2018
South Carolina State,10.0,22.0,0.313,-20.18,-8.78,2355.0,2660.0,2018
South Carolina Upstate,7.0,25.0,0.219,-17.46,-4.35,2424.0,2723.0,2018
South Dakota,26.0,9.0,0.743,6.17,-2.6,2832.0,2404.0,2018
South Dakota State,28.0,7.0,0.8,6.84,-0.38,2958.0,2599.0,2018
South Florida,10.0,22.0,0.313,-7.25,0.06,2026.0,2260.0,2018
Southeast Missouri State,14.0,17.0,0.452,-8.12,-4.88,2355.0,2413.0,2018
Southeastern Louisiana,22.0,12.0,0.647,-6.4,-6.2,2439.0,2357.0,2018
Southern,15.0,18.0,0.455,-14.54,-9.57,2279.0,2369.0,2018
Southern California,24.0,12.0,0.667,12.81,6.29,2798.0,2563.0,2018
Southern Illinois,20.0,13.0,0.606,1.37,0.65,2308.0,2280.0,2018
SIU Edwardsville,9.0,21.0,0.3,-12.43,-3.36,2090.0,2362.0,2018
Southern Methodist,17.0,16.0,0.515,9.08,3.66,2293.0,2114.0,2018
Southern Mississippi,16.0,18.0,0.471,-4.26,1.31,2401.0,2449.0,2018
Southern Utah,13.0,19.0,0.406,-7.64,-0.87,2416.0,2583.0,2018
nan,,,,,,,,2018
School,,,,,,,,2018
St. Bonaventure,26.0,8.0,0.765,8.87,2.61,2620.0,2407.0,2018
St. Francis (NY),13.0,18.0,0.419,-12.24,-7.31,2260.0,2357.0,2018
St. John's (NY),16.0,17.0,0.485,10.29,10.69,2412.0,2397.0,2018
Stanford,19.0,16.0,0.543,8.08,7.14,2655.0,2622.0,2018
Stephen F. Austin,28.0,7.0,0.8,2.66,-6.47,2819.0,2386.0,2018
Stetson,12.0,20.0,0.375,-12.38,-6.45,2412.0,2496.0,2018
Stony Brook,13.0,19.0,0.406,-5.08,-2.28,2205.0,2249.0,2018
Syracuse,23.0,14.0,0.622,12.89,10.02,2466.0,2360.0,2018
TCU,21.0,12.0,0.636,16.38,9.68,2708.0,2487.0,2018
Temple,17.0,16.0,0.515,7.25,7.79,2308.0,2326.0,2018
Tennessee,26.0,9.0,0.743,18.2,10.12,2584.0,2301.0,2018
Tennessee State,15.0,15.0,0.5,-5.34,-2.98,1997.0,2010.0,2018
Tennessee Tech,19.0,14.0,0.576,-5.83,-3.54,2413.0,2388.0,2018
Tennessee-Martin,10.0,21.0,0.323,-10.52,-4.96,2135.0,2253.0,2018
Texas,19.0,15.0,0.559,13.96,10.67,2450.0,2338.0,2018
Texas A&M,22.0,13.0,0.629,15.3,10.62,2631.0,2467.0,2018
Texas A&M-Corpus Christi,11.0,18.0,0.379,-12.3,-6.57,1963.0,2057.0,2018
Texas Southern,16.0,20.0,0.444,-7.53,-5.53,2787.0,2859.0,2018
Texas State,15.0,18.0,0.455,-5.84,-3.45,2190.0,2172.0,2018
Texas Tech,27.0,10.0,0.73,19.38,9.6,2759.0,2397.0,2018
nan,,,,,,,,2018
School,,,,,,,,2018
Texas-Rio Grande Valley,15.0,18.0,0.455,-7.73,-2.86,2490.0,2584.0,2018
The Citadel,11.0,21.0,0.344,-13.64,-2.95,2639.0,2819.0,2018
Toledo,23.0,11.0,0.676,2.65,-1.75,2687.0,2532.0,2018
Towson,18.0,14.0,0.563,-0.12,-3.12,2446.0,2279.0,2018
Troy,16.0,17.0,0.485,-1.5,-2.12,2475.0,2408.0,2018
Tulane,14.0,17.0,0.452,1.21,2.08,2269.0,2296.0,2018
Tulsa,19.0,12.0,0.613,4.96,2.38,2277.0,2197.0,2018
UAB,20.0,13.0,0.606,4.9,-0.65,2536.0,2303.0,2018
UC Davis,22.0,11.0,0.667,0.87,-1.84,2388.0,2241.0,2018
UC Irvine,18.0,17.0,0.514,-0.22,-0.34,2440.0,2350.0,2018
UC Riverside,9.0,22.0,0.29,-8.5,-1.54,2024.0,2163.0,2018
UC Santa Barbara,23.0,9.0,0.719,2.1,-3.37,2425.0,2211.0,2018
UCF,19.0,13.0,0.594,4.76,3.76,2007.0,1975.0,2018
UCLA,21.0,12.0,0.636,12.07,6.86,2679.0,2507.0,2018
UNC Asheville,21.0,13.0,0.618,-3.92,-3.58,2557.0,2499.0,2018
UNC Greensboro,27.0,8.0,0.771,4.54,-3.87,2562.0,2189.0,2018
UNC Wilmington,11.0,21.0,0.344,-7.52,-1.15,2542.0,2668.0,2018
UT Arlington,21.0,13.0,0.618,2.2,-1.44,2640.0,2500.0,2018
Utah,23.0,12.0,0.657,11.39,6.39,2571.0,2396.0,2018
Utah State,17.0,17.0,0.5,2.31,2.65,2489.0,2466.0,2018
nan,,,,,,,,2018
School,,,,,,,,2018
Utah Valley,23.0,11.0,0.676,5.08,-1.76,2657.0,2310.0,2018
UTEP,11.0,20.0,0.355,-5.31,-0.21,2094.0,2197.0,2018
UTSA,20.0,15.0,0.571,-1.24,-0.93,2740.0,2628.0,2018
Valparaiso,15.0,17.0,0.469,0.63,0.93,2252.0,2182.0,2018
Vanderbilt,12.0,20.0,0.375,8.52,10.14,2316.0,2368.0,2018
Vermont,27.0,8.0,0.771,4.9,-3.16,2587.0,2277.0,2018
Villanova,36.0,4.0,0.9,26.64,10.24,3463.0,2807.0,2018
Virginia,31.0,3.0,0.912,22.2,9.05,2283.0,1836.0,2018
Virginia Commonwealth,18.0,15.0,0.545,3.55,2.43,2507.0,2470.0,2018
VMI,9.0,21.0,0.3,-15.43,-4.25,1954.0,2214.0,2018
Virginia Tech,21.0,12.0,0.636,14.35,6.71,2634.0,2382.0,2018
Wagner,23.0,10.0,0.697,-3.19,-6.9,2448.0,2256.0,2018
Wake Forest,11.0,20.0,0.355,7.76,8.79,2273.0,2305.0,2018
Washington,21.0,13.0,0.618,7.62,6.06,2535.0,2482.0,2018
Washington State,12.0,19.0,0.387,0.67,5.21,2270.0,2411.0,2018
Weber State,20.0,11.0,0.645,0.02,-2.87,2434.0,2195.0,2018
West Virginia,26.0,11.0,0.703,19.89,9.38,2964.0,2575.0,2018
Western Carolina,13.0,19.0,0.406,-11.9,-1.63,2190.0,2419.0,2018
Western Illinois,12.0,16.0,0.429,-11.07,-2.28,2012.0,2009.0,2018
Western Kentucky,27.0,11.0,0.711,11.08,3.64,2979.0,2674.0,2018
nan,,,,,,,,2018
School,,,,,,,,2018
Western Michigan,17.0,15.0,0.531,-2.22,-1.99,2402.0,2349.0,2018
Wichita State,25.0,8.0,0.758,16.58,5.46,2731.0,2364.0,2018
William & Mary,19.0,12.0,0.613,-1.37,-1.34,2636.0,2531.0,2018
Winthrop,19.0,12.0,0.613,-1.63,-5.85,2464.0,2219.0,2018
Wisconsin,15.0,18.0,0.455,10.38,9.5,2206.0,2177.0,2018
Wofford,21.0,13.0,0.618,-0.97,-2.45,2578.0,2405.0,2018
Wright State,25.0,10.0,0.714,0.58,-3.64,2500.0,2307.0,2018
Wyoming,20.0,13.0,0.606,4.26,3.54,2633.0,2597.0,2018
Xavier,29.0,6.0,0.829,19.06,9.43,2953.0,2616.0,2018
Yale,16.0,15.0,0.516,-4.19,-2.83,2312.0,2288.0,2018
Youngstown State,8.0,24.0,0.25,-13.66,-2.56,2410.0,2647.0,2018
Abilene Christian,27.0,7.0,0.794,-1.91,-7.34,2502.0,2161.0,2019
Air Force,14.0,18.0,0.438,-4.28,0.24,2179.0,2294.0,2019
Akron,17.0,16.0,0.515,4.86,1.09,2271.0,2107.0,2019
Alabama,18.0,16.0,0.529,9.45,9.01,2448.0,2433.0,2019
Alabama A&M,5.0,27.0,0.156,-19.23,-8.38,1938.0,2285.0,2019
Alabama State,12.0,19.0,0.387,-15.6,-7.84,2086.0,2235.0,2019
Albany (NY),12.0,20.0,0.375,-9.38,-6.7,2150.0,2216.0,2019
Alcorn State,10.0,21.0,0.323,-22.08,-8.97,1995.0,2194.0,2019
American,15.0,15.0,0.5,-4.19,-7.23,2161.0,2070.0,2019
Appalachian State,11.0,21.0,0.344,-3.73,0.1,2557.0,2539.0,2019
Arizona,17.0,15.0,0.531,8.32,6.32,2269.0,2205.0,2019
Arizona State,23.0,11.0,0.676,10.28,6.04,2638.0,2494.0,2019
Arkansas,18.0,16.0,0.529,11.75,8.78,2559.0,2458.0,2019
Arkansas State,13.0,19.0,0.406,-7.1,-1.23,2359.0,2475.0,2019
Arkansas-Pine Bluff,13.0,19.0,0.406,-14.43,-8.18,2108.0,2269.0,2019
Army,13.0,19.0,0.406,-7.57,-4.73,2268.0,2305.0,2019
Auburn,30.0,10.0,0.75,20.84,10.92,3188.0,2750.0,2019
Austin Peay,22.0,11.0,0.667,0.59,-4.41,2712.0,2413.0,2019
Ball State,16.0,17.0,0.485,3.39,1.21,2478.0,2362.0,2019
Baylor,20.0,14.0,0.588,13.38,9.26,2442.0,2302.0,2019
nan,,,,,,,,2019
School,,,,,,,,2019
Belmont,27.0,6.0,0.818,9.12,-2.6,2868.0,2439.0,2019
Bethune-Cookman,14.0,17.0,0.452,-11.98,-9.74,2290.0,2245.0,2019
Binghamton,10.0,23.0,0.303,-13.92,-4.69,2152.0,2376.0,2019
Boise State,13.0,20.0,0.394,3.61,1.08,2364.0,2263.0,2019
Boston College,14.0,17.0,0.452,5.83,7.76,2196.0,2256.0,2019
Boston University,15.0,18.0,0.455,-6.61,-5.39,2385.0,2387.0,2019
Bowling Green,22.0,12.0,0.647,4.24,0.86,2668.0,2496.0,2019
Bradley,20.0,15.0,0.571,-0.08,-0.9,2329.0,2285.0,2019
Brigham Young,19.0,13.0,0.594,6.15,3.31,2527.0,2436.0,2019
Brown,20.0,12.0,0.625,-0.62,-3.29,2355.0,2204.0,2019
Bryant,10.0,20.0,0.333,-15.19,-7.66,2088.0,2314.0,2019
Bucknell,21.0,12.0,0.636,0.59,-2.93,2534.0,2418.0,2019
Buffalo,32.0,4.0,0.889,15.56,2.62,3037.0,2550.0,2019
Butler,16.0,17.0,0.485,9.22,8.1,2374.0,2337.0,2019
Cal Poly,6.0,23.0,0.207,-13.95,-3.54,1930.0,2183.0,2019
Cal State Bakersfield,18.0,16.0,0.529,-5.12,-2.63,2412.0,2412.0,2019
Cal State Fullerton,16.0,18.0,0.471,-3.29,-1.14,2437.0,2414.0,2019
Cal State Northridge,13.0,21.0,0.382,-6.54,-3.39,2601.0,2701.0,2019
California,8.0,23.0,0.258,-3.16,5.42,2121.0,2387.0,2019
California Baptist,16.0,15.0,0.516,-3.89,-4.12,2403.0,2241.0,2019
nan,,,,,,,,2019
School,,,,,,,,2019
Campbell,20.0,13.0,0.606,-3.62,-4.39,2495.0,2328.0,2019
Canisius,15.0,17.0,0.469,-8.79,-4.85,2250.0,2376.0,2019
Central Arkansas,14.0,19.0,0.424,-11.37,-4.81,2383.0,2498.0,2019
Central Connecticut State,11.0,20.0,0.355,-14.02,-6.71,2205.0,2367.0,2019
Central Michigan,23.0,12.0,0.657,2.79,-0.34,2896.0,2690.0,2019
Charleston Southern,18.0,16.0,0.529,-2.43,-4.19,2574.0,2369.0,2019
Charlotte,8.0,21.0,0.276,-8.34,-0.89,1776.0,1992.0,2019
Chattanooga,12.0,20.0,0.375,-7.87,-0.76,2268.0,2376.0,2019
Chicago State,3.0,29.0,0.094,-24.83,0.67,1970.0,2710.0,2019
Cincinnati,28.0,7.0,0.8,14.53,5.5,2510.0,2194.0,2019
Clemson,20.0,14.0,0.588,13.85,8.99,2339.0,2174.0,2019
Cleveland State,10.0,21.0,0.323,-7.96,-1.52,2300.0,2437.0,2019
Coastal Carolina,17.0,17.0,0.5,-0.5,-1.94,2641.0,2520.0,2019
Colgate,24.0,11.0,0.686,1.23,-3.83,2648.0,2458.0,2019
College of Charleston,24.0,9.0,0.727,2.36,-2.95,2453.0,2265.0,2019
Colorado,23.0,13.0,0.639,9.68,3.6,2648.0,2429.0,2019
Colorado State,12.0,20.0,0.375,-0.11,1.41,2393.0,2406.0,2019
Columbia,10.0,18.0,0.357,-5.18,-2.14,2059.0,2052.0,2019
Connecticut,16.0,17.0,0.485,6.81,4.32,2436.0,2354.0,2019
Coppin State,8.0,25.0,0.242,-18.9,-7.11,2118.0,2507.0,2019
nan,,,,,,,,2019
School,,,,,,,,2019
Cornell,15.0,16.0,0.484,-6.12,-2.02,2149.0,2211.0,2019
Creighton,20.0,15.0,0.571,12.0,8.59,2727.0,2561.0,2019
Dartmouth,11.0,19.0,0.367,-5.75,-3.0,2160.0,2116.0,2019
Davidson,24.0,10.0,0.706,6.38,1.96,2409.0,2229.0,2019
Dayton,21.0,12.0,0.636,9.67,2.91,2406.0,2183.0,2019
Delaware,17.0,16.0,0.515,-7.91,-4.82,2352.0,2380.0,2019
Delaware State,6.0,25.0,0.194,-26.82,-10.13,1956.0,2371.0,2019
Denver,8.0,22.0,0.267,-11.84,-2.97,2086.0,2319.0,2019
DePaul,19.0,17.0,0.528,6.0,4.05,2821.0,2751.0,2019
Detroit Mercy,11.0,20.0,0.355,-6.33,-0.36,2279.0,2464.0,2019
Drake,24.0,10.0,0.706,2.52,-0.66,2563.0,2387.0,2019
Drexel,13.0,19.0,0.406,-7.02,-2.93,2425.0,2475.0,2019
Duke,32.0,6.0,0.842,26.9,11.98,3143.0,2576.0,2019
Duquesne,19.0,13.0,0.594,0.53,-0.63,2351.0,2314.0,2019
East Carolina,10.0,21.0,0.323,-5.49,1.31,2088.0,2299.0,2019
East Tennessee State,24.0,10.0,0.706,5.21,-1.79,2707.0,2371.0,2019
Eastern Illinois,14.0,18.0,0.438,-11.81,-5.01,2299.0,2457.0,2019
Eastern Kentucky,13.0,18.0,0.419,-7.4,-2.47,2562.0,2577.0,2019
Eastern Michigan,15.0,17.0,0.469,0.4,4.43,2203.0,2213.0,2019
Eastern Washington,16.0,18.0,0.471,-6.77,-4.17,2460.0,2527.0,2019
nan,,,,,,,,2019
School,,,,,,,,2019
Elon,11.0,21.0,0.344,-11.53,-3.56,2266.0,2445.0,2019
Evansville,11.0,21.0,0.344,-3.84,0.13,2234.0,2317.0,2019
Fairfield,9.0,22.0,0.29,-10.2,-7.14,2072.0,2167.0,2019
FDU,21.0,14.0,0.6,-6.09,-7.24,2620.0,2515.0,2019
Florida,20.0,16.0,0.556,15.42,11.22,2440.0,2289.0,2019
Florida A&M,12.0,19.0,0.387,-13.57,-8.09,1927.0,2057.0,2019
Florida Atlantic,17.0,16.0,0.515,-1.42,-1.76,2322.0,2243.0,2019
Florida Gulf Coast,14.0,18.0,0.438,-5.11,-1.48,2280.0,2360.0,2019
Florida International,20.0,14.0,0.588,-4.55,-1.45,2798.0,2734.0,2019
Florida State,29.0,8.0,0.784,17.99,10.26,2771.0,2485.0,2019
Fordham,12.0,20.0,0.375,-5.02,-2.4,2108.0,2141.0,2019
Fresno State,23.0,9.0,0.719,8.99,0.67,2448.0,2162.0,2019
Furman,25.0,8.0,0.758,7.46,-1.5,2562.0,2182.0,2019
Gardner-Webb,23.0,12.0,0.657,-2.61,-4.43,2718.0,2468.0,2019
George Mason,18.0,15.0,0.545,0.84,0.08,2314.0,2289.0,2019
George Washington,9.0,24.0,0.273,-6.65,1.2,2097.0,2356.0,2019
Georgetown,19.0,14.0,0.576,6.8,5.31,2625.0,2576.0,2019
Georgia,11.0,21.0,0.344,5.31,8.12,2274.0,2364.0,2019
Georgia Southern,21.0,12.0,0.636,3.75,0.13,2726.0,2489.0,2019
Georgia State,24.0,10.0,0.706,2.44,0.65,2598.0,2491.0,2019
nan,,,,,,,,2019
School,,,,,,,,2019
Georgia Tech,14.0,18.0,0.438,6.93,8.15,2091.0,2130.0,2019
Gonzaga,33.0,4.0,0.892,27.79,5.01,3243.0,2400.0,2019
Grambling,17.0,17.0,0.5,-9.73,-9.34,2426.0,2336.0,2019
Grand Canyon,20.0,14.0,0.588,3.85,-1.49,2560.0,2353.0,2019
Green Bay,21.0,17.0,0.553,-2.24,-0.36,3090.0,3036.0,2019
Hampton,18.0,17.0,0.514,-3.34,-5.06,2847.0,2669.0,2019
Hartford,18.0,15.0,0.545,-3.95,-4.89,2477.0,2407.0,2019
Harvard,19.0,12.0,0.613,1.86,0.66,2222.0,2174.0,2019
Hawaii,18.0,13.0,0.581,-1.3,-3.61,2241.0,2131.0,2019
High Point,16.0,15.0,0.516,-5.63,-4.39,2115.0,2105.0,2019
Hofstra,27.0,8.0,0.771,4.68,-4.53,2919.0,2553.0,2019
Holy Cross,16.0,17.0,0.485,-6.43,-4.01,2216.0,2296.0,2019
Houston,33.0,4.0,0.892,18.91,4.61,2787.0,2258.0,2019
Houston Christian,12.0,18.0,0.4,-9.36,-5.53,2465.0,2484.0,2019
Howard,17.0,17.0,0.5,-12.3,-9.52,2684.0,2661.0,2019
Idaho,5.0,27.0,0.156,-18.74,-6.19,2174.0,2460.0,2019
Idaho State,11.0,19.0,0.367,-13.17,-4.81,2198.0,2369.0,2019
Illinois,12.0,21.0,0.364,8.95,11.53,2398.0,2483.0,2019
Illinois State,17.0,16.0,0.515,-2.06,0.25,2257.0,2314.0,2019
Illinois-Chicago,16.0,16.0,0.5,-3.15,-1.99,2391.0,2385.0,2019
nan,,,,,,,,2019
School,,,,,,,,2019
Incarnate Word,6.0,25.0,0.194,-18.93,-5.11,2044.0,2355.0,2019
Indiana,19.0,16.0,0.543,13.82,10.1,2504.0,2374.0,2019
Indiana State,15.0,16.0,0.484,-2.72,0.62,2146.0,2218.0,2019
Iona,17.0,16.0,0.515,-4.78,-5.5,2532.0,2508.0,2019
Iowa,23.0,12.0,0.657,14.27,9.84,2740.0,2585.0,2019
Iowa State,23.0,12.0,0.657,18.07,9.3,2692.0,2385.0,2019
IU Indy,16.0,17.0,0.485,-2.72,-3.04,2507.0,2429.0,2019
Jackson State,13.0,19.0,0.406,-14.6,-9.33,1974.0,2107.0,2019
Jacksonville,12.0,20.0,0.375,-8.27,-4.74,2385.0,2402.0,2019
Jacksonville State,24.0,9.0,0.727,1.59,-5.47,2574.0,2283.0,2019
James Madison,14.0,19.0,0.424,-8.52,-4.07,2322.0,2409.0,2019
Kansas,26.0,10.0,0.722,18.35,12.79,2725.0,2525.0,2019
Kansas City,11.0,21.0,0.344,-6.61,-1.55,2220.0,2341.0,2019
Kansas State,25.0,9.0,0.735,15.39,9.18,2236.0,2025.0,2019
Kennesaw State,6.0,26.0,0.188,-16.17,-1.04,2030.0,2455.0,2019
Kent State,22.0,11.0,0.667,1.26,0.61,2481.0,2417.0,2019
Kentucky,30.0,7.0,0.811,21.43,10.29,2806.0,2394.0,2019
La Salle,10.0,21.0,0.323,-3.61,1.29,2091.0,2243.0,2019
Lafayette,10.0,20.0,0.333,-11.17,-4.93,2209.0,2349.0,2019
Lamar,20.0,13.0,0.606,-5.94,-7.22,2597.0,2322.0,2019
nan,,,,,,,,2019
School,,,,,,,,2019
Lehigh,20.0,11.0,0.645,-2.34,-4.46,2479.0,2413.0,2019
Liberty,29.0,7.0,0.806,5.27,-3.88,2654.0,2209.0,2019
Lipscomb,29.0,8.0,0.784,9.21,-1.2,3076.0,2597.0,2019
Little Rock,10.0,21.0,0.323,-4.87,-2.07,2301.0,2353.0,2019
Long Beach State,15.0,19.0,0.441,-4.57,-0.44,2545.0,2584.0,2019
Long Island University,16.0,16.0,0.5,-8.99,-9.08,2373.0,2337.0,2019
Longwood,16.0,18.0,0.471,-8.43,-6.62,2407.0,2408.0,2019
Louisiana,19.0,13.0,0.594,-2.07,-1.51,2612.0,2575.0,2019
Louisiana State,28.0,7.0,0.8,16.5,9.16,2815.0,2558.0,2019
Louisiana Tech,20.0,13.0,0.606,0.95,-2.31,2386.0,2235.0,2019
Louisiana-Monroe,19.0,16.0,0.543,0.81,-1.96,2773.0,2637.0,2019
Louisville,20.0,14.0,0.588,17.28,11.04,2536.0,2324.0,2019
Loyola (IL),20.0,14.0,0.588,3.99,-0.16,2231.0,2066.0,2019
Loyola (MD),11.0,21.0,0.344,-9.13,-4.6,2332.0,2477.0,2019
Loyola Marymount,22.0,12.0,0.647,2.93,0.9,2278.0,2125.0,2019
Maine,5.0,27.0,0.156,-15.11,-4.21,1988.0,2271.0,2019
Manhattan,11.0,21.0,0.344,-12.89,-7.32,1833.0,2011.0,2019
Marist,12.0,19.0,0.387,-9.49,-7.53,2086.0,2147.0,2019
Marquette,24.0,10.0,0.706,14.78,6.96,2629.0,2363.0,2019
Marshall,23.0,14.0,0.622,-0.64,-0.61,2978.0,2979.0,2019
nan,,,,,,,,2019
School,,,,,,,,2019
Maryland,23.0,11.0,0.676,16.01,10.09,2429.0,2228.0,2019
Maryland-Baltimore County,21.0,13.0,0.618,-5.85,-5.85,2296.0,2177.0,2019
Maryland-Eastern Shore,7.0,25.0,0.219,-24.21,-7.91,1833.0,2291.0,2019
Massachusetts,11.0,21.0,0.344,-3.02,-0.18,2263.0,2354.0,2019
Massachusetts-Lowell,15.0,17.0,0.469,-8.28,-6.95,2456.0,2420.0,2019
McNeese State,9.0,22.0,0.29,-14.41,-6.15,2149.0,2303.0,2019
Memphis,22.0,14.0,0.611,10.7,5.09,2882.0,2680.0,2019
Mercer,11.0,20.0,0.355,-2.86,-0.24,2248.0,2246.0,2019
Miami (FL),14.0,18.0,0.438,9.39,8.7,2297.0,2275.0,2019
Miami (OH),15.0,17.0,0.469,0.77,2.31,2267.0,2233.0,2019
Michigan,30.0,7.0,0.811,21.82,10.55,2575.0,2158.0,2019
Michigan State,32.0,7.0,0.821,24.93,12.34,3025.0,2534.0,2019
Middle Tennessee,11.0,21.0,0.344,-6.09,1.44,2141.0,2313.0,2019
Milwaukee,9.0,22.0,0.29,-8.9,-2.5,2146.0,2315.0,2019
Minnesota,22.0,14.0,0.611,12.52,11.27,2543.0,2498.0,2019
Mississippi,20.0,13.0,0.606,12.32,8.13,2485.0,2347.0,2019
Mississippi State,23.0,11.0,0.676,15.96,9.07,2628.0,2394.0,2019
Mississippi Valley State,6.0,26.0,0.188,-22.47,-6.99,2058.0,2498.0,2019
Missouri,15.0,17.0,0.469,8.6,9.16,2150.0,2168.0,2019
Missouri State,16.0,16.0,0.5,-1.2,-1.03,2206.0,2157.0,2019
nan,,,,,,,,2019
School,,,,,,,,2019
Monmouth,14.0,21.0,0.4,-10.66,-4.83,2286.0,2490.0,2019
Montana,26.0,9.0,0.743,1.5,-5.05,2665.0,2397.0,2019
Montana State,15.0,17.0,0.469,-7.91,-5.81,2502.0,2552.0,2019
Morehead State,13.0,20.0,0.394,-7.73,-1.76,2431.0,2543.0,2019
Morgan State,9.0,21.0,0.3,-15.98,-10.7,2161.0,2304.0,2019
Mount St. Mary's,9.0,22.0,0.29,-14.57,-6.02,2092.0,2286.0,2019
Murray State,28.0,5.0,0.848,8.96,-3.11,2727.0,2255.0,2019
Navy,12.0,19.0,0.387,-10.09,-4.0,2061.0,2250.0,2019
NC State,24.0,12.0,0.667,14.94,6.22,2882.0,2568.0,2019
Nebraska,19.0,17.0,0.528,14.85,11.31,2586.0,2421.0,2019
Nevada,29.0,5.0,0.853,16.0,2.68,2723.0,2270.0,2019
Nevada-Las Vegas,17.0,14.0,0.548,1.58,0.48,2276.0,2242.0,2019
New Hampshire,5.0,24.0,0.172,-18.66,-6.03,1742.0,1990.0,2019
New Mexico,14.0,18.0,0.438,-0.55,1.61,2443.0,2454.0,2019
New Mexico State,30.0,5.0,0.857,10.05,-2.38,2734.0,2259.0,2019
New Orleans,19.0,14.0,0.576,-8.88,-6.47,2384.0,2325.0,2019
Niagara,13.0,19.0,0.406,-11.33,-7.77,2318.0,2432.0,2019
Nicholls State,14.0,17.0,0.452,-11.87,-6.98,2260.0,2302.0,2019
NJIT,22.0,13.0,0.629,-3.63,-4.74,2472.0,2401.0,2019
Norfolk State,22.0,14.0,0.611,-8.04,-8.74,2652.0,2503.0,2019
nan,,,,,,,,2019
School,,,,,,,,2019
North Alabama,10.0,22.0,0.313,-11.0,-1.69,2145.0,2358.0,2019
North Carolina,29.0,7.0,0.806,23.94,11.35,3089.0,2636.0,2019
North Carolina A&T,19.0,13.0,0.594,-11.24,-9.88,2241.0,2209.0,2019
North Carolina Central,18.0,16.0,0.529,-11.53,-11.24,2429.0,2266.0,2019
North Dakota,12.0,18.0,0.4,-8.78,-3.55,2220.0,2196.0,2019
North Dakota State,19.0,16.0,0.543,-4.01,-2.07,2556.0,2541.0,2019
North Florida,16.0,17.0,0.485,-3.47,-0.7,2485.0,2531.0,2019
North Texas,21.0,12.0,0.636,-0.25,-3.48,2302.0,2077.0,2019
Northeastern,23.0,11.0,0.676,3.95,-0.7,2564.0,2406.0,2019
Northern Arizona,10.0,21.0,0.323,-10.75,-6.23,2262.0,2402.0,2019
Northern Colorado,21.0,11.0,0.656,-3.92,-6.76,2450.0,2229.0,2019
Northern Illinois,17.0,17.0,0.5,2.58,1.11,2506.0,2413.0,2019
Northern Iowa,16.0,18.0,0.471,-1.54,0.62,2215.0,2230.0,2019
Northern Kentucky,26.0,9.0,0.743,4.67,-2.39,2747.0,2410.0,2019
Northwestern,13.0,19.0,0.406,9.97,9.16,2108.0,2082.0,2019
Northwestern State,11.0,20.0,0.355,-17.06,-5.99,2051.0,2280.0,2019
Notre Dame,14.0,19.0,0.424,7.97,8.28,2266.0,2276.0,2019
Oakland,16.0,17.0,0.485,-2.27,-1.48,2534.0,2515.0,2019
Ohio,14.0,17.0,0.452,-1.84,3.16,2174.0,2288.0,2019
Ohio State,20.0,15.0,0.571,13.89,11.0,2419.0,2318.0,2019
nan,,,,,,,,2019
School,,,,,,,,2019
Oklahoma,20.0,14.0,0.588,15.3,12.21,2423.0,2318.0,2019
Oklahoma State,12.0,20.0,0.375,8.09,11.53,2178.0,2288.0,2019
Old Dominion,26.0,9.0,0.743,3.74,-1.18,2298.0,2130.0,2019
Omaha,21.0,11.0,0.656,-2.32,-3.39,2523.0,2454.0,2019
Oral Roberts,11.0,21.0,0.344,-9.34,-1.91,2314.0,2483.0,2019
Oregon,25.0,13.0,0.658,13.95,6.13,2661.0,2364.0,2019
Oregon State,18.0,13.0,0.581,7.84,4.29,2275.0,2165.0,2019
Pacific,14.0,18.0,0.438,-2.46,1.97,2138.0,2241.0,2019
Penn State,14.0,18.0,0.438,12.55,11.51,2229.0,2196.0,2019
Pennsylvania,19.0,12.0,0.613,2.04,-0.76,2250.0,2117.0,2019
Pepperdine,16.0,18.0,0.471,0.9,0.63,2572.0,2529.0,2019
Pittsburgh,14.0,19.0,0.424,7.88,6.69,2306.0,2267.0,2019
Portland,7.0,25.0,0.219,-10.8,0.51,2078.0,2389.0,2019
Portland State,16.0,16.0,0.5,-8.95,-5.78,2475.0,2404.0,2019
Prairie View,22.0,13.0,0.629,-7.29,-9.17,2627.0,2547.0,2019
Presbyterian,20.0,16.0,0.556,-3.56,-5.35,2817.0,2610.0,2019
Princeton,16.0,12.0,0.571,-3.43,-0.89,1948.0,1951.0,2019
Providence,18.0,16.0,0.529,8.29,6.71,2428.0,2374.0,2019
Purdue,26.0,10.0,0.722,21.4,11.99,2760.0,2421.0,2019
Purdue Fort Wayne,18.0,15.0,0.545,-3.47,-3.6,2728.0,2556.0,2019
nan,,,,,,,,2019
School,,,,,,,,2019
Quinnipiac,16.0,15.0,0.516,-6.78,-8.03,2294.0,2255.0,2019
Radford,22.0,11.0,0.667,1.28,-1.95,2440.0,2247.0,2019
Rhode Island,18.0,15.0,0.545,2.83,1.19,2293.0,2239.0,2019
Rice,13.0,19.0,0.406,-6.56,-2.06,2367.0,2481.0,2019
Richmond,13.0,20.0,0.394,-1.37,-0.79,2314.0,2333.0,2019
Rider,16.0,15.0,0.516,-4.96,-6.51,2381.0,2333.0,2019
Robert Morris,18.0,17.0,0.514,-9.41,-7.62,2448.0,2403.0,2019
Rutgers,14.0,17.0,0.452,8.89,9.76,2105.0,2132.0,2019
Sacramento State,15.0,16.0,0.484,-8.78,-6.78,2197.0,2155.0,2019
Sacred Heart,15.0,17.0,0.469,-7.88,-8.11,2558.0,2509.0,2019
Saint Francis (PA),18.0,15.0,0.545,-8.74,-6.16,2517.0,2510.0,2019
Saint Joseph's,14.0,19.0,0.424,-0.43,1.66,2328.0,2397.0,2019
Saint Louis,23.0,13.0,0.639,5.06,2.23,2399.0,2297.0,2019
Saint Mary's (CA),22.0,12.0,0.647,12.58,4.4,2463.0,2185.0,2019
Saint Peter's,10.0,22.0,0.313,-12.15,-6.4,2012.0,2196.0,2019
Sam Houston,21.0,12.0,0.636,-3.17,-5.84,2476.0,2307.0,2019
Samford,17.0,16.0,0.515,0.69,-2.03,2583.0,2487.0,2019
San Diego,21.0,15.0,0.583,6.12,3.61,2591.0,2455.0,2019
San Diego State,21.0,13.0,0.618,5.29,2.47,2437.0,2291.0,2019
San Francisco,21.0,10.0,0.677,8.56,1.13,2358.0,2101.0,2019
nan,,,,,,,,2019
School,,,,,,,,2019
San Jose State,4.0,27.0,0.129,-16.37,0.59,2042.0,2534.0,2019
Santa Clara,16.0,15.0,0.516,-1.91,0.92,2115.0,2172.0,2019
Savannah State,11.0,20.0,0.355,-20.51,-9.04,2360.0,2694.0,2019
Seattle,18.0,15.0,0.545,-1.47,-3.85,2420.0,2283.0,2019
Seton Hall,20.0,14.0,0.588,10.25,8.34,2508.0,2443.0,2019
Siena,17.0,16.0,0.515,-7.9,-6.47,2131.0,2178.0,2019
South Alabama,17.0,17.0,0.5,-4.46,-2.71,2478.0,2465.0,2019
South Carolina,16.0,16.0,0.5,8.34,9.63,2327.0,2316.0,2019
South Carolina State,8.0,26.0,0.235,-16.86,-8.3,2388.0,2593.0,2019
South Carolina Upstate,6.0,26.0,0.188,-15.3,-4.27,2169.0,2395.0,2019
South Dakota,13.0,17.0,0.433,-5.52,-3.06,2118.0,2136.0,2019
South Dakota State,24.0,9.0,0.727,5.92,-4.74,2789.0,2425.0,2019
South Florida,24.0,14.0,0.632,5.96,1.69,2752.0,2553.0,2019
Southeast Missouri State,10.0,21.0,0.323,-11.32,-4.39,2216.0,2378.0,2019
Southeastern Louisiana,17.0,16.0,0.515,-7.59,-6.3,2224.0,2228.0,2019
Southern,7.0,25.0,0.219,-16.79,-7.37,2077.0,2360.0,2019
Southern California,16.0,17.0,0.485,8.23,4.96,2518.0,2410.0,2019
Southern Illinois,17.0,15.0,0.531,1.39,-0.17,2194.0,2144.0,2019
SIU Edwardsville,10.0,21.0,0.323,-14.47,-5.06,2265.0,2520.0,2019
Southern Methodist,15.0,17.0,0.469,5.81,4.12,2303.0,2249.0,2019
nan,,,,,,,,2019
School,,,,,,,,2019
Southern Mississippi,20.0,13.0,0.606,2.58,-0.83,2392.0,2160.0,2019
Southern Utah,17.0,17.0,0.5,-8.91,-6.22,2573.0,2566.0,2019
St. Bonaventure,18.0,16.0,0.529,3.34,0.25,2250.0,2145.0,2019
St. Francis (NY),17.0,16.0,0.515,-10.19,-8.45,2345.0,2320.0,2019
St. John's (NY),21.0,13.0,0.618,7.88,5.5,2623.0,2542.0,2019
Stanford,15.0,16.0,0.484,6.03,5.13,2255.0,2227.0,2019
Stephen F. Austin,14.0,16.0,0.467,-10.99,-5.92,2105.0,2161.0,2019
Stetson,7.0,24.0,0.226,-15.01,-3.46,2151.0,2429.0,2019
Stony Brook,24.0,9.0,0.727,-2.1,-6.48,2364.0,2188.0,2019
Syracuse,20.0,14.0,0.588,13.73,10.09,2370.0,2246.0,2019
TCU,23.0,14.0,0.622,13.81,9.6,2730.0,2574.0,2019
Temple,23.0,10.0,0.697,8.17,4.93,2465.0,2358.0,2019
Tennessee,31.0,6.0,0.838,21.55,10.16,3035.0,2580.0,2019
Tennessee State,9.0,21.0,0.3,-11.62,-3.15,2182.0,2332.0,2019
Tennessee Tech,8.0,23.0,0.258,-14.76,-3.0,2104.0,2350.0,2019
Tennessee-Martin,12.0,19.0,0.387,-10.94,-4.32,2356.0,2486.0,2019
Texas,21.0,16.0,0.568,16.06,11.46,2628.0,2458.0,2019
Texas A&M,14.0,18.0,0.438,7.21,8.59,2253.0,2297.0,2019
Texas A&M-Corpus Christi,14.0,18.0,0.438,-9.11,-5.68,2126.0,2124.0,2019
Texas Southern,24.0,14.0,0.632,-5.55,-6.99,3102.0,3008.0,2019
nan,,,,,,,,2019
School,,,,,,,,2019
Texas State,24.0,10.0,0.706,1.54,-3.0,2470.0,2204.0,2019
Texas Tech,31.0,7.0,0.816,22.79,9.53,2765.0,2261.0,2019
Texas-Rio Grande Valley,20.0,17.0,0.541,-2.04,-1.61,2634.0,2623.0,2019
The Citadel,12.0,18.0,0.4,-7.94,0.03,2553.0,2584.0,2019
Toledo,25.0,8.0,0.758,8.21,0.71,2537.0,2256.0,2019
Towson,10.0,22.0,0.313,-8.44,-3.57,2170.0,2294.0,2019
Troy,12.0,18.0,0.4,-6.12,-1.01,2179.0,2242.0,2019
Tulane,4.0,27.0,0.129,-6.72,3.63,2082.0,2403.0,2019
Tulsa,18.0,14.0,0.563,4.65,3.86,2296.0,2271.0,2019
UAB,20.0,15.0,0.571,0.36,-1.52,2470.0,2370.0,2019
UC Davis,11.0,20.0,0.355,-6.26,-1.5,2038.0,2128.0,2019
UC Irvine,31.0,6.0,0.838,5.7,-2.3,2675.0,2353.0,2019
UC Riverside,10.0,23.0,0.303,-11.12,-3.19,2153.0,2279.0,2019
UC Santa Barbara,22.0,10.0,0.688,-1.62,-5.55,2350.0,2114.0,2019
UCF,24.0,9.0,0.727,13.37,5.58,2385.0,2128.0,2019
UCLA,17.0,16.0,0.515,7.17,6.78,2580.0,2567.0,2019
UNC Asheville,4.0,27.0,0.129,-19.81,-2.35,1857.0,2313.0,2019
UNC Greensboro,29.0,7.0,0.806,4.08,-0.9,2738.0,2443.0,2019
UNC Wilmington,10.0,23.0,0.303,-8.1,-2.04,2515.0,2670.0,2019
UT Arlington,17.0,16.0,0.515,-0.5,0.84,2284.0,2303.0,2019
nan,,,,,,,,2019
School,,,,,,,,2019
Utah,17.0,14.0,0.548,6.13,5.1,2343.0,2311.0,2019
Utah State,28.0,7.0,0.8,11.98,0.89,2753.0,2349.0,2019
Utah Valley,25.0,10.0,0.714,3.0,-2.3,2697.0,2474.0,2019
UTEP,8.0,21.0,0.276,-8.23,-1.71,1859.0,2001.0,2019
UTSA,17.0,15.0,0.531,0.69,0.05,2481.0,2407.0,2019
Valparaiso,15.0,18.0,0.455,-3.38,-1.0,2205.0,2187.0,2019
Vanderbilt,9.0,23.0,0.281,3.57,7.79,2180.0,2315.0,2019
Vermont,27.0,7.0,0.794,4.88,-4.18,2508.0,2143.0,2019
Villanova,26.0,10.0,0.722,14.33,7.97,2654.0,2425.0,2019
Virginia,35.0,3.0,0.921,25.46,10.15,2714.0,2132.0,2019
Virginia Commonwealth,25.0,8.0,0.758,11.96,2.87,2344.0,2044.0,2019
VMI,11.0,21.0,0.344,-10.5,0.09,2433.0,2617.0,2019
Virginia Tech,26.0,9.0,0.743,19.28,7.79,2574.0,2172.0,2019
Wagner,13.0,17.0,0.433,-12.99,-7.63,1974.0,2044.0,2019
Wake Forest,11.0,20.0,0.355,1.21,8.47,2119.0,2344.0,2019
Washington,27.0,9.0,0.75,12.01,7.01,2511.0,2331.0,2019
Washington State,11.0,21.0,0.344,-1.67,2.2,2393.0,2517.0,2019
Weber State,18.0,15.0,0.545,-4.37,-6.12,2617.0,2454.0,2019
West Virginia,15.0,21.0,0.417,6.94,10.57,2655.0,2786.0,2019
Western Carolina,7.0,25.0,0.219,-9.28,0.34,2304.0,2563.0,2019
nan,,,,,,,,2019
School,,,,,,,,2019
Western Illinois,10.0,21.0,0.323,-10.04,-5.18,2198.0,2272.0,2019
Western Kentucky,20.0,14.0,0.588,3.14,0.96,2429.0,2355.0,2019
Western Michigan,8.0,24.0,0.25,-6.26,1.48,2246.0,2439.0,2019
Wichita State,22.0,15.0,0.595,7.72,5.91,2609.0,2542.0,2019
William & Mary,14.0,17.0,0.452,-4.78,-2.08,2321.0,2385.0,2019
Winthrop,18.0,12.0,0.6,-2.89,-3.74,2499.0,2358.0,2019
Wisconsin,23.0,11.0,0.676,17.9,11.01,2333.0,2099.0,2019
Wofford,30.0,5.0,0.857,13.92,0.8,2879.0,2295.0,2019
Wright State,21.0,14.0,0.6,3.29,-0.89,2561.0,2365.0,2019
Wyoming,8.0,24.0,0.25,-9.75,0.19,2105.0,2411.0,2019
Xavier,19.0,16.0,0.543,9.61,8.06,2526.0,2472.0,2019
Yale,22.0,8.0,0.733,5.52,-1.24,2427.0,2202.0,2019
Youngstown State,12.0,20.0,0.375,-7.78,-2.05,2415.0,2526.0,2019
Abilene Christian,24.0,5.0,0.828,6.27,-6.37,2196.0,1753.0,2021
Air Force,5.0,20.0,0.2,-12.98,0.22,1468.0,1798.0,2021
Akron,15.0,8.0,0.652,1.85,-1.96,1798.0,1660.0,2021
Alabama,26.0,7.0,0.788,19.58,10.01,2629.0,2313.0,2021
Alabama A&M,6.0,9.0,0.4,-18.86,-14.99,950.0,1008.0,2021
Alabama State,4.0,14.0,0.222,-24.28,-16.95,1156.0,1288.0,2021
Albany (NY),7.0,9.0,0.438,-4.53,-5.22,1110.0,1099.0,2021
Alcorn State,6.0,13.0,0.316,-19.58,-10.06,1256.0,1437.0,2021
American,4.0,6.0,0.4,-6.32,-1.82,691.0,736.0,2021
Appalachian State,17.0,12.0,0.586,-5.84,-5.72,2039.0,1860.0,2021
Arizona,17.0,9.0,0.654,15.02,8.18,1961.0,1783.0,2021
Arizona State,11.0,14.0,0.44,7.48,10.24,1858.0,1927.0,2021
Arkansas,25.0,7.0,0.781,17.8,7.18,2604.0,2264.0,2021
Arkansas State,11.0,13.0,0.458,-7.97,-5.87,1741.0,1667.0,2021
Arkansas-Pine Bluff,4.0,21.0,0.16,-22.67,-7.79,1549.0,1921.0,2021
Army,12.0,10.0,0.545,0.06,0.63,1578.0,1529.0,2021
Auburn,13.0,14.0,0.481,10.02,9.28,2084.0,2064.0,2021
Austin Peay,14.0,13.0,0.519,-6.66,-8.22,2007.0,1890.0,2021
Ball State,10.0,13.0,0.435,-1.96,-1.22,1719.0,1736.0,2021
Baylor,28.0,2.0,0.933,24.83,7.4,2487.0,1964.0,2021
nan,,,,,,,,2021
School,,,,,,,,2021
Bellarmine,14.0,8.0,0.636,-1.76,-5.56,1634.0,1456.0,2021
Belmont,26.0,4.0,0.867,3.46,-8.71,2439.0,2074.0,2021
Binghamton,4.0,14.0,0.222,-12.24,-5.35,1178.0,1302.0,2021
Boise State,19.0,9.0,0.679,9.75,1.71,2122.0,1868.0,2021
Boston College,4.0,16.0,0.2,0.82,8.97,1427.0,1590.0,2021
Boston University,7.0,11.0,0.389,-3.71,0.84,1249.0,1331.0,2021
Bowling Green,14.0,12.0,0.538,-0.17,-2.37,2015.0,1939.0,2021
Bradley,12.0,16.0,0.429,0.32,1.17,1948.0,1864.0,2021
Brigham Young,20.0,7.0,0.741,15.19,7.23,2109.0,1853.0,2021
Bryant,15.0,7.0,0.682,-1.37,-7.27,1843.0,1664.0,2021
Bucknell,5.0,7.0,0.417,-7.78,-5.36,899.0,928.0,2021
Buffalo,16.0,9.0,0.64,6.5,-1.58,2034.0,1823.0,2021
Butler,10.0,15.0,0.4,4.76,9.92,1588.0,1717.0,2021
Cal Poly,4.0,20.0,0.167,-13.69,-1.56,1475.0,1700.0,2021
Cal State Bakersfield,15.0,11.0,0.577,-0.13,-2.38,1811.0,1665.0,2021
Cal State Fullerton,6.0,10.0,0.375,-6.32,-3.05,1232.0,1257.0,2021
Cal State Northridge,9.0,13.0,0.409,-8.69,-1.97,1586.0,1709.0,2021
California,9.0,20.0,0.31,4.89,9.75,1897.0,2008.0,2021
California Baptist,13.0,10.0,0.565,-5.25,-5.04,1820.0,1674.0,2021
Campbell,17.0,10.0,0.63,-6.82,-7.34,1917.0,1840.0,2021
nan,,,,,,,,2021
School,,,,,,,,2021
Canisius,7.0,6.0,0.538,-8.61,-7.84,915.0,925.0,2021
Central Arkansas,5.0,19.0,0.208,-14.86,-1.99,1701.0,1933.0,2021
Central Connecticut State,5.0,16.0,0.238,-15.12,-6.27,1439.0,1625.0,2021
Central Michigan,7.0,16.0,0.304,-12.34,-4.19,1766.0,1835.0,2021
Charleston Southern,3.0,18.0,0.143,-16.72,-6.22,1375.0,1550.0,2021
Charlotte,9.0,16.0,0.36,-5.68,-2.43,1587.0,1668.0,2021
Chattanooga,18.0,8.0,0.692,-1.54,-2.92,1888.0,1801.0,2021
Chicago State,0.0,9.0,0.0,-31.82,1.41,499.0,798.0,2021
Cincinnati,12.0,11.0,0.522,3.99,7.21,1585.0,1659.0,2021
Clemson,16.0,8.0,0.667,12.49,9.49,1558.0,1486.0,2021
Cleveland State,19.0,8.0,0.704,-5.12,-4.82,1914.0,1922.0,2021
Coastal Carolina,18.0,8.0,0.692,-2.74,-7.6,2067.0,1773.0,2021
Colgate,14.0,2.0,0.875,13.66,-1.9,1363.0,1114.0,2021
College of Charleston,9.0,10.0,0.474,-4.96,-3.13,1341.0,1329.0,2021
Colorado,23.0,9.0,0.719,18.88,9.57,2340.0,2042.0,2021
Colorado State,20.0,8.0,0.714,8.06,1.06,2072.0,1871.0,2021
Connecticut,15.0,8.0,0.652,15.77,8.59,1650.0,1485.0,2021
Coppin State,9.0,13.0,0.409,-12.37,-6.06,1602.0,1741.0,2021
Creighton,22.0,9.0,0.71,16.28,8.54,2355.0,2115.0,2021
Davidson,13.0,9.0,0.591,9.02,3.4,1579.0,1411.0,2021
nan,,,,,,,,2021
School,,,,,,,,2021
Dayton,14.0,10.0,0.583,6.31,4.35,1674.0,1627.0,2021
Delaware,7.0,8.0,0.467,-5.19,-5.04,1013.0,1012.0,2021
Delaware State,3.0,16.0,0.158,-24.09,-6.33,1345.0,1629.0,2021
Denver,2.0,19.0,0.095,-16.4,-5.8,1466.0,1662.0,2021
DePaul,5.0,14.0,0.263,2.67,8.83,1250.0,1367.0,2021
Detroit Mercy,12.0,10.0,0.545,-3.66,-6.21,1683.0,1627.0,2021
Drake,26.0,5.0,0.839,9.42,-0.48,2354.0,1999.0,2021
Drexel,12.0,8.0,0.6,-0.97,-3.92,1407.0,1348.0,2021
Duke,13.0,11.0,0.542,13.04,8.33,1824.0,1711.0,2021
Duquesne,9.0,9.0,0.5,2.32,2.49,1205.0,1208.0,2021
East Carolina,8.0,11.0,0.421,1.0,3.83,1269.0,1291.0,2021
East Tennessee State,13.0,12.0,0.52,1.65,0.3,1736.0,1654.0,2021
Eastern Illinois,9.0,18.0,0.333,-12.71,-7.19,1874.0,2023.0,2021
Eastern Kentucky,22.0,7.0,0.759,-2.68,-8.24,2372.0,2137.0,2021
Eastern Michigan,6.0,12.0,0.333,-14.23,-1.23,1267.0,1362.0,2021
Eastern Washington,16.0,8.0,0.667,4.03,-3.15,1879.0,1690.0,2021
Elon,10.0,9.0,0.526,-5.32,-4.43,1249.0,1235.0,2021
Evansville,9.0,16.0,0.36,-4.85,-0.01,1619.0,1740.0,2021
Fairfield,10.0,17.0,0.37,-11.46,-6.57,1668.0,1800.0,2021
FDU,9.0,15.0,0.375,-10.17,-6.46,1801.0,1890.0,2021
nan,,,,,,,,2021
School,,,,,,,,2021
Florida,15.0,10.0,0.6,13.7,9.82,1854.0,1757.0,2021
Florida A&M,8.0,12.0,0.4,-12.35,-9.55,1314.0,1370.0,2021
Florida Atlantic,13.0,10.0,0.565,-2.05,-4.94,1796.0,1537.0,2021
Florida Gulf Coast,10.0,8.0,0.556,-9.63,-7.13,1292.0,1242.0,2021
Florida International,9.0,17.0,0.346,-11.2,-3.24,1914.0,1985.0,2021
Florida State,18.0,7.0,0.72,17.12,9.16,1929.0,1730.0,2021
Fordham,2.0,12.0,0.143,-11.69,3.09,725.0,932.0,2021
Fresno State,12.0,12.0,0.5,-3.57,0.07,1591.0,1618.0,2021
Furman,16.0,9.0,0.64,5.99,-1.69,1990.0,1723.0,2021
Gardner-Webb,11.0,15.0,0.423,-3.87,-6.14,1837.0,1778.0,2021
George Mason,13.0,9.0,0.591,1.91,0.48,1569.0,1538.0,2021
George Washington,5.0,12.0,0.294,-5.75,-1.57,1158.0,1229.0,2021
Georgetown,13.0,13.0,0.5,10.13,10.36,1857.0,1863.0,2021
Georgia,14.0,12.0,0.538,6.62,8.02,2014.0,2027.0,2021
Georgia Southern,13.0,13.0,0.5,-10.22,-6.26,1860.0,1762.0,2021
Georgia State,16.0,6.0,0.727,-1.7,-4.6,1767.0,1599.0,2021
Georgia Tech,17.0,9.0,0.654,12.79,7.91,1948.0,1821.0,2021
Gonzaga,31.0,1.0,0.969,27.2,5.92,2911.0,2230.0,2021
Grambling,12.0,12.0,0.5,-14.27,-12.49,1617.0,1649.0,2021
Grand Canyon,17.0,7.0,0.708,5.11,-3.46,1812.0,1491.0,2021
nan,,,,,,,,2021
School,,,,,,,,2021
Green Bay,8.0,17.0,0.32,-10.15,-5.23,1790.0,1913.0,2021
Hampton,11.0,14.0,0.44,-13.67,-9.27,1721.0,1831.0,2021
Hartford,15.0,9.0,0.625,-3.45,-4.95,1570.0,1534.0,2021
Hawaii,11.0,10.0,0.524,-2.98,-2.72,1503.0,1452.0,2021
High Point,9.0,15.0,0.375,-10.78,-7.58,1600.0,1677.0,2021
Hofstra,13.0,10.0,0.565,-2.77,-2.94,1683.0,1679.0,2021
Holy Cross,5.0,11.0,0.313,-4.99,0.45,1130.0,1217.0,2021
Houston,28.0,4.0,0.875,21.66,5.37,2434.0,1863.0,2021
Houston Christian,6.0,19.0,0.24,-16.72,-5.72,1776.0,2007.0,2021
Howard,1.0,4.0,0.2,-14.26,-2.51,363.0,424.0,2021
Idaho,1.0,21.0,0.045,-18.32,-2.91,1343.0,1682.0,2021
Idaho State,13.0,11.0,0.542,-8.39,-5.71,1637.0,1481.0,2021
Illinois,24.0,7.0,0.774,23.25,11.34,2497.0,2128.0,2021
Illinois State,7.0,18.0,0.28,-5.45,0.38,1799.0,1870.0,2021
Illinois-Chicago,9.0,13.0,0.409,-12.06,-7.42,1489.0,1591.0,2021
Incarnate Word,8.0,14.0,0.364,-15.91,-8.33,1495.0,1578.0,2021
Indiana,12.0,15.0,0.444,12.79,12.45,1882.0,1873.0,2021
Indiana State,15.0,10.0,0.6,2.04,1.91,1662.0,1645.0,2021
Iona,12.0,6.0,0.667,-1.2,-6.42,1283.0,1189.0,2021
Iowa,22.0,9.0,0.71,21.4,10.43,2595.0,2255.0,2021
nan,,,,,,,,2021
School,,,,,,,,2021
Iowa State,2.0,22.0,0.083,-0.72,10.4,1574.0,1841.0,2021
IU Indy,8.0,10.0,0.444,-11.65,-7.03,1281.0,1364.0,2021
Jackson State,12.0,6.0,0.667,-11.27,-14.05,1181.0,1131.0,2021
Jacksonville,11.0,13.0,0.458,-11.15,-6.74,1622.0,1668.0,2021
Jacksonville State,18.0,9.0,0.667,-3.02,-6.06,2005.0,1851.0,2021
James Madison,13.0,7.0,0.65,-0.11,-3.17,1562.0,1409.0,2021
Kansas,21.0,9.0,0.7,15.29,10.26,2191.0,2010.0,2021
Kansas City,11.0,13.0,0.458,-4.92,-2.67,1683.0,1502.0,2021
Kansas State,9.0,20.0,0.31,0.76,9.04,1792.0,2037.0,2021
Kennesaw State,5.0,19.0,0.208,-14.15,-3.67,1571.0,1672.0,2021
Kent State,15.0,8.0,0.652,1.74,-1.9,1764.0,1635.0,2021
Kentucky,9.0,16.0,0.36,11.77,11.49,1761.0,1754.0,2021
La Salle,9.0,16.0,0.36,-3.57,2.85,1702.0,1838.0,2021
Lafayette,9.0,6.0,0.6,-5.38,-6.38,1165.0,1150.0,2021
Lamar,10.0,18.0,0.357,-13.1,-6.57,1843.0,2026.0,2021
Lehigh,4.0,11.0,0.267,-12.85,-4.58,1025.0,1149.0,2021
Liberty,23.0,6.0,0.793,4.06,-6.14,2157.0,1739.0,2021
Lipscomb,15.0,12.0,0.556,-7.07,-5.63,1922.0,1848.0,2021
Little Rock,11.0,15.0,0.423,-6.36,-5.4,1786.0,1782.0,2021
Long Beach State,6.0,12.0,0.333,-8.5,-2.83,1328.0,1430.0,2021
nan,,,,,,,,2021
School,,,,,,,,2021
Long Island University,9.0,9.0,0.5,-7.76,-8.82,1332.0,1313.0,2021
Longwood,12.0,17.0,0.414,-7.93,-6.4,1920.0,1966.0,2021
Louisiana,17.0,9.0,0.654,-4.84,-5.5,1934.0,1892.0,2021
Louisiana State,19.0,10.0,0.655,15.7,9.14,2371.0,2181.0,2021
Louisiana Tech,24.0,8.0,0.75,6.63,-0.21,2339.0,2094.0,2021
Louisiana-Monroe,7.0,19.0,0.269,-10.59,-5.9,1670.0,1792.0,2021
Louisville,13.0,7.0,0.65,10.35,8.9,1359.0,1330.0,2021
Loyola (IL),26.0,5.0,0.839,15.12,1.37,2202.0,1738.0,2021
Loyola (MD),6.0,11.0,0.353,-2.29,-3.47,1226.0,1206.0,2021
Loyola Marymount,13.0,9.0,0.591,5.55,4.05,1529.0,1496.0,2021
Maine,2.0,7.0,0.222,-15.66,-4.21,478.0,581.0,2021
Manhattan,7.0,13.0,0.35,-12.2,-8.35,1268.0,1345.0,2021
Marist,12.0,9.0,0.571,-8.99,-8.8,1332.0,1336.0,2021
Marquette,13.0,14.0,0.481,8.51,8.58,1883.0,1885.0,2021
Marshall,15.0,7.0,0.682,5.7,-1.66,1758.0,1596.0,2021
Maryland,17.0,14.0,0.548,13.94,11.97,2135.0,2034.0,2021
Maryland-Baltimore County,14.0,6.0,0.7,-1.05,-5.7,1391.0,1298.0,2021
Massachusetts,8.0,7.0,0.533,4.77,1.03,1151.0,1095.0,2021
Massachusetts-Lowell,11.0,12.0,0.478,-6.05,-3.61,1575.0,1631.0,2021
McNeese State,10.0,14.0,0.417,-18.34,-11.46,1927.0,1722.0,2021
nan,,,,,,,,2021
School,,,,,,,,2021
Memphis,20.0,8.0,0.714,13.81,4.13,2027.0,1756.0,2021
Mercer,18.0,11.0,0.621,1.28,-1.6,2225.0,2082.0,2021
Merrimack,9.0,9.0,0.5,-9.06,-8.67,1193.0,1200.0,2021
Miami (FL),10.0,17.0,0.37,3.23,7.75,1794.0,1916.0,2021
Miami (OH),12.0,11.0,0.522,-2.67,-2.72,1663.0,1647.0,2021
Michigan,23.0,5.0,0.821,22.0,11.25,2123.0,1822.0,2021
Michigan State,15.0,13.0,0.536,9.8,11.48,1944.0,1991.0,2021
Middle Tennessee,5.0,18.0,0.217,-10.78,-0.78,1426.0,1627.0,2021
Milwaukee,10.0,12.0,0.455,-7.71,-6.98,1662.0,1678.0,2021
Minnesota,14.0,15.0,0.483,11.04,11.73,2103.0,2123.0,2021
Mississippi,16.0,12.0,0.571,11.18,6.0,1927.0,1782.0,2021
Mississippi State,18.0,15.0,0.545,9.24,6.79,2287.0,2206.0,2021
Mississippi Valley State,2.0,22.0,0.083,-38.17,-7.63,1364.0,2097.0,2021
Missouri,16.0,10.0,0.615,12.37,10.87,1909.0,1870.0,2021
Missouri State,17.0,7.0,0.708,5.16,-0.02,1762.0,1594.0,2021
Monmouth,12.0,8.0,0.6,-5.88,-7.63,1521.0,1486.0,2021
Montana,15.0,13.0,0.536,-3.65,-1.57,1981.0,1876.0,2021
Montana State,13.0,10.0,0.565,-5.62,-4.62,1703.0,1655.0,2021
Morehead State,23.0,8.0,0.742,-0.95,-4.33,2132.0,1986.0,2021
Morgan State,14.0,8.0,0.636,-6.55,-11.24,1755.0,1606.0,2021
nan,,,,,,,,2021
School,,,,,,,,2021
Mount St. Mary's,12.0,11.0,0.522,-5.67,-6.67,1454.0,1431.0,2021
Murray State,13.0,13.0,0.5,-2.86,-8.2,1986.0,1739.0,2021
Navy,15.0,3.0,0.833,1.02,-3.48,1287.0,1206.0,2021
NC State,14.0,11.0,0.56,9.6,6.48,1820.0,1742.0,2021
Nebraska,7.0,20.0,0.259,6.08,12.28,1889.0,2004.0,2021
Nevada,16.0,10.0,0.615,5.4,2.12,1916.0,1812.0,2021
Nevada-Las Vegas,12.0,15.0,0.444,-1.48,1.01,1875.0,1822.0,2021
New Hampshire,10.0,9.0,0.526,-8.2,-6.7,1278.0,1266.0,2021
New Mexico,6.0,16.0,0.273,-12.38,-1.73,1436.0,1578.0,2021
New Mexico State,12.0,8.0,0.6,-1.21,-5.09,1422.0,1283.0,2021
New Orleans,10.0,15.0,0.4,-10.91,-9.74,1899.0,1910.0,2021
Niagara,9.0,11.0,0.45,-7.54,-6.99,1293.0,1304.0,2021
Nicholls State,18.0,7.0,0.72,-5.21,-8.71,1960.0,1831.0,2021
NJIT,7.0,12.0,0.368,-9.75,-5.7,1256.0,1333.0,2021
Norfolk State,17.0,8.0,0.68,-6.16,-8.51,1839.0,1742.0,2021
North Alabama,13.0,11.0,0.542,-10.05,-6.3,1756.0,1666.0,2021
North Carolina,18.0,11.0,0.621,14.79,9.52,2181.0,2028.0,2021
North Carolina A&T,11.0,10.0,0.524,-14.27,-8.06,1517.0,1523.0,2021
North Carolina Central,5.0,9.0,0.357,-15.99,-8.76,942.0,1003.0,2021
North Dakota,9.0,17.0,0.346,-10.35,-3.35,1787.0,1969.0,2021
nan,,,,,,,,2021
School,,,,,,,,2021
North Dakota State,15.0,12.0,0.556,-0.65,-2.72,1883.0,1827.0,2021
North Florida,8.0,15.0,0.348,-11.48,-4.62,1601.0,1725.0,2021
North Texas,18.0,10.0,0.643,7.58,1.02,1954.0,1745.0,2021
Northeastern,10.0,9.0,0.526,-1.09,0.02,1277.0,1298.0,2021
Northern Arizona,6.0,16.0,0.273,-12.97,-1.61,1390.0,1640.0,2021
Northern Colorado,11.0,11.0,0.5,-6.7,-4.22,1551.0,1519.0,2021
Northern Illinois,3.0,16.0,0.158,-17.9,-2.8,1184.0,1471.0,2021
Northern Iowa,10.0,15.0,0.4,-1.75,2.43,1738.0,1779.0,2021
Northern Kentucky,14.0,11.0,0.56,-6.78,-6.9,1784.0,1781.0,2021
Northwestern,9.0,15.0,0.375,9.71,11.76,1686.0,1681.0,2021
Northwestern State,11.0,18.0,0.379,-13.48,-4.94,2106.0,2312.0,2021
Notre Dame,11.0,15.0,0.423,7.73,9.38,1890.0,1933.0,2021
Oakland,12.0,18.0,0.4,-9.33,-2.8,2240.0,2436.0,2021
Ohio,17.0,8.0,0.68,5.48,-0.57,1980.0,1815.0,2021
Ohio State,21.0,10.0,0.677,18.25,12.19,2392.0,2204.0,2021
Oklahoma,16.0,11.0,0.593,13.52,8.86,2012.0,1886.0,2021
Oklahoma State,21.0,9.0,0.7,13.65,9.78,2297.0,2181.0,2021
Old Dominion,15.0,8.0,0.652,-1.1,-0.87,1571.0,1556.0,2021
Omaha,5.0,20.0,0.2,-12.73,-2.09,1683.0,1949.0,2021
Oral Roberts,18.0,11.0,0.621,1.73,-0.04,2352.0,2192.0,2021
nan,,,,,,,,2021
School,,,,,,,,2021
Oregon,21.0,7.0,0.75,16.15,9.65,2097.0,1915.0,2021
Oregon State,20.0,13.0,0.606,11.48,10.82,2325.0,2232.0,2021
Pacific,9.0,9.0,0.5,2.64,5.23,1256.0,1272.0,2021
Penn State,11.0,14.0,0.44,13.53,13.89,1816.0,1825.0,2021
Pepperdine,15.0,12.0,0.556,5.65,5.01,2076.0,1988.0,2021
Pittsburgh,10.0,12.0,0.455,7.8,6.75,1566.0,1543.0,2021
Portland,6.0,15.0,0.286,-12.58,5.08,1459.0,1748.0,2021
Portland State,9.0,13.0,0.409,-6.33,-4.66,1512.0,1463.0,2021
Prairie View,16.0,5.0,0.762,-8.02,-15.07,1497.0,1349.0,2021
Presbyterian,7.0,15.0,0.318,-13.96,-9.0,1411.0,1476.0,2021
Providence,13.0,13.0,0.5,8.94,8.82,1816.0,1813.0,2021
Purdue,18.0,10.0,0.643,15.55,11.23,1989.0,1868.0,2021
Purdue Fort Wayne,8.0,15.0,0.348,-12.15,-8.63,1728.0,1809.0,2021
Quinnipiac,9.0,13.0,0.409,-9.1,-7.6,1485.0,1518.0,2021
Radford,15.0,12.0,0.556,-6.2,-6.6,1826.0,1745.0,2021
Rhode Island,10.0,15.0,0.4,5.29,4.93,1786.0,1777.0,2021
Rice,15.0,13.0,0.536,-3.73,-1.49,2068.0,2062.0,2021
Richmond,14.0,9.0,0.609,9.04,5.0,1717.0,1587.0,2021
Rider,6.0,17.0,0.261,-12.24,-5.76,1553.0,1702.0,2021
Robert Morris,4.0,15.0,0.211,-13.2,-5.53,1374.0,1494.0,2021
nan,,,,,,,,2021
School,,,,,,,,2021
Rutgers,16.0,12.0,0.571,14.14,12.5,1939.0,1893.0,2021
Sacramento State,8.0,12.0,0.4,-7.76,-3.65,1443.0,1442.0,2021
Sacred Heart,9.0,9.0,0.5,-12.19,-7.47,1265.0,1350.0,2021
Saint Francis (PA),6.0,16.0,0.273,-10.3,-5.8,1515.0,1614.0,2021
Saint Joseph's,5.0,15.0,0.25,-4.56,5.89,1443.0,1652.0,2021
Saint Louis,14.0,7.0,0.667,11.76,2.19,1575.0,1374.0,2021
Saint Mary's (CA),14.0,10.0,0.583,8.05,6.43,1542.0,1503.0,2021
Saint Peter's,14.0,11.0,0.56,-5.48,-7.2,1580.0,1537.0,2021
Sam Houston,19.0,9.0,0.679,-3.29,-4.87,2229.0,1969.0,2021
Samford,6.0,13.0,0.316,-8.93,-1.63,1460.0,1510.0,2021
San Diego,3.0,11.0,0.214,-5.22,5.64,927.0,1079.0,2021
San Diego State,23.0,5.0,0.821,14.36,2.99,2062.0,1713.0,2021
San Francisco,11.0,14.0,0.44,6.0,3.84,1786.0,1732.0,2021
San Jose State,5.0,16.0,0.238,-17.5,0.98,1381.0,1708.0,2021
Santa Clara,12.0,8.0,0.6,-0.05,2.16,1393.0,1412.0,2021
Seattle,12.0,11.0,0.522,-5.24,-3.51,1677.0,1578.0,2021
Seton Hall,14.0,13.0,0.519,11.12,9.53,1924.0,1881.0,2021
Siena,12.0,5.0,0.706,-3.99,-8.58,1149.0,1071.0,2021
South Alabama,17.0,11.0,0.607,-6.03,-5.86,2075.0,1985.0,2021
South Carolina,6.0,15.0,0.286,3.39,10.01,1523.0,1662.0,2021
nan,,,,,,,,2021
School,,,,,,,,2021
South Carolina State,1.0,17.0,0.056,-24.9,-7.56,1102.0,1414.0,2021
South Carolina Upstate,5.0,18.0,0.217,-13.7,-5.2,1515.0,1712.0,2021
South Dakota,14.0,11.0,0.56,-1.25,-3.5,1899.0,1805.0,2021
South Dakota State,16.0,7.0,0.696,3.27,-2.05,1850.0,1690.0,2021
South Florida,9.0,13.0,0.409,-0.02,6.27,1449.0,1571.0,2021
Southeast Missouri State,11.0,16.0,0.407,-10.18,-7.51,1864.0,1936.0,2021
Southeastern Louisiana,8.0,18.0,0.308,-17.4,-8.02,1775.0,2019.0,2021
Southern,8.0,11.0,0.421,-13.49,-13.07,1327.0,1335.0,2021
Southern California,25.0,8.0,0.758,20.5,10.65,2473.0,2148.0,2021
Southern Illinois,12.0,14.0,0.462,-3.56,0.72,1704.0,1770.0,2021
SIU Edwardsville,9.0,17.0,0.346,-14.94,-6.02,1709.0,1897.0,2021
Southern Methodist,11.0,6.0,0.647,10.97,4.44,1269.0,1158.0,2021
Southern Mississippi,8.0,17.0,0.32,-6.88,-2.1,1605.0,1668.0,2021
Southern Utah,20.0,4.0,0.833,0.63,-5.69,2021.0,1669.0,2021
St. Bonaventure,16.0,5.0,0.762,13.44,4.49,1471.0,1283.0,2021
St. Francis (NY),9.0,10.0,0.474,-10.23,-8.38,1476.0,1511.0,2021
St. John's (NY),16.0,11.0,0.593,9.41,7.19,2132.0,2072.0,2021
Stanford,14.0,13.0,0.519,10.15,10.01,1883.0,1879.0,2021
Stephen F. Austin,16.0,5.0,0.762,-1.63,-8.46,1686.0,1484.0,2021
Stetson,12.0,15.0,0.444,-7.26,-4.51,1925.0,1896.0,2021
nan,,,,,,,,2021
School,,,,,,,,2021
Stony Brook,9.0,14.0,0.391,-6.14,-4.73,1522.0,1509.0,2021
Syracuse,18.0,10.0,0.643,13.27,8.59,2095.0,1964.0,2021
Tarleton State,10.0,10.0,0.5,-7.28,-3.02,1467.0,1246.0,2021
TCU,12.0,14.0,0.462,2.61,6.99,1738.0,1852.0,2021
Temple,5.0,11.0,0.313,2.57,5.57,1053.0,1101.0,2021
Tennessee,18.0,9.0,0.667,16.87,8.46,1941.0,1714.0,2021
Tennessee State,4.0,19.0,0.174,-14.1,-7.23,1573.0,1702.0,2021
Tennessee Tech,5.0,22.0,0.185,-14.13,-3.84,1797.0,2075.0,2021
Tennessee-Martin,8.0,16.0,0.333,-19.41,-5.89,1571.0,1847.0,2021
Texas,19.0,8.0,0.704,15.51,9.36,2008.0,1842.0,2021
Texas A&M,8.0,10.0,0.444,2.2,4.86,1157.0,1205.0,2021
Texas A&M-Corpus Christi,5.0,19.0,0.208,-16.77,-6.1,1554.0,1716.0,2021
Texas Southern,17.0,9.0,0.654,-6.15,-9.03,1921.0,1806.0,2021
Texas State,18.0,7.0,0.72,-3.85,-7.37,1660.0,1543.0,2021
Texas Tech,18.0,11.0,0.621,16.59,7.28,2103.0,1833.0,2021
Texas-Rio Grande Valley,9.0,10.0,0.474,-9.63,-5.23,1376.0,1287.0,2021
The Citadel,13.0,12.0,0.52,-6.07,-1.45,2019.0,1959.0,2021
Toledo,21.0,9.0,0.7,6.59,-1.88,2433.0,2179.0,2021
Towson,4.0,14.0,0.222,-9.83,-2.33,1214.0,1349.0,2021
Troy,11.0,17.0,0.393,-12.06,-4.06,1829.0,1942.0,2021
nan,,,,,,,,2021
School,,,,,,,,2021
Tulane,10.0,13.0,0.435,1.03,3.59,1470.0,1529.0,2021
Tulsa,11.0,12.0,0.478,4.19,5.43,1573.0,1509.0,2021
UAB,22.0,7.0,0.759,5.8,-3.83,2105.0,1748.0,2021
UC Davis,10.0,8.0,0.556,-5.83,-4.24,1295.0,1289.0,2021
UC Irvine,18.0,9.0,0.667,3.46,-0.86,1950.0,1712.0,2021
UC Riverside,14.0,8.0,0.636,4.12,-2.43,1544.0,1400.0,2021
UC San Diego,7.0,10.0,0.412,-6.95,0.98,1214.0,1226.0,2021
UC Santa Barbara,22.0,5.0,0.815,7.8,-2.08,2051.0,1696.0,2021
UCF,11.0,12.0,0.478,5.94,8.15,1546.0,1597.0,2021
UCLA,22.0,10.0,0.688,16.3,11.34,2349.0,2190.0,2021
UNC Asheville,10.0,10.0,0.5,-6.99,-7.59,1468.0,1456.0,2021
UNC Greensboro,21.0,9.0,0.7,3.48,-2.15,2189.0,2020.0,2021
UNC Wilmington,7.0,10.0,0.412,-6.84,-6.47,1297.0,1253.0,2021
UT Arlington,13.0,13.0,0.5,-7.23,-4.57,1916.0,1827.0,2021
Utah,12.0,13.0,0.48,11.86,9.54,1803.0,1745.0,2021
Utah State,20.0,9.0,0.69,10.99,1.32,2105.0,1808.0,2021
Utah Tech,8.0,13.0,0.381,-14.01,-3.43,1461.0,1603.0,2021
Utah Valley,11.0,11.0,0.5,-3.41,-1.61,1632.0,1635.0,2021
UTEP,12.0,12.0,0.5,1.07,1.26,1698.0,1644.0,2021
UTSA,15.0,11.0,0.577,-1.22,-0.17,2050.0,1906.0,2021
nan,,,,,,,,2021
School,,,,,,,,2021
Valparaiso,10.0,18.0,0.357,-4.21,1.14,1821.0,1902.0,2021
Vanderbilt,9.0,16.0,0.36,6.14,6.74,1794.0,1809.0,2021
Vermont,10.0,5.0,0.667,1.99,-7.61,1095.0,951.0,2021
Villanova,18.0,7.0,0.72,17.47,9.19,1870.0,1663.0,2021
Virginia,18.0,7.0,0.72,15.27,7.59,1705.0,1513.0,2021
Virginia Commonwealth,19.0,7.0,0.731,11.3,4.76,1864.0,1694.0,2021
VMI,13.0,12.0,0.52,-0.41,-0.78,2001.0,1897.0,2021
Virginia Tech,15.0,7.0,0.682,12.59,6.5,1585.0,1451.0,2021
Wagner,13.0,7.0,0.65,-5.35,-7.9,1425.0,1374.0,2021
Wake Forest,6.0,16.0,0.273,1.72,8.06,1458.0,1583.0,2021
Washington,5.0,21.0,0.192,1.88,11.61,1759.0,2012.0,2021
Washington State,14.0,13.0,0.519,8.12,6.93,1853.0,1821.0,2021
Weber State,17.0,6.0,0.739,3.14,-5.22,1881.0,1594.0,2021
West Virginia,19.0,10.0,0.655,15.36,10.05,2243.0,2089.0,2021
Western Carolina,11.0,16.0,0.407,-7.43,-2.03,2039.0,2129.0,2021
Western Illinois,7.0,15.0,0.318,-12.48,-4.62,1606.0,1746.0,2021
Western Kentucky,21.0,8.0,0.724,5.19,0.5,2108.0,1972.0,2021
Western Michigan,5.0,16.0,0.238,-11.51,-1.21,1325.0,1511.0,2021
Wichita State,16.0,6.0,0.727,9.36,6.91,1572.0,1469.0,2021
William & Mary,7.0,10.0,0.412,-11.23,-3.99,1101.0,1224.0,2021
nan,,,,,,,,2021
School,,,,,,,,2021
Winthrop,23.0,2.0,0.92,4.69,-7.15,1972.0,1676.0,2021
Wisconsin,18.0,13.0,0.581,17.22,11.93,2167.0,2003.0,2021
Wofford,15.0,9.0,0.625,1.76,-0.24,1784.0,1627.0,2021
Wright State,18.0,6.0,0.75,6.89,-7.65,1967.0,1618.0,2021
Wyoming,14.0,11.0,0.56,-1.23,-2.31,1915.0,1888.0,2021
Xavier,13.0,8.0,0.619,11.09,6.47,1571.0,1474.0,2021
Youngstown State,15.0,12.0,0.556,-9.78,-8.17,2010.0,1950.0,2021
Abilene Christian,25.0,11.0,0.694,2.25,-2.09,2761.0,2432.0,2022
Air Force,11.0,18.0,0.379,-5.67,1.33,1712.0,1915.0,2022
Akron,24.0,10.0,0.706,0.91,-3.93,2402.0,2130.0,2022
Alabama,19.0,14.0,0.576,14.62,11.59,2623.0,2523.0,2022
Alabama A&M,12.0,18.0,0.4,-14.43,-8.86,1843.0,2010.0,2022
Alabama State,10.0,21.0,0.323,-12.05,-5.45,2160.0,2332.0,2022
Albany (NY),13.0,18.0,0.419,-9.8,-5.77,1917.0,2042.0,2022
Alcorn State,17.0,17.0,0.5,-8.68,-4.12,2262.0,2417.0,2022
American,10.0,22.0,0.313,-15.38,-7.91,2031.0,2270.0,2022
Appalachian State,19.0,15.0,0.559,-1.45,-1.45,2281.0,2146.0,2022
Arizona,33.0,4.0,0.892,22.75,6.84,3107.0,2518.0,2022
Arizona State,14.0,17.0,0.452,7.64,9.48,2027.0,2084.0,2022
Arkansas,28.0,9.0,0.757,16.27,8.62,2810.0,2527.0,2022
Arkansas State,18.0,11.0,0.621,-3.27,-3.5,2055.0,1974.0,2022
Arkansas-Pine Bluff,7.0,24.0,0.226,-18.96,-4.58,2055.0,2426.0,2022
Army,15.0,16.0,0.484,-10.53,-7.53,2183.0,2182.0,2022
Auburn,28.0,6.0,0.824,19.2,8.17,2660.0,2285.0,2022
Austin Peay,12.0,17.0,0.414,-10.02,-3.39,1875.0,2004.0,2022
Ball State,14.0,17.0,0.452,-7.99,-4.56,2304.0,2380.0,2022
Baylor,27.0,7.0,0.794,21.73,8.76,2619.0,2178.0,2022
nan,,,,,,,,2022
School,,,,,,,,2022
Bellarmine,20.0,13.0,0.606,-3.77,-1.28,2314.0,2217.0,2022
Belmont,25.0,8.0,0.758,6.49,-2.57,2583.0,2264.0,2022
Bethune-Cookman,9.0,21.0,0.3,-14.7,-6.7,1901.0,2086.0,2022
Binghamton,12.0,17.0,0.414,-10.41,-6.18,1962.0,1983.0,2022
Boise State,27.0,8.0,0.771,11.93,5.22,2389.0,2130.0,2022
Boston College,13.0,20.0,0.394,4.03,5.22,2209.0,2248.0,2022
Boston University,22.0,13.0,0.629,-5.07,-7.34,2470.0,2369.0,2022
Bowling Green,13.0,18.0,0.419,-8.82,-4.44,2488.0,2495.0,2022
Bradley,17.0,14.0,0.548,5.79,1.19,2185.0,2021.0,2022
Brigham Young,24.0,11.0,0.686,10.05,5.23,2599.0,2392.0,2022
Brown,13.0,16.0,0.448,-3.32,-1.91,2058.0,2015.0,2022
Bryant,22.0,10.0,0.688,-4.8,-7.41,2497.0,2348.0,2022
Bucknell,9.0,23.0,0.281,-14.62,-6.37,2277.0,2541.0,2022
Buffalo,19.0,11.0,0.633,1.9,-3.21,2398.0,2168.0,2022
Butler,14.0,19.0,0.424,4.45,9.16,2107.0,2209.0,2022
Cal Poly,7.0,21.0,0.25,-10.6,-3.3,1721.0,1885.0,2022
Cal State Bakersfield,9.0,19.0,0.321,-7.57,-2.01,1816.0,1857.0,2022
Cal State Fullerton,21.0,11.0,0.656,-0.04,-2.28,2239.0,2129.0,2022
Cal State Northridge,7.0,23.0,0.233,-12.02,-1.41,1847.0,2137.0,2022
California,12.0,20.0,0.375,3.96,6.96,2018.0,2114.0,2022
nan,,,,,,,,2022
School,,,,,,,,2022
California Baptist,18.0,16.0,0.529,-3.53,-3.34,2402.0,2284.0,2022
Campbell,16.0,13.0,0.552,-4.84,-5.76,1919.0,1798.0,2022
Canisius,11.0,21.0,0.344,-7.48,-2.25,2192.0,2288.0,2022
Central Arkansas,11.0,20.0,0.355,-13.83,-1.7,2269.0,2515.0,2022
Central Connecticut State,8.0,24.0,0.25,-17.43,-7.09,1977.0,2308.0,2022
Central Michigan,7.0,23.0,0.233,-12.56,-1.52,1978.0,2309.0,2022
Charleston Southern,6.0,25.0,0.194,-17.56,-4.21,2122.0,2356.0,2022
Charlotte,17.0,14.0,0.548,-1.62,-0.42,2171.0,2208.0,2022
Chattanooga,27.0,8.0,0.771,6.12,-0.94,2596.0,2253.0,2022
Chicago State,7.0,25.0,0.219,-14.24,-1.96,1987.0,2380.0,2022
Cincinnati,18.0,15.0,0.545,7.44,4.28,2291.0,2176.0,2022
Clemson,17.0,16.0,0.515,9.59,6.31,2367.0,2259.0,2022
Cleveland State,20.0,11.0,0.645,-1.78,-5.64,2336.0,2168.0,2022
Coastal Carolina,19.0,14.0,0.576,0.66,-2.41,2404.0,2156.0,2022
Colgate,23.0,12.0,0.657,0.98,-6.37,2646.0,2349.0,2022
College of Charleston,17.0,15.0,0.531,0.52,-1.23,2502.0,2446.0,2022
Colorado,21.0,12.0,0.636,9.82,6.15,2345.0,2224.0,2022
Colorado State,25.0,6.0,0.806,11.51,4.77,2275.0,2047.0,2022
Columbia,4.0,22.0,0.154,-17.5,-4.62,1752.0,2049.0,2022
Connecticut,23.0,10.0,0.697,16.4,6.88,2469.0,2155.0,2022
nan,,,,,,,,2022
School,,,,,,,,2022
Coppin State,9.0,23.0,0.281,-12.78,-5.03,2142.0,2390.0,2022
Cornell,15.0,11.0,0.577,-3.41,-3.45,2059.0,1941.0,2022
Creighton,23.0,12.0,0.657,11.34,8.54,2422.0,2324.0,2022
Dartmouth,9.0,16.0,0.36,-4.12,-2.62,1709.0,1705.0,2022
Davidson,27.0,7.0,0.794,10.43,1.92,2567.0,2244.0,2022
Dayton,24.0,11.0,0.686,10.41,2.41,2423.0,2143.0,2022
Delaware,22.0,13.0,0.629,0.32,-1.82,2568.0,2456.0,2022
Delaware State,2.0,26.0,0.071,-22.63,-7.39,1757.0,2058.0,2022
Denver,11.0,21.0,0.344,-10.12,-5.96,2257.0,2380.0,2022
DePaul,15.0,16.0,0.484,7.83,6.73,2272.0,2238.0,2022
Detroit Mercy,14.0,16.0,0.467,-6.33,-5.02,2122.0,2115.0,2022
Drake,25.0,11.0,0.694,7.34,1.04,2660.0,2391.0,2022
Drexel,15.0,14.0,0.517,-0.29,-1.9,2112.0,2038.0,2022
Duke,32.0,7.0,0.821,19.55,7.26,3122.0,2643.0,2022
Duquesne,6.0,24.0,0.2,-6.34,1.86,1956.0,2202.0,2022
East Carolina,15.0,15.0,0.5,0.49,2.66,2063.0,2128.0,2022
East Tennessee State,15.0,17.0,0.469,-2.76,-0.36,2306.0,2336.0,2022
Eastern Illinois,5.0,26.0,0.161,-21.07,-3.97,1746.0,2205.0,2022
Eastern Kentucky,13.0,18.0,0.419,-6.75,-5.38,2457.0,2327.0,2022
Eastern Michigan,10.0,21.0,0.323,-10.86,-3.03,2143.0,2356.0,2022
nan,,,,,,,,2022
School,,,,,,,,2022
Eastern Washington,18.0,16.0,0.529,-5.2,-5.14,2613.0,2536.0,2022
Elon,10.0,22.0,0.313,-6.15,1.39,2147.0,2311.0,2022
Evansville,6.0,24.0,0.2,-10.95,1.4,1775.0,2122.0,2022
Fairfield,15.0,18.0,0.455,-3.88,-4.09,2239.0,2177.0,2022
FDU,4.0,22.0,0.154,-18.13,-6.21,1748.0,2058.0,2022
Florida,20.0,14.0,0.588,11.93,7.84,2400.0,2261.0,2022
Florida A&M,13.0,17.0,0.433,-12.05,-6.7,1952.0,2064.0,2022
Florida Atlantic,19.0,15.0,0.559,2.63,-1.82,2519.0,2315.0,2022
Florida Gulf Coast,22.0,12.0,0.647,-3.07,-4.91,2641.0,2505.0,2022
Florida International,15.0,17.0,0.469,-6.47,-3.27,2264.0,2274.0,2022
Florida State,17.0,14.0,0.548,6.39,7.32,2201.0,2230.0,2022
Fordham,16.0,16.0,0.5,-0.89,-0.2,2115.0,2137.0,2022
Fresno State,23.0,13.0,0.639,8.36,1.94,2384.0,2139.0,2022
Furman,22.0,12.0,0.647,6.2,-1.44,2640.0,2336.0,2022
Gardner-Webb,18.0,13.0,0.581,-2.35,-4.43,2154.0,1989.0,2022
George Mason,14.0,16.0,0.467,4.18,1.98,2122.0,2056.0,2022
George Washington,12.0,18.0,0.4,-4.07,0.4,2051.0,2185.0,2022
Georgetown,6.0,25.0,0.194,1.71,8.03,2192.0,2388.0,2022
Georgia,6.0,26.0,0.188,-0.63,8.06,2234.0,2512.0,2022
Georgia Southern,13.0,16.0,0.448,-7.04,-3.04,1927.0,1903.0,2022
nan,,,,,,,,2022
School,,,,,,,,2022
Georgia State,18.0,11.0,0.621,-1.11,-1.34,2049.0,1906.0,2022
Georgia Tech,12.0,20.0,0.375,2.24,6.08,2195.0,2264.0,2022
Gonzaga,28.0,4.0,0.875,25.46,4.5,2790.0,2119.0,2022
Grambling,12.0,20.0,0.375,-12.35,-5.08,2092.0,2273.0,2022
Grand Canyon,23.0,8.0,0.742,5.81,-2.57,2204.0,1898.0,2022
Green Bay,5.0,25.0,0.167,-13.89,-5.44,1852.0,2068.0,2022
Hampton,9.0,19.0,0.321,-13.54,-6.0,1814.0,1946.0,2022
Hartford,12.0,20.0,0.375,-10.03,-7.69,2234.0,2309.0,2022
Harvard,13.0,13.0,0.5,-4.68,-4.2,1858.0,1797.0,2022
Hawaii,17.0,11.0,0.607,-0.52,-3.06,1928.0,1796.0,2022
High Point,14.0,18.0,0.438,-6.53,-3.39,2225.0,2232.0,2022
Hofstra,21.0,11.0,0.656,1.8,-0.6,2494.0,2333.0,2022
Holy Cross,9.0,22.0,0.29,-16.84,-7.87,2022.0,2192.0,2022
Houston,32.0,6.0,0.842,22.55,6.47,2844.0,2233.0,2022
Houston Christian,11.0,18.0,0.379,-14.47,-6.71,2190.0,2220.0,2022
Howard,16.0,13.0,0.552,-6.76,-8.53,2215.0,2019.0,2022
Idaho,9.0,22.0,0.29,-13.19,-4.78,2263.0,2468.0,2022
Idaho State,7.0,23.0,0.233,-14.96,-5.28,1931.0,2146.0,2022
Illinois,23.0,10.0,0.697,16.69,9.48,2456.0,2218.0,2022
Illinois State,13.0,20.0,0.394,-0.78,0.74,2447.0,2466.0,2022
nan,,,,,,,,2022
School,,,,,,,,2022
Illinois-Chicago,14.0,16.0,0.467,-8.78,-6.37,2159.0,2188.0,2022
Incarnate Word,7.0,25.0,0.219,-17.03,-4.34,2145.0,2445.0,2022
Indiana,21.0,14.0,0.6,12.71,8.08,2478.0,2316.0,2022
Indiana State,11.0,20.0,0.355,-3.49,1.94,2184.0,2230.0,2022
Iona,25.0,8.0,0.758,5.47,-1.14,2482.0,2264.0,2022
Iowa,26.0,10.0,0.722,18.9,6.87,2995.0,2562.0,2022
Iowa State,22.0,13.0,0.629,12.38,9.33,2296.0,2189.0,2022
IU Indy,3.0,26.0,0.103,-23.61,-6.5,1521.0,1947.0,2022
Jackson State,11.0,19.0,0.367,-10.1,-5.6,1829.0,1964.0,2022
Jacksonville,21.0,10.0,0.677,-2.06,-5.21,2081.0,1839.0,2022
Jacksonville State,21.0,11.0,0.656,-0.19,-3.79,2353.0,2151.0,2022
James Madison,15.0,14.0,0.517,-4.13,-1.1,2178.0,2123.0,2022
Kansas,34.0,6.0,0.85,22.28,11.3,3129.0,2690.0,2022
Kansas City,19.0,12.0,0.613,-5.49,-5.23,2311.0,2085.0,2022
Kansas State,14.0,17.0,0.452,10.61,9.06,2139.0,2091.0,2022
Kennesaw State,13.0,18.0,0.419,-4.51,-2.62,2319.0,2206.0,2022
Kent State,23.0,11.0,0.676,-0.13,-3.07,2423.0,2217.0,2022
Kentucky,26.0,8.0,0.765,20.9,8.02,2701.0,2263.0,2022
La Salle,11.0,19.0,0.367,-3.5,0.54,2025.0,2146.0,2022
Lafayette,10.0,20.0,0.333,-12.6,-6.67,2034.0,2185.0,2022
nan,,,,,,,,2022
School,,,,,,,,2022
Lamar,2.0,27.0,0.069,-15.86,-2.6,1778.0,2116.0,2022
Lehigh,13.0,19.0,0.406,-10.82,-7.56,2190.0,2284.0,2022
Liberty,22.0,11.0,0.667,1.86,-4.01,2421.0,2094.0,2022
Lipscomb,14.0,19.0,0.424,-8.42,-3.29,2442.0,2536.0,2022
Little Rock,9.0,19.0,0.321,-12.05,-0.73,1868.0,2047.0,2022
Long Beach State,20.0,13.0,0.606,-0.65,0.35,2437.0,2409.0,2022
Long Island University,16.0,14.0,0.533,-7.62,-7.03,2245.0,2204.0,2022
Longwood,26.0,7.0,0.788,-0.35,-6.11,2499.0,2170.0,2022
Louisiana,16.0,15.0,0.516,-2.71,-2.91,2203.0,2151.0,2022
Louisiana State,22.0,12.0,0.647,17.45,8.3,2467.0,2156.0,2022
Louisiana Tech,24.0,10.0,0.706,5.23,0.11,2558.0,2312.0,2022
Louisiana-Monroe,13.0,18.0,0.419,-8.7,-2.59,2246.0,2304.0,2022
Louisville,13.0,19.0,0.406,4.23,7.01,2154.0,2243.0,2022
Loyola (IL),25.0,8.0,0.758,13.39,2.93,2403.0,2029.0,2022
Loyola (MD),14.0,16.0,0.467,-8.4,-7.95,1984.0,1970.0,2022
Loyola Marymount,11.0,18.0,0.379,-1.93,3.25,2010.0,2148.0,2022
Maine,6.0,23.0,0.207,-18.38,-5.34,1811.0,2063.0,2022
Manhattan,15.0,15.0,0.5,-7.64,-3.85,2126.0,2179.0,2022
Marist,14.0,16.0,0.467,-4.26,-4.86,2063.0,2045.0,2022
Marquette,19.0,13.0,0.594,11.36,8.96,2369.0,2292.0,2022
nan,,,,,,,,2022
School,,,,,,,,2022
Marshall,12.0,21.0,0.364,-4.57,0.14,2442.0,2523.0,2022
Maryland,15.0,17.0,0.469,9.34,9.12,2270.0,2263.0,2022
Maryland-Baltimore County,18.0,14.0,0.563,-6.06,-6.51,2359.0,2307.0,2022
Maryland-Eastern Shore,11.0,16.0,0.407,-13.1,-7.14,1778.0,1792.0,2022
Massachusetts,15.0,17.0,0.469,-0.67,1.7,2422.0,2498.0,2022
Massachusetts-Lowell,15.0,16.0,0.484,-7.08,-6.65,2191.0,2040.0,2022
McNeese State,11.0,22.0,0.333,-11.76,-5.04,2579.0,2555.0,2022
Memphis,22.0,11.0,0.667,14.67,7.86,2480.0,2255.0,2022
Mercer,16.0,17.0,0.485,-3.41,-1.15,2325.0,2328.0,2022
Merrimack,14.0,16.0,0.467,-10.86,-6.82,1843.0,1931.0,2022
Miami (FL),26.0,11.0,0.703,11.22,7.62,2736.0,2603.0,2022
Miami (OH),14.0,18.0,0.438,-6.35,-4.14,2408.0,2351.0,2022
Michigan,19.0,15.0,0.559,14.26,11.02,2470.0,2360.0,2022
Michigan State,23.0,13.0,0.639,13.18,9.96,2601.0,2485.0,2022
Middle Tennessee,26.0,11.0,0.703,4.5,-1.16,2771.0,2486.0,2022
Milwaukee,10.0,22.0,0.313,-13.19,-6.32,2073.0,2264.0,2022
Minnesota,13.0,17.0,0.433,5.93,8.13,2010.0,2076.0,2022
Mississippi,13.0,19.0,0.406,6.72,7.25,2180.0,2197.0,2022
Mississippi State,18.0,16.0,0.529,11.83,7.6,2396.0,2252.0,2022
Mississippi Valley State,2.0,26.0,0.071,-22.15,-6.4,1882.0,2323.0,2022
nan,,,,,,,,2022
School,,,,,,,,2022
Missouri,12.0,21.0,0.364,2.94,9.1,2160.0,2325.0,2022
Missouri State,23.0,11.0,0.676,8.29,1.05,2628.0,2342.0,2022
Monmouth,21.0,13.0,0.618,-0.39,-1.68,2333.0,2289.0,2022
Montana,18.0,14.0,0.563,-6.48,-6.21,2310.0,2141.0,2022
Montana State,27.0,8.0,0.771,-0.26,-5.54,2679.0,2425.0,2022
Morehead State,23.0,11.0,0.676,0.79,-3.43,2379.0,2158.0,2022
Morgan State,13.0,15.0,0.464,-12.62,-8.12,2100.0,2025.0,2022
Mount St. Mary's,14.0,16.0,0.467,-8.2,-7.2,1984.0,1958.0,2022
Murray State,31.0,3.0,0.912,9.87,-3.07,2690.0,2150.0,2022
Navy,21.0,11.0,0.656,-2.94,-6.36,2079.0,1924.0,2022
NC State,11.0,21.0,0.344,3.77,6.37,2336.0,2419.0,2022
Nebraska,10.0,22.0,0.313,3.0,8.25,2345.0,2513.0,2022
Nevada,13.0,18.0,0.419,3.71,6.07,2249.0,2284.0,2022
Nevada-Las Vegas,18.0,14.0,0.563,7.2,4.58,2236.0,2099.0,2022
New Hampshire,15.0,13.0,0.536,-6.32,-7.21,1925.0,1819.0,2022
New Mexico,13.0,19.0,0.406,1.25,4.32,2376.0,2411.0,2022
New Mexico State,27.0,7.0,0.794,7.11,1.24,2464.0,2197.0,2022
New Orleans,18.0,14.0,0.563,-7.88,-7.16,2469.0,2385.0,2022
Niagara,14.0,16.0,0.467,-3.09,-2.98,2022.0,1965.0,2022
Nicholls State,21.0,12.0,0.636,-3.62,-5.9,2590.0,2352.0,2022
nan,,,,,,,,2022
School,,,,,,,,2022
NJIT,11.0,18.0,0.379,-14.63,-6.17,1826.0,2030.0,2022
Norfolk State,24.0,7.0,0.774,-3.91,-9.3,2302.0,1997.0,2022
North Alabama,9.0,21.0,0.3,-11.33,-3.21,2081.0,2056.0,2022
North Carolina,29.0,10.0,0.744,15.5,8.89,3038.0,2780.0,2022
North Carolina A&T,12.0,20.0,0.375,-9.91,-4.46,2167.0,2250.0,2022
North Carolina Central,16.0,15.0,0.516,-11.39,-7.47,2256.0,2120.0,2022
North Dakota,6.0,25.0,0.194,-16.57,-5.26,2178.0,2444.0,2022
North Dakota State,23.0,10.0,0.697,-1.6,-4.66,2469.0,2267.0,2022
North Florida,11.0,20.0,0.355,-8.35,0.08,2124.0,2206.0,2022
North Texas,25.0,7.0,0.781,8.98,1.28,2083.0,1783.0,2022
Northeastern,9.0,22.0,0.29,-6.0,-1.19,1993.0,2142.0,2022
Northern Arizona,9.0,23.0,0.281,-13.5,-4.1,2161.0,2347.0,2022
Northern Colorado,22.0,16.0,0.579,-4.53,-3.67,2962.0,2924.0,2022
Northern Illinois,9.0,21.0,0.3,-10.5,-3.07,1923.0,2146.0,2022
Northern Iowa,20.0,12.0,0.625,5.79,3.43,2383.0,2273.0,2022
Northern Kentucky,20.0,12.0,0.625,-3.19,-6.19,2237.0,2083.0,2022
Northwestern,15.0,16.0,0.484,8.91,7.11,2262.0,2168.0,2022
Northwestern State,9.0,23.0,0.281,-14.06,-3.2,2363.0,2573.0,2022
Notre Dame,24.0,11.0,0.686,11.87,7.01,2540.0,2349.0,2022
Oakland,20.0,12.0,0.625,-1.52,-4.06,2381.0,2194.0,2022
nan,,,,,,,,2022
School,,,,,,,,2022
Ohio,25.0,10.0,0.714,1.5,-4.17,2591.0,2378.0,2022
Ohio State,20.0,12.0,0.625,14.17,9.08,2329.0,2166.0,2022
Oklahoma,19.0,16.0,0.543,14.12,10.1,2417.0,2276.0,2022
Oklahoma State,15.0,15.0,0.5,13.28,10.58,2051.0,1970.0,2022
Old Dominion,13.0,19.0,0.406,-1.32,-0.09,2127.0,2145.0,2022
Omaha,5.0,25.0,0.167,-16.99,-2.27,2088.0,2505.0,2022
Oral Roberts,19.0,12.0,0.613,-0.84,-4.49,2582.0,2306.0,2022
Oregon,20.0,15.0,0.571,10.05,8.05,2532.0,2440.0,2022
Oregon State,3.0,28.0,0.097,-1.44,8.4,2117.0,2422.0,2022
Pacific,8.0,22.0,0.267,-8.02,0.41,1976.0,2182.0,2022
Penn State,14.0,17.0,0.452,8.72,9.1,2003.0,2015.0,2022
Pennsylvania,12.0,16.0,0.429,-3.93,-0.5,2017.0,2113.0,2022
Pepperdine,7.0,25.0,0.219,-7.04,3.42,2183.0,2480.0,2022
Pittsburgh,11.0,21.0,0.344,0.45,6.98,1969.0,2178.0,2022
Portland,19.0,15.0,0.559,-1.71,-1.11,2524.0,2454.0,2022
Portland State,14.0,17.0,0.452,-7.7,-5.67,2280.0,2237.0,2022
Prairie View,8.0,19.0,0.296,-10.47,-3.66,1877.0,2061.0,2022
Presbyterian,12.0,20.0,0.375,-8.47,-3.65,2170.0,2174.0,2022
Princeton,23.0,7.0,0.767,2.65,-3.95,2395.0,2103.0,2022
Providence,27.0,6.0,0.818,13.08,7.75,2360.0,2184.0,2022
nan,,,,,,,,2022
School,,,,,,,,2022
Purdue,29.0,8.0,0.784,19.15,8.23,2936.0,2532.0,2022
Purdue Fort Wayne,21.0,12.0,0.636,-5.59,-6.69,2424.0,2298.0,2022
Quinnipiac,14.0,17.0,0.452,-5.56,-4.2,2226.0,2216.0,2022
Radford,11.0,18.0,0.379,-9.23,-3.9,1832.0,1955.0,2022
Rhode Island,15.0,16.0,0.484,2.92,1.22,2081.0,2015.0,2022
Rice,16.0,17.0,0.485,-2.74,-1.19,2446.0,2421.0,2022
Richmond,24.0,13.0,0.649,7.07,4.48,2628.0,2532.0,2022
Rider,14.0,19.0,0.424,-5.87,-3.56,2237.0,2286.0,2022
Robert Morris,8.0,24.0,0.25,-12.5,-5.47,2220.0,2390.0,2022
Rutgers,18.0,14.0,0.563,8.78,6.81,2192.0,2129.0,2022
Sacramento State,11.0,18.0,0.379,-12.06,-5.36,1898.0,2035.0,2022
Sacred Heart,10.0,20.0,0.333,-13.41,-8.79,2180.0,2254.0,2022
Saint Francis (PA),9.0,21.0,0.3,-14.57,-7.91,2058.0,2205.0,2022
Saint Joseph's,11.0,19.0,0.367,1.0,2.46,2028.0,2072.0,2022
Saint Louis,23.0,12.0,0.657,9.83,3.45,2666.0,2376.0,2022
Saint Mary's (CA),26.0,8.0,0.765,14.82,6.58,2370.0,2061.0,2022
Saint Peter's,22.0,12.0,0.647,2.96,-0.47,2277.0,2125.0,2022
Sam Houston,19.0,14.0,0.576,0.07,-1.16,2272.0,2082.0,2022
Samford,21.0,11.0,0.656,-3.01,-1.76,2390.0,2363.0,2022
San Diego,15.0,16.0,0.484,-3.32,1.48,2041.0,2086.0,2022
nan,,,,,,,,2022
School,,,,,,,,2022
San Diego State,23.0,9.0,0.719,13.13,5.85,2093.0,1860.0,2022
San Francisco,24.0,10.0,0.706,14.12,5.24,2630.0,2304.0,2022
San Jose State,8.0,23.0,0.258,-7.01,3.79,1993.0,2242.0,2022
Santa Clara,21.0,12.0,0.636,8.98,3.61,2550.0,2373.0,2022
Seattle,23.0,9.0,0.719,1.96,-4.1,2395.0,2132.0,2022
Seton Hall,21.0,11.0,0.656,12.75,8.52,2302.0,2125.0,2022
Siena,15.0,14.0,0.517,-6.4,-3.5,1922.0,2006.0,2022
South Alabama,21.0,12.0,0.636,0.23,-3.59,2362.0,2111.0,2022
South Carolina,18.0,13.0,0.581,7.14,8.37,2200.0,2178.0,2022
South Carolina State,15.0,16.0,0.484,-13.04,-8.39,2227.0,2249.0,2022
South Carolina Upstate,15.0,17.0,0.469,-9.01,-4.11,2287.0,2341.0,2022
South Dakota,19.0,12.0,0.613,-4.43,-5.61,2329.0,2198.0,2022
South Dakota State,30.0,5.0,0.857,6.6,-3.77,3005.0,2561.0,2022
South Florida,8.0,23.0,0.258,-3.05,4.4,1781.0,2012.0,2022
Southeast Missouri State,14.0,18.0,0.438,-7.19,-4.69,2418.0,2473.0,2022
Southeastern Louisiana,19.0,15.0,0.559,-9.03,-5.77,2679.0,2643.0,2022
Southern,17.0,14.0,0.548,-5.17,-6.9,2229.0,2105.0,2022
Southern California,26.0,8.0,0.765,12.5,6.09,2461.0,2243.0,2022
Southern Illinois,16.0,15.0,0.516,2.83,0.73,1985.0,1902.0,2022
SIU Edwardsville,11.0,21.0,0.344,-10.37,-4.71,2161.0,2238.0,2022
nan,,,,,,,,2022
School,,,,,,,,2022
Southern Methodist,24.0,9.0,0.727,11.14,4.44,2436.0,2215.0,2022
Southern Mississippi,7.0,26.0,0.212,-13.58,-0.38,2126.0,2471.0,2022
Southern Utah,23.0,12.0,0.657,-1.51,-4.57,2720.0,2538.0,2022
St. Bonaventure,23.0,10.0,0.697,8.27,4.79,2309.0,2194.0,2022
St. Francis (NY),10.0,20.0,0.333,-13.49,-7.93,2017.0,2116.0,2022
St. John's (NY),17.0,15.0,0.531,11.95,6.51,2547.0,2373.0,2022
St. Thomas,10.0,20.0,0.333,-11.15,-5.59,2241.0,2260.0,2022
Stanford,16.0,16.0,0.5,6.27,8.59,2124.0,2198.0,2022
Stephen F. Austin,22.0,10.0,0.688,2.43,-1.6,2385.0,2190.0,2022
Stetson,11.0,19.0,0.367,-10.34,-4.07,2090.0,2144.0,2022
Stony Brook,18.0,13.0,0.581,-6.63,-5.43,2261.0,2267.0,2022
Syracuse,16.0,17.0,0.485,10.12,7.82,2553.0,2477.0,2022
Tarleton State,14.0,17.0,0.452,-3.18,-0.5,2002.0,2025.0,2022
TCU,21.0,13.0,0.618,13.72,10.16,2328.0,2207.0,2022
Temple,17.0,12.0,0.586,4.61,4.3,1936.0,1927.0,2022
Tennessee,27.0,8.0,0.771,20.46,9.94,2571.0,2203.0,2022
Tennessee State,14.0,18.0,0.438,-9.34,-7.31,2282.0,2246.0,2022
Tennessee Tech,11.0,21.0,0.344,-7.27,-3.03,2328.0,2357.0,2022
Tennessee-Martin,8.0,22.0,0.267,-11.13,-3.02,2067.0,2206.0,2022
Texas,22.0,12.0,0.647,17.01,8.87,2339.0,2062.0,2022
nan,,,,,,,,2022
School,,,,,,,,2022
Texas A&M,27.0,13.0,0.675,12.93,7.42,2908.0,2643.0,2022
Texas A&M-Corpus Christi,23.0,12.0,0.657,-6.78,-9.1,2682.0,2454.0,2022
Texas Southern,19.0,13.0,0.594,-3.3,-6.24,2209.0,2115.0,2022
Texas State,21.0,8.0,0.724,0.14,-2.86,2043.0,1834.0,2022
Texas Tech,27.0,10.0,0.73,20.08,8.65,2667.0,2244.0,2022
Texas-Rio Grande Valley,8.0,23.0,0.258,-10.18,-1.28,2212.0,2438.0,2022
The Citadel,13.0,18.0,0.419,-6.8,-1.97,2381.0,2382.0,2022
Toledo,26.0,8.0,0.765,6.26,-3.22,2717.0,2334.0,2022
Towson,25.0,9.0,0.735,6.47,-2.15,2478.0,2185.0,2022
Troy,20.0,12.0,0.625,-3.56,-3.52,2214.0,2100.0,2022
Tulane,14.0,15.0,0.483,6.74,5.33,2121.0,2080.0,2022
Tulsa,11.0,20.0,0.355,1.56,4.07,2089.0,2167.0,2022
UAB,27.0,8.0,0.771,10.9,-0.14,2811.0,2336.0,2022
UC Davis,13.0,11.0,0.542,-3.7,-4.29,1628.0,1593.0,2022
UC Irvine,15.0,10.0,0.6,1.59,-0.93,1656.0,1507.0,2022
UC Riverside,16.0,12.0,0.571,-0.92,-1.89,1865.0,1784.0,2022
UC San Diego,13.0,16.0,0.448,-7.04,-3.78,2036.0,2046.0,2022
UC Santa Barbara,17.0,11.0,0.607,1.38,-4.39,2066.0,1841.0,2022
UCF,18.0,12.0,0.6,6.23,4.63,2095.0,2047.0,2022
UCLA,27.0,8.0,0.771,19.3,8.36,2639.0,2256.0,2022
nan,,,,,,,,2022
School,,,,,,,,2022
UNC Asheville,17.0,15.0,0.531,-4.52,-5.28,2410.0,2201.0,2022
UNC Greensboro,17.0,15.0,0.531,-2.47,-1.99,2083.0,2079.0,2022
UNC Wilmington,27.0,9.0,0.75,-0.66,-2.84,2596.0,2483.0,2022
UT Arlington,11.0,18.0,0.379,-5.49,-0.94,1948.0,1993.0,2022
Utah,11.0,20.0,0.355,5.45,6.61,2161.0,2197.0,2022
Utah State,18.0,16.0,0.529,10.41,4.53,2497.0,2273.0,2022
Utah Tech,13.0,18.0,0.419,-8.53,-0.53,2247.0,2296.0,2022
Utah Valley,20.0,12.0,0.625,2.37,-1.6,2279.0,2084.0,2022
UTEP,20.0,14.0,0.588,0.27,-0.48,2352.0,2265.0,2022
UTSA,10.0,22.0,0.313,-10.46,-1.49,2153.0,2313.0,2022
Valparaiso,14.0,18.0,0.438,-1.61,0.83,2264.0,2257.0,2022
Vanderbilt,19.0,17.0,0.528,11.0,8.05,2548.0,2442.0,2022
Vermont,28.0,6.0,0.824,7.81,-5.7,2544.0,2065.0,2022
Villanova,30.0,8.0,0.789,19.31,10.29,2726.0,2383.0,2022
Virginia,21.0,14.0,0.6,8.88,6.6,2184.0,2104.0,2022
Virginia Commonwealth,22.0,10.0,0.688,9.83,5.17,2146.0,1997.0,2022
VMI,16.0,16.0,0.5,-2.47,-2.05,2529.0,2375.0,2022
Virginia Tech,23.0,13.0,0.639,14.48,6.48,2549.0,2261.0,2022
Wagner,21.0,6.0,0.778,-1.12,-9.01,2010.0,1747.0,2022
Wake Forest,25.0,10.0,0.714,13.24,4.75,2749.0,2452.0,2022
nan,,,,,,,,2022
School,,,,,,,,2022
Washington,17.0,15.0,0.531,5.03,6.72,2260.0,2314.0,2022
Washington State,22.0,15.0,0.595,12.57,5.97,2644.0,2400.0,2022
Weber State,21.0,12.0,0.636,-1.73,-5.21,2513.0,2319.0,2022
West Virginia,16.0,17.0,0.485,10.23,10.74,2259.0,2276.0,2022
Western Carolina,11.0,21.0,0.344,-10.48,-1.9,2261.0,2472.0,2022
Western Illinois,16.0,16.0,0.5,-6.34,-5.51,2493.0,2470.0,2022
Western Kentucky,19.0,13.0,0.594,3.3,0.23,2414.0,2214.0,2022
Western Michigan,8.0,23.0,0.258,-13.51,-2.3,2027.0,2329.0,2022
Wichita State,15.0,13.0,0.536,8.11,6.0,1917.0,1858.0,2022
William & Mary,5.0,27.0,0.156,-13.91,-1.88,2044.0,2380.0,2022
Winthrop,23.0,9.0,0.719,-1.56,-3.63,2407.0,2246.0,2022
Wisconsin,25.0,8.0,0.758,13.13,9.16,2308.0,2177.0,2022
Wofford,19.0,13.0,0.594,2.01,-1.55,2322.0,2120.0,2022
Wright State,22.0,14.0,0.611,-1.94,-5.11,2729.0,2585.0,2022
Wyoming,25.0,9.0,0.735,9.36,3.6,2466.0,2227.0,2022
Xavier,23.0,13.0,0.639,13.23,8.34,2668.0,2492.0,2022
Yale,19.0,12.0,0.613,-0.1,-1.34,2226.0,2143.0,2022
Youngstown State,19.0,15.0,0.559,-6.28,-7.12,2470.0,2374.0,2022
Abilene Christian,13.0,17.0,0.433,-2.79,0.9,2249.0,2133.0,2023
Air Force,14.0,18.0,0.438,2.0,2.12,2142.0,2146.0,2023
Akron,22.0,11.0,0.667,4.19,-1.65,2463.0,2209.0,2023
Alabama,31.0,6.0,0.838,23.19,9.65,3027.0,2526.0,2023
Alabama A&M,15.0,18.0,0.455,-10.78,-7.71,2297.0,2340.0,2023
Alabama State,8.0,23.0,0.258,-16.33,-6.29,1963.0,2252.0,2023
Albany (NY),8.0,23.0,0.258,-14.36,-4.53,2086.0,2332.0,2023
Alcorn State,18.0,14.0,0.563,-8.74,-5.81,2165.0,2259.0,2023
American,17.0,15.0,0.531,-8.26,-7.73,2093.0,2110.0,2023
Appalachian State,16.0,16.0,0.5,-1.5,-0.98,2248.0,2067.0,2023
Arizona,28.0,7.0,0.8,19.08,8.34,2866.0,2490.0,2023
Arizona State,23.0,13.0,0.639,11.29,8.18,2559.0,2447.0,2023
Arkansas,22.0,14.0,0.611,15.99,9.87,2666.0,2446.0,2023
Arkansas State,13.0,20.0,0.394,-8.07,-3.3,2169.0,2232.0,2023
Arkansas-Pine Bluff,10.0,21.0,0.323,-12.99,-5.36,2074.0,2162.0,2023
Army,17.0,16.0,0.515,-7.13,-7.58,2412.0,2322.0,2023
Auburn,21.0,13.0,0.618,14.35,9.29,2474.0,2302.0,2023
Austin Peay,9.0,22.0,0.29,-12.17,-2.6,2067.0,2241.0,2023
Ball State,20.0,12.0,0.625,-1.2,-3.5,2445.0,2292.0,2023
Baylor,23.0,11.0,0.676,17.3,10.54,2619.0,2389.0,2023
nan,,,,,,,,2023
School,,,,,,,,2023
Bellarmine,15.0,18.0,0.455,-7.42,-1.35,2187.0,2216.0,2023
Belmont,21.0,11.0,0.656,1.88,-1.93,2447.0,2299.0,2023
Bethune-Cookman,12.0,20.0,0.375,-17.15,-7.82,2172.0,2401.0,2023
Binghamton,13.0,18.0,0.419,-10.44,-5.51,2133.0,2217.0,2023
Boise State,24.0,10.0,0.706,12.78,6.21,2451.0,2198.0,2023
Boston College,16.0,17.0,0.485,1.09,4.73,2197.0,2317.0,2023
Boston University,15.0,17.0,0.469,-8.1,-6.52,2147.0,2151.0,2023
Bowling Green,11.0,20.0,0.355,-8.46,-3.81,2355.0,2434.0,2023
Bradley,25.0,10.0,0.714,6.51,-0.67,2473.0,2195.0,2023
Brigham Young,19.0,15.0,0.559,9.43,5.4,2568.0,2376.0,2023
Brown,14.0,13.0,0.519,-2.47,-2.69,1878.0,1872.0,2023
Bryant,17.0,13.0,0.567,-3.59,-4.52,2381.0,2193.0,2023
Bucknell,12.0,20.0,0.375,-9.93,-6.96,2161.0,2192.0,2023
Buffalo,15.0,17.0,0.469,-2.97,0.67,2481.0,2485.0,2023
Butler,14.0,18.0,0.438,5.85,8.54,2088.0,2174.0,2023
Cal Poly,8.0,25.0,0.242,-7.51,-0.54,2006.0,2174.0,2023
Cal State Bakersfield,11.0,22.0,0.333,-8.34,-1.47,1995.0,2134.0,2023
Cal State Fullerton,20.0,13.0,0.606,1.73,-0.27,2283.0,2148.0,2023
Cal State Northridge,7.0,25.0,0.219,-10.4,-1.74,2028.0,2194.0,2023
California,3.0,29.0,0.094,-3.36,8.43,1866.0,2243.0,2023
nan,,,,,,,,2023
School,,,,,,,,2023
California Baptist,17.0,16.0,0.515,0.21,-0.69,2291.0,2156.0,2023
Campbell,16.0,18.0,0.471,-5.23,-4.89,2374.0,2329.0,2023
Canisius,10.0,20.0,0.333,-7.05,-3.46,2111.0,2169.0,2023
Central Arkansas,9.0,22.0,0.29,-13.72,-3.15,2261.0,2527.0,2023
Central Connecticut State,10.0,22.0,0.313,-13.68,-9.49,2111.0,2245.0,2023
Central Michigan,10.0,21.0,0.323,-11.97,-2.62,2038.0,2263.0,2023
Charleston Southern,10.0,21.0,0.323,-9.44,-4.47,2251.0,2305.0,2023
Charlotte,22.0,14.0,0.611,3.9,-0.46,2410.0,2253.0,2023
Chattanooga,18.0,17.0,0.514,-2.34,-3.34,2702.0,2523.0,2023
Chicago State,11.0,20.0,0.355,-11.29,-3.51,2180.0,2264.0,2023
Cincinnati,23.0,13.0,0.639,11.77,4.97,2776.0,2495.0,2023
Clemson,23.0,11.0,0.676,10.53,3.71,2540.0,2308.0,2023
Cleveland State,21.0,14.0,0.6,-2.6,-5.05,2512.0,2405.0,2023
Coastal Carolina,11.0,20.0,0.355,-8.93,-1.75,2273.0,2294.0,2023
Colgate,26.0,9.0,0.743,2.2,-5.86,2733.0,2426.0,2023
College of Charleston,31.0,4.0,0.886,8.4,-4.02,2804.0,2353.0,2023
Colorado,18.0,17.0,0.514,11.17,8.39,2445.0,2348.0,2023
Colorado State,15.0,18.0,0.455,5.64,5.86,2391.0,2355.0,2023
Columbia,7.0,22.0,0.241,-14.37,-2.37,1966.0,2197.0,2023
Connecticut,31.0,8.0,0.795,22.95,8.51,3064.0,2501.0,2023
nan,,,,,,,,2023
School,,,,,,,,2023
Coppin State,9.0,23.0,0.281,-14.76,-3.6,2304.0,2661.0,2023
Cornell,17.0,11.0,0.607,0.63,-2.41,2287.0,2129.0,2023
Creighton,24.0,13.0,0.649,17.83,9.8,2828.0,2531.0,2023
Dartmouth,10.0,18.0,0.357,-7.98,-2.52,1998.0,2027.0,2023
Davidson,16.0,16.0,0.5,1.99,1.47,2236.0,2197.0,2023
Dayton,22.0,12.0,0.647,8.71,1.09,2334.0,2075.0,2023
Delaware,17.0,16.0,0.515,-5.57,-3.72,2298.0,2333.0,2023
Delaware State,6.0,24.0,0.2,-17.7,-4.95,1939.0,2265.0,2023
Denver,15.0,17.0,0.469,-9.56,-5.89,2325.0,2402.0,2023
DePaul,10.0,23.0,0.303,2.9,9.03,2349.0,2551.0,2023
Detroit Mercy,14.0,19.0,0.424,-3.21,-3.61,2527.0,2486.0,2023
Drake,27.0,8.0,0.771,7.84,-1.14,2617.0,2236.0,2023
Drexel,17.0,15.0,0.531,-2.27,-5.43,2135.0,1997.0,2023
Duke,27.0,9.0,0.75,15.83,7.44,2592.0,2290.0,2023
Duquesne,20.0,13.0,0.606,3.48,-0.16,2472.0,2352.0,2023
East Carolina,16.0,17.0,0.485,-0.29,1.41,2271.0,2327.0,2023
East Tennessee State,12.0,20.0,0.375,-6.0,-4.44,2211.0,2208.0,2023
East Texas A&M,13.0,20.0,0.394,-11.09,-7.53,2362.0,2421.0,2023
Eastern Illinois,9.0,22.0,0.29,-14.09,-6.75,2134.0,2235.0,2023
Eastern Kentucky,23.0,14.0,0.622,-1.47,-1.62,2909.0,2720.0,2023
nan,,,,,,,,2023
School,,,,,,,,2023
Eastern Michigan,8.0,23.0,0.258,-11.05,-1.88,2239.0,2505.0,2023
Eastern Washington,23.0,11.0,0.676,1.47,-1.62,2607.0,2429.0,2023
Elon,8.0,24.0,0.25,-12.85,-4.38,2094.0,2291.0,2023
Evansville,5.0,27.0,0.156,-15.14,-1.54,1997.0,2432.0,2023
Fairfield,13.0,18.0,0.419,-6.98,-4.51,2012.0,2045.0,2023
FDU,21.0,16.0,0.568,-8.98,-9.83,2863.0,2744.0,2023
Florida,16.0,17.0,0.485,10.9,8.26,2351.0,2264.0,2023
Florida A&M,7.0,22.0,0.241,-17.81,-4.99,1700.0,2030.0,2023
Florida Atlantic,35.0,4.0,0.897,13.92,2.3,3035.0,2547.0,2023
Florida Gulf Coast,17.0,15.0,0.531,-2.63,-3.08,2280.0,2222.0,2023
Florida International,14.0,18.0,0.438,-2.71,0.32,2339.0,2404.0,2023
Florida State,9.0,23.0,0.281,-0.38,6.5,2219.0,2439.0,2023
Fordham,25.0,8.0,0.758,2.26,-2.14,2376.0,2231.0,2023
Fresno State,11.0,20.0,0.355,2.6,5.1,1974.0,2036.0,2023
Furman,28.0,8.0,0.778,4.89,-2.9,2911.0,2563.0,2023
Gardner-Webb,15.0,16.0,0.484,-3.84,-4.64,2192.0,2032.0,2023
George Mason,20.0,13.0,0.606,1.73,0.27,2268.0,2220.0,2023
George Washington,16.0,16.0,0.5,-1.93,-0.61,2441.0,2455.0,2023
Georgetown,7.0,25.0,0.219,-1.07,7.52,2225.0,2500.0,2023
Georgia,16.0,16.0,0.5,1.8,4.8,2193.0,2289.0,2023
nan,,,,,,,,2023
School,,,,,,,,2023
Georgia Southern,17.0,16.0,0.515,-3.25,-2.02,2257.0,2201.0,2023
Georgia State,10.0,21.0,0.323,-6.79,-0.93,2068.0,2150.0,2023
Georgia Tech,15.0,18.0,0.455,2.08,4.89,2301.0,2335.0,2023
Gonzaga,31.0,6.0,0.838,18.99,8.04,3187.0,2715.0,2023
Grambling,24.0,9.0,0.727,-4.03,-8.48,2276.0,2054.0,2023
Grand Canyon,24.0,12.0,0.667,4.43,1.27,2706.0,2421.0,2023
Green Bay,3.0,29.0,0.094,-20.3,-3.14,1898.0,2447.0,2023
Hampton,8.0,24.0,0.25,-15.25,-4.71,2183.0,2481.0,2023
Hartford,5.0,23.0,0.179,-23.12,-7.96,1757.0,1991.0,2023
Harvard,14.0,14.0,0.5,-0.71,-2.02,1914.0,1858.0,2023
Hawaii,22.0,11.0,0.667,2.36,-2.17,2208.0,2039.0,2023
High Point,14.0,17.0,0.452,-9.88,-5.23,2312.0,2392.0,2023
Hofstra,25.0,10.0,0.714,4.96,-2.3,2619.0,2324.0,2023
Holy Cross,10.0,22.0,0.313,-14.27,-6.4,2136.0,2324.0,2023
Houston,33.0,4.0,0.892,22.2,4.79,2770.0,2126.0,2023
Houston Christian,10.0,22.0,0.313,-17.18,-6.94,2482.0,2658.0,2023
Howard,22.0,13.0,0.629,-5.04,-5.14,2634.0,2542.0,2023
Idaho,10.0,22.0,0.313,-8.7,-3.86,2335.0,2332.0,2023
Idaho State,11.0,21.0,0.344,-6.56,-2.96,2213.0,2272.0,2023
Illinois,20.0,13.0,0.606,14.81,7.65,2452.0,2216.0,2023
nan,,,,,,,,2023
School,,,,,,,,2023
Illinois State,11.0,21.0,0.344,-7.38,-3.38,2127.0,2255.0,2023
Illinois-Chicago,12.0,20.0,0.375,-8.83,-3.12,2149.0,2292.0,2023
Incarnate Word,12.0,19.0,0.387,-15.06,-8.28,2194.0,2290.0,2023
Indiana,23.0,12.0,0.657,14.94,8.88,2616.0,2404.0,2023
Indiana State,23.0,13.0,0.639,4.86,-4.02,2855.0,2507.0,2023
Iona,27.0,8.0,0.771,7.61,-2.76,2660.0,2297.0,2023
Iowa,19.0,14.0,0.576,14.08,8.69,2642.0,2464.0,2023
Iowa State,19.0,14.0,0.576,15.36,10.39,2231.0,2067.0,2023
IU Indy,5.0,27.0,0.156,-19.0,-5.57,2089.0,2456.0,2023
Jackson State,14.0,19.0,0.424,-11.36,-5.39,2232.0,2429.0,2023
Jacksonville,13.0,16.0,0.448,-6.19,-2.54,1837.0,1816.0,2023
Jacksonville State,13.0,18.0,0.419,-6.67,-2.6,2166.0,2178.0,2023
James Madison,22.0,11.0,0.667,4.96,-2.31,2658.0,2246.0,2023
Kansas,28.0,8.0,0.778,19.2,11.84,2715.0,2450.0,2023
Kansas City,11.0,21.0,0.344,-9.78,-3.28,2060.0,2199.0,2023
Kansas State,26.0,10.0,0.722,15.79,9.48,2742.0,2515.0,2023
Kennesaw State,26.0,9.0,0.743,0.6,-2.06,2626.0,2415.0,2023
Kent State,28.0,7.0,0.8,7.53,-1.22,2665.0,2305.0,2023
Kentucky,22.0,12.0,0.647,14.76,8.08,2532.0,2305.0,2023
La Salle,15.0,19.0,0.441,-2.79,-0.02,2374.0,2468.0,2023
nan,,,,,,,,2023
School,,,,,,,,2023
Lafayette,11.0,23.0,0.324,-7.83,-4.53,2120.0,2232.0,2023
Lamar,9.0,22.0,0.29,-17.4,-7.65,2104.0,2311.0,2023
Lehigh,16.0,14.0,0.533,-9.08,-6.04,2094.0,2082.0,2023
Liberty,27.0,9.0,0.75,8.36,-1.91,2689.0,2194.0,2023
Lindenwood,11.0,21.0,0.344,-14.8,-6.35,2226.0,2362.0,2023
Lipscomb,20.0,13.0,0.606,-1.95,-4.02,2521.0,2343.0,2023
Little Rock,10.0,21.0,0.323,-12.62,-6.97,2337.0,2461.0,2023
Long Beach State,17.0,16.0,0.515,-0.58,-0.42,2524.0,2455.0,2023
Long Island University,3.0,26.0,0.103,-24.46,-6.61,1935.0,2319.0,2023
Longwood,20.0,12.0,0.625,-1.75,-6.35,2341.0,2119.0,2023
Louisiana,26.0,8.0,0.765,4.27,-0.51,2630.0,2362.0,2023
Louisiana State,14.0,19.0,0.424,3.32,6.44,2231.0,2334.0,2023
Louisiana Tech,15.0,18.0,0.455,0.1,1.9,2383.0,2320.0,2023
Louisiana-Monroe,11.0,21.0,0.344,-8.64,-0.57,2157.0,2235.0,2023
Louisville,4.0,28.0,0.125,-5.39,6.45,2046.0,2425.0,2023
Loyola (IL),10.0,21.0,0.323,-4.65,0.44,2089.0,2247.0,2023
Loyola (MD),13.0,20.0,0.394,-12.05,-6.14,2222.0,2331.0,2023
Loyola Marymount,19.0,12.0,0.613,4.98,4.32,2335.0,2265.0,2023
Maine,13.0,17.0,0.433,-8.88,-4.66,2054.0,2091.0,2023
Manhattan,12.0,18.0,0.4,-9.87,-4.94,2016.0,2112.0,2023
nan,,,,,,,,2023
School,,,,,,,,2023
Marist,13.0,20.0,0.394,-8.44,-5.68,2110.0,2201.0,2023
Marquette,29.0,7.0,0.806,17.07,8.01,2856.0,2530.0,2023
Marshall,24.0,8.0,0.75,7.13,-2.84,2616.0,2281.0,2023
Maryland,22.0,13.0,0.629,14.58,8.35,2440.0,2222.0,2023
Maryland-Baltimore County,18.0,14.0,0.563,-6.22,-6.96,2378.0,2328.0,2023
Maryland-Eastern Shore,18.0,13.0,0.581,-7.63,-5.48,2162.0,2054.0,2023
Massachusetts,15.0,16.0,0.484,-1.34,0.3,2163.0,2214.0,2023
Massachusetts-Lowell,26.0,8.0,0.765,0.63,-8.53,2653.0,2243.0,2023
McNeese State,11.0,23.0,0.324,-13.63,-5.48,2352.0,2565.0,2023
Memphis,26.0,9.0,0.743,14.5,6.9,2778.0,2512.0,2023
Mercer,14.0,19.0,0.424,-5.11,-3.98,2268.0,2211.0,2023
Merrimack,18.0,16.0,0.529,-11.18,-9.12,2128.0,2119.0,2023
Miami (FL),29.0,8.0,0.784,13.98,6.84,2925.0,2661.0,2023
Miami (OH),12.0,20.0,0.375,-7.46,-2.43,2357.0,2385.0,2023
Michigan,18.0,16.0,0.529,12.43,8.69,2494.0,2367.0,2023
Michigan State,21.0,13.0,0.618,14.25,11.25,2411.0,2309.0,2023
Middle Tennessee,19.0,14.0,0.576,2.95,2.08,2313.0,2236.0,2023
Milwaukee,22.0,12.0,0.647,-4.69,-3.98,2659.0,2522.0,2023
Minnesota,9.0,22.0,0.29,-0.3,7.86,1949.0,2202.0,2023
Mississippi,12.0,21.0,0.364,5.73,7.3,2227.0,2279.0,2023
nan,,,,,,,,2023
School,,,,,,,,2023
Mississippi State,21.0,13.0,0.618,11.43,6.69,2234.0,2073.0,2023
Mississippi Valley State,5.0,27.0,0.156,-18.28,-4.56,1953.0,2392.0,2023
Missouri,25.0,10.0,0.714,11.41,6.89,2762.0,2604.0,2023
Missouri State,17.0,15.0,0.531,0.35,-1.0,2098.0,2021.0,2023
Monmouth,7.0,26.0,0.212,-15.64,-2.61,2036.0,2466.0,2023
Montana,17.0,14.0,0.548,-1.15,-1.85,2147.0,2114.0,2023
Montana State,25.0,10.0,0.714,2.18,-1.43,2588.0,2342.0,2023
Morehead State,22.0,12.0,0.647,-7.1,-5.07,2374.0,2266.0,2023
Morgan State,15.0,16.0,0.484,-11.58,-6.1,2323.0,2242.0,2023
Mount St. Mary's,13.0,20.0,0.394,-8.18,-4.02,2101.0,2212.0,2023
Murray State,17.0,15.0,0.531,-4.45,-1.61,2254.0,2305.0,2023
Navy,18.0,13.0,0.581,-2.79,-6.12,2152.0,2013.0,2023
NC State,23.0,11.0,0.676,12.5,5.58,2643.0,2408.0,2023
Nebraska,16.0,16.0,0.5,7.12,9.02,2175.0,2236.0,2023
Nevada,22.0,11.0,0.667,10.01,6.41,2397.0,2238.0,2023
Nevada-Las Vegas,19.0,13.0,0.594,7.2,5.17,2376.0,2241.0,2023
New Hampshire,15.0,15.0,0.5,-9.05,-5.7,1992.0,2011.0,2023
New Mexico,22.0,12.0,0.647,10.82,5.22,2749.0,2525.0,2023
New Mexico State,9.0,15.0,0.375,-1.56,2.45,1769.0,1720.0,2023
New Orleans,12.0,20.0,0.375,-14.23,-7.36,2340.0,2536.0,2023
nan,,,,,,,,2023
School,,,,,,,,2023
Niagara,16.0,15.0,0.516,-6.78,-4.58,2016.0,2044.0,2023
Nicholls State,16.0,15.0,0.516,-8.54,-5.46,2344.0,2253.0,2023
NJIT,7.0,23.0,0.233,-12.57,-5.61,2008.0,2182.0,2023
Norfolk State,22.0,11.0,0.667,-3.72,-6.62,2501.0,2264.0,2023
North Alabama,18.0,15.0,0.545,-8.65,-3.95,2446.0,2452.0,2023
North Carolina,20.0,13.0,0.606,12.94,7.66,2514.0,2340.0,2023
North Carolina A&T,13.0,19.0,0.406,-11.4,-3.95,2264.0,2362.0,2023
North Carolina Central,18.0,12.0,0.6,-2.91,-6.1,2268.0,1977.0,2023
North Dakota,13.0,20.0,0.394,-7.6,-3.09,2380.0,2438.0,2023
North Dakota State,16.0,17.0,0.485,-4.56,-2.11,2404.0,2414.0,2023
North Florida,14.0,17.0,0.452,-6.75,-2.54,2363.0,2405.0,2023
North Texas,31.0,7.0,0.816,10.71,2.51,2452.0,2121.0,2023
Northeastern,10.0,20.0,0.333,-10.33,-3.96,1959.0,2150.0,2023
Northern Arizona,12.0,23.0,0.343,-3.87,-0.2,2581.0,2615.0,2023
Northern Colorado,12.0,20.0,0.375,-4.65,-0.65,2355.0,2480.0,2023
Northern Illinois,13.0,19.0,0.406,-6.55,-2.65,2304.0,2401.0,2023
Northern Iowa,14.0,18.0,0.438,-2.68,-1.07,2244.0,2238.0,2023
Northern Kentucky,22.0,13.0,0.629,-0.83,-2.89,2372.0,2224.0,2023
Northwestern,22.0,12.0,0.647,13.68,8.71,2303.0,2134.0,2023
Northwestern State,22.0,11.0,0.667,-4.72,-7.04,2463.0,2378.0,2023
nan,,,,,,,,2023
School,,,,,,,,2023
Notre Dame,11.0,21.0,0.344,2.09,4.59,2227.0,2307.0,2023
Oakland,13.0,19.0,0.406,-8.06,-2.9,2347.0,2442.0,2023
Ohio,19.0,14.0,0.576,1.07,-2.68,2602.0,2413.0,2023
Ohio State,16.0,19.0,0.457,12.99,9.45,2538.0,2414.0,2023
Oklahoma,15.0,17.0,0.469,11.38,11.25,2165.0,2161.0,2023
Oklahoma State,20.0,16.0,0.556,12.62,10.18,2458.0,2370.0,2023
Old Dominion,19.0,12.0,0.613,-0.41,-0.64,2073.0,2052.0,2023
Omaha,9.0,23.0,0.281,-10.8,-1.83,2192.0,2438.0,2023
Oral Roberts,30.0,5.0,0.857,8.55,-2.84,2915.0,2458.0,2023
Oregon,21.0,15.0,0.583,13.83,9.5,2542.0,2386.0,2023
Oregon State,11.0,21.0,0.344,0.08,6.6,1959.0,2144.0,2023
Pacific,15.0,18.0,0.455,-0.56,2.05,2502.0,2565.0,2023
Penn State,23.0,14.0,0.622,13.04,9.02,2673.0,2524.0,2023
Pennsylvania,17.0,13.0,0.567,0.85,-1.11,2249.0,2160.0,2023
Pepperdine,9.0,22.0,0.29,-0.12,4.71,2417.0,2520.0,2023
Pittsburgh,24.0,12.0,0.667,10.59,5.2,2704.0,2510.0,2023
Portland,14.0,19.0,0.424,1.68,4.13,2566.0,2594.0,2023
Portland State,12.0,19.0,0.387,-5.17,-0.58,2363.0,2340.0,2023
Prairie View,13.0,19.0,0.406,-8.92,-6.58,2168.0,2196.0,2023
Presbyterian,5.0,27.0,0.156,-13.55,-5.02,2021.0,2223.0,2023
nan,,,,,,,,2023
School,,,,,,,,2023
Princeton,23.0,9.0,0.719,4.76,-0.97,2416.0,2192.0,2023
Providence,21.0,12.0,0.636,12.89,6.55,2552.0,2343.0,2023
Purdue,29.0,6.0,0.829,18.23,8.31,2543.0,2196.0,2023
Purdue Fort Wayne,17.0,15.0,0.531,-5.46,-4.96,2364.0,2234.0,2023
Queens (NC),18.0,15.0,0.545,-4.16,-4.26,2564.0,2463.0,2023
Quinnipiac,20.0,12.0,0.625,-2.43,-5.2,2335.0,2231.0,2023
Radford,21.0,15.0,0.583,-1.86,-3.86,2496.0,2332.0,2023
Rhode Island,9.0,22.0,0.29,-4.16,0.49,2046.0,2190.0,2023
Rice,19.0,16.0,0.543,-1.95,1.4,2693.0,2680.0,2023
Richmond,15.0,18.0,0.455,1.43,0.34,2273.0,2237.0,2023
Rider,16.0,14.0,0.533,-3.49,-4.9,2105.0,2027.0,2023
Robert Morris,16.0,17.0,0.485,-5.83,-5.57,2287.0,2205.0,2023
Rutgers,19.0,15.0,0.559,14.58,7.31,2326.0,2079.0,2023
Sacramento State,14.0,18.0,0.438,-4.63,-1.6,2114.0,2169.0,2023
Sacred Heart,16.0,17.0,0.485,-12.78,-10.91,2332.0,2351.0,2023
Saint Francis (PA),13.0,18.0,0.419,-13.41,-9.27,2263.0,2286.0,2023
Saint Joseph's,16.0,17.0,0.485,-0.33,-0.3,2388.0,2389.0,2023
Saint Louis,21.0,12.0,0.636,6.04,2.85,2493.0,2348.0,2023
Saint Mary's (CA),27.0,8.0,0.771,17.41,7.18,2473.0,2105.0,2023
Saint Peter's,14.0,18.0,0.438,-9.9,-5.25,1986.0,2083.0,2023
nan,,,,,,,,2023
School,,,,,,,,2023
Sam Houston,26.0,8.0,0.765,7.15,1.08,2454.0,2015.0,2023
Samford,21.0,11.0,0.656,0.5,-4.36,2519.0,2290.0,2023
San Diego,11.0,20.0,0.355,-2.06,3.28,2391.0,2495.0,2023
San Diego State,32.0,7.0,0.821,15.81,8.92,2775.0,2475.0,2023
San Francisco,20.0,14.0,0.588,6.0,3.63,2591.0,2496.0,2023
San Jose State,21.0,14.0,0.6,5.17,4.52,2362.0,2318.0,2023
Santa Clara,23.0,10.0,0.697,8.55,5.05,2538.0,2413.0,2023
Seattle,20.0,12.0,0.625,0.91,0.67,2303.0,2209.0,2023
Seton Hall,17.0,16.0,0.515,11.0,8.5,2256.0,2149.0,2023
Siena,17.0,15.0,0.531,-3.44,-4.82,2195.0,2151.0,2023
South Alabama,19.0,16.0,0.543,3.58,-0.49,2483.0,2282.0,2023
South Carolina,11.0,21.0,0.344,-2.28,6.0,2059.0,2324.0,2023
South Carolina State,5.0,26.0,0.161,-16.73,-4.13,2274.0,2599.0,2023
South Carolina Upstate,16.0,16.0,0.5,-7.44,-3.81,2198.0,2225.0,2023
South Dakota,12.0,19.0,0.387,-9.87,-3.32,2149.0,2282.0,2023
South Dakota State,19.0,13.0,0.594,-1.82,-2.07,2270.0,2233.0,2023
South Florida,14.0,18.0,0.438,1.95,1.95,2303.0,2303.0,2023
Southeast Missouri State,19.0,17.0,0.528,-7.4,-6.81,2789.0,2734.0,2023
Southeastern Louisiana,18.0,14.0,0.563,-8.0,-6.73,2483.0,2432.0,2023
Southern,15.0,17.0,0.469,-8.57,-6.5,2300.0,2280.0,2023
nan,,,,,,,,2023
School,,,,,,,,2023
Southern California,22.0,11.0,0.667,13.06,8.0,2391.0,2224.0,2023
Southern Illinois,23.0,10.0,0.697,1.15,-2.14,2168.0,2026.0,2023
SIU Edwardsville,19.0,14.0,0.576,-6.45,-7.52,2463.0,2353.0,2023
Southern Indiana,16.0,17.0,0.485,-8.87,-7.13,2500.0,2447.0,2023
Southern Methodist,10.0,22.0,0.313,-0.12,5.2,2248.0,2418.0,2023
Southern Mississippi,25.0,8.0,0.758,3.31,-1.56,2436.0,2182.0,2023
Southern Utah,24.0,13.0,0.649,3.39,1.42,3064.0,2764.0,2023
St. Bonaventure,14.0,18.0,0.438,-1.32,-0.41,2136.0,2165.0,2023
St. Francis (NY),14.0,16.0,0.467,-16.49,-11.17,1946.0,2034.0,2023
St. John's (NY),18.0,15.0,0.545,8.64,6.49,2552.0,2481.0,2023
St. Thomas,19.0,14.0,0.576,-3.1,-4.65,2447.0,2316.0,2023
Stanford,14.0,19.0,0.424,9.64,7.67,2321.0,2256.0,2023
Stephen F. Austin,19.0,13.0,0.594,0.73,-0.69,2427.0,2238.0,2023
Stetson,17.0,14.0,0.548,-2.83,-2.69,2381.0,2287.0,2023
Stonehill,14.0,17.0,0.452,-12.86,-8.59,2076.0,2157.0,2023
Stony Brook,11.0,22.0,0.333,-12.45,-4.13,2083.0,2279.0,2023
Syracuse,17.0,15.0,0.531,5.39,4.17,2372.0,2333.0,2023
Tarleton State,17.0,17.0,0.5,-0.76,1.71,2446.0,2308.0,2023
TCU,22.0,13.0,0.629,15.61,8.78,2634.0,2395.0,2023
Temple,16.0,16.0,0.5,4.68,5.3,2227.0,2247.0,2023
nan,,,,,,,,2023
School,,,,,,,,2023
Tennessee,25.0,11.0,0.694,20.84,7.98,2547.0,2084.0,2023
Tennessee State,18.0,14.0,0.563,-9.01,-8.94,2499.0,2401.0,2023
Tennessee Tech,16.0,17.0,0.485,-9.4,-6.37,2432.0,2421.0,2023
Tennessee-Martin,19.0,14.0,0.576,-8.67,-7.91,2658.0,2489.0,2023
Texas,29.0,9.0,0.763,20.56,10.43,2963.0,2578.0,2023
Texas A&M,25.0,10.0,0.714,13.76,7.42,2549.0,2327.0,2023
Texas A&M-Corpus Christi,24.0,11.0,0.686,-2.57,-7.02,2803.0,2561.0,2023
Texas Southern,14.0,21.0,0.4,-10.56,-5.05,2422.0,2518.0,2023
Texas State,16.0,19.0,0.457,-2.32,-0.7,2309.0,2334.0,2023
Texas Tech,16.0,16.0,0.5,12.58,8.24,2347.0,2208.0,2023
Texas-Rio Grande Valley,15.0,17.0,0.469,-6.48,-0.55,2518.0,2502.0,2023
The Citadel,10.0,22.0,0.313,-12.13,-3.77,2158.0,2374.0,2023
Toledo,27.0,8.0,0.771,5.76,-2.57,2989.0,2691.0,2023
Towson,21.0,12.0,0.636,0.24,-4.79,2368.0,2202.0,2023
Troy,20.0,13.0,0.606,1.39,-1.25,2414.0,2204.0,2023
Tulane,20.0,11.0,0.645,5.46,2.69,2478.0,2392.0,2023
Tulsa,5.0,25.0,0.167,-8.48,3.66,1959.0,2323.0,2023
UAB,29.0,10.0,0.744,10.96,1.7,3149.0,2740.0,2023
UC Davis,18.0,14.0,0.563,-0.31,-1.74,2392.0,2274.0,2023
UC Irvine,23.0,12.0,0.657,4.16,-0.6,2617.0,2352.0,2023
nan,,,,,,,,2023
School,,,,,,,,2023
UC Riverside,22.0,12.0,0.647,0.72,-0.34,2463.0,2352.0,2023
UC San Diego,10.0,20.0,0.333,-6.94,-0.76,2057.0,2189.0,2023
UC Santa Barbara,27.0,8.0,0.771,3.3,-2.03,2510.0,2305.0,2023
UCF,19.0,15.0,0.559,11.09,5.09,2432.0,2228.0,2023
UCLA,31.0,6.0,0.838,22.11,8.66,2743.0,2245.0,2023
UNC Asheville,27.0,8.0,0.771,-1.74,-4.35,2604.0,2418.0,2023
UNC Greensboro,20.0,12.0,0.625,1.66,-2.91,2306.0,2064.0,2023
UNC Wilmington,24.0,10.0,0.706,-1.17,-3.05,2343.0,2187.0,2023
UT Arlington,11.0,21.0,0.344,-4.98,2.12,2125.0,2190.0,2023
Utah,17.0,15.0,0.531,11.34,6.53,2197.0,2043.0,2023
Utah State,26.0,9.0,0.743,14.23,6.81,2736.0,2446.0,2023
Utah Tech,14.0,19.0,0.424,-0.16,1.01,2495.0,2420.0,2023
Utah Valley,28.0,9.0,0.757,8.48,1.83,2863.0,2538.0,2023
UTEP,14.0,18.0,0.438,-0.74,1.82,2192.0,2192.0,2023
UTSA,10.0,22.0,0.313,-7.74,1.16,2217.0,2450.0,2023
Valparaiso,11.0,21.0,0.344,-8.72,-2.75,2206.0,2355.0,2023
Vanderbilt,22.0,15.0,0.595,8.98,8.55,2661.0,2645.0,2023
Vermont,23.0,11.0,0.676,1.63,-3.13,2471.0,2276.0,2023
Villanova,17.0,17.0,0.5,10.61,8.69,2366.0,2301.0,2023
Virginia,25.0,8.0,0.758,13.28,5.98,2237.0,1996.0,2023
nan,,,,,,,,2023
School,,,,,,,,2023
Virginia Commonwealth,27.0,8.0,0.771,9.89,1.95,2480.0,2202.0,2023
VMI,7.0,25.0,0.219,-16.14,-3.45,2220.0,2457.0,2023
Virginia Tech,19.0,15.0,0.559,9.36,5.3,2521.0,2383.0,2023
Wagner,15.0,13.0,0.536,-11.81,-10.85,1766.0,1727.0,2023
Wake Forest,19.0,14.0,0.576,8.25,5.43,2528.0,2435.0,2023
Washington,16.0,16.0,0.5,6.78,7.94,2213.0,2250.0,2023
Washington State,17.0,17.0,0.5,10.53,7.91,2324.0,2235.0,2023
Weber State,18.0,15.0,0.545,-2.94,-1.33,2219.0,2229.0,2023
West Virginia,19.0,15.0,0.559,15.95,10.89,2583.0,2411.0,2023
Western Carolina,18.0,16.0,0.529,-6.34,-4.08,2513.0,2405.0,2023
Western Illinois,16.0,14.0,0.533,-7.59,-4.73,2191.0,2171.0,2023
Western Kentucky,17.0,16.0,0.515,-0.81,1.09,2355.0,2330.0,2023
Western Michigan,8.0,23.0,0.258,-10.55,-2.34,2166.0,2295.0,2023
Wichita State,17.0,15.0,0.531,5.78,3.25,2272.0,2191.0,2023
William & Mary,13.0,20.0,0.394,-10.99,-4.18,2219.0,2320.0,2023
Winthrop,15.0,17.0,0.469,-6.63,-3.59,2360.0,2382.0,2023
Wisconsin,20.0,15.0,0.571,10.98,9.29,2284.0,2225.0,2023
Wofford,17.0,16.0,0.515,-5.02,-3.32,2466.0,2392.0,2023
Wright State,18.0,15.0,0.545,-2.34,-5.89,2637.0,2432.0,2023
Wyoming,9.0,22.0,0.29,2.02,6.12,2144.0,2234.0,2023
nan,,,,,,,,2023
School,,,,,,,,2023
Xavier,27.0,10.0,0.73,16.03,9.16,2995.0,2741.0,2023
Yale,21.0,9.0,0.7,7.81,-1.62,2273.0,1897.0,2023
Youngstown State,24.0,10.0,0.706,1.67,-5.83,2785.0,2465.0,2023
Abilene Christian,16.0,18.0,0.471,-4.12,-1.12,2452.0,2500.0,2024
Air Force,9.0,22.0,0.29,-4.77,1.43,2051.0,2243.0,2024
Akron,24.0,11.0,0.686,2.77,-2.08,2577.0,2316.0,2024
Alabama,25.0,12.0,0.676,20.69,11.8,3335.0,3006.0,2024
Alabama A&M,12.0,23.0,0.343,-14.35,-7.52,2414.0,2653.0,2024
Alabama State,13.0,19.0,0.406,-11.73,-6.87,2195.0,2221.0,2024
Albany (NY),13.0,19.0,0.406,-6.6,-5.22,2517.0,2521.0,2024
Alcorn State,14.0,18.0,0.438,-11.58,-5.61,2300.0,2477.0,2024
American,16.0,16.0,0.5,-8.96,-8.79,2200.0,2176.0,2024
Appalachian State,27.0,7.0,0.794,6.04,-2.34,2665.0,2283.0,2024
Arizona,27.0,9.0,0.75,24.54,9.45,3137.0,2594.0,2024
Arizona State,14.0,18.0,0.438,4.58,9.55,2209.0,2368.0,2024
Arkansas,16.0,17.0,0.485,6.12,8.15,2566.0,2633.0,2024
Arkansas State,20.0,17.0,0.541,0.28,-1.53,2917.0,2850.0,2024
Arkansas-Pine Bluff,13.0,18.0,0.419,-15.56,-7.6,2483.0,2536.0,2024
Army,10.0,22.0,0.313,-14.67,-8.93,1930.0,2059.0,2024
Auburn,27.0,8.0,0.771,22.46,7.66,2909.0,2391.0,2024
Austin Peay,19.0,16.0,0.543,-6.13,-4.85,2619.0,2561.0,2024
Ball State,15.0,16.0,0.484,-6.68,-5.93,2280.0,2200.0,2024
Baylor,24.0,11.0,0.686,19.5,10.71,2814.0,2489.0,2024
nan,,,,,,,,2024
School,,,,,,,,2024
Bellarmine,8.0,23.0,0.258,-11.79,-2.47,2153.0,2320.0,2024
Belmont,20.0,13.0,0.606,2.79,1.44,2570.0,2493.0,2024
Bethune-Cookman,17.0,17.0,0.5,-11.87,-8.87,2479.0,2467.0,2024
Binghamton,15.0,15.0,0.5,-9.29,-5.21,2163.0,2167.0,2024
Boise State,22.0,11.0,0.667,13.31,7.35,2479.0,2221.0,2024
Boston College,20.0,16.0,0.556,9.48,7.25,2667.0,2587.0,2024
Boston University,16.0,17.0,0.485,-9.93,-8.49,2193.0,2198.0,2024
Bowling Green,20.0,14.0,0.588,-4.93,-5.52,2502.0,2414.0,2024
Bradley,23.0,12.0,0.657,9.48,2.96,2592.0,2348.0,2024
Brigham Young,23.0,11.0,0.676,19.33,7.86,2768.0,2378.0,2024
Brown,13.0,18.0,0.419,-3.6,-1.73,2212.0,2227.0,2024
Bryant,20.0,13.0,0.606,-3.06,-3.54,2598.0,2488.0,2024
Bucknell,14.0,19.0,0.424,-8.33,-6.39,2153.0,2217.0,2024
Buffalo,4.0,27.0,0.129,-15.12,-2.82,2108.0,2471.0,2024
Butler,18.0,15.0,0.545,12.18,9.49,2544.0,2432.0,2024
Cal Poly,4.0,28.0,0.125,-13.64,-2.28,2037.0,2371.0,2024
Cal State Bakersfield,13.0,19.0,0.406,-5.37,-2.17,2199.0,2214.0,2024
Cal State Fullerton,14.0,18.0,0.438,-5.15,-1.15,2172.0,2212.0,2024
Cal State Northridge,19.0,15.0,0.559,-4.78,-4.13,2551.0,2503.0,2024
California,13.0,19.0,0.406,4.94,8.0,2367.0,2465.0,2024
nan,,,,,,,,2024
School,,,,,,,,2024
California Baptist,16.0,17.0,0.485,-2.32,-2.26,2222.0,2197.0,2024
Campbell,14.0,18.0,0.438,-10.62,-5.66,2272.0,2307.0,2024
Canisius,14.0,18.0,0.438,-7.95,-4.89,2252.0,2307.0,2024
Central Arkansas,9.0,23.0,0.281,-15.7,-5.64,2309.0,2502.0,2024
Central Connecticut State,20.0,11.0,0.645,-8.15,-10.15,2237.0,2061.0,2024
Central Michigan,18.0,14.0,0.563,-8.07,-3.59,2127.0,2242.0,2024
Charleston Southern,10.0,20.0,0.333,-12.03,-1.59,2028.0,2210.0,2024
Charlotte,19.0,12.0,0.613,4.09,2.42,2131.0,2034.0,2024
Chattanooga,21.0,12.0,0.636,-0.21,-3.85,2581.0,2362.0,2024
Chicago State,13.0,19.0,0.406,-9.34,-3.03,2224.0,2258.0,2024
Cincinnati,22.0,15.0,0.595,15.06,8.49,2765.0,2522.0,2024
Clemson,24.0,12.0,0.667,16.2,10.04,2785.0,2563.0,2024
Cleveland State,21.0,15.0,0.583,-3.47,-4.44,2717.0,2622.0,2024
Coastal Carolina,9.0,22.0,0.29,-10.47,-2.88,2280.0,2434.0,2024
Colgate,25.0,10.0,0.714,-0.31,-5.55,2498.0,2242.0,2024
College of Charleston,27.0,8.0,0.771,4.09,-2.38,2832.0,2575.0,2024
Colorado,26.0,11.0,0.703,15.95,8.36,2935.0,2654.0,2024
Colorado State,25.0,11.0,0.694,13.4,7.28,2707.0,2422.0,2024
Columbia,13.0,14.0,0.481,-5.43,-3.72,2078.0,1956.0,2024
Connecticut,37.0,3.0,0.925,26.7,8.7,3256.0,2536.0,2024
nan,,,,,,,,2024
School,,,,,,,,2024
Coppin State,2.0,27.0,0.069,-21.46,-6.49,1678.0,2112.0,2024
Cornell,22.0,8.0,0.733,3.58,-1.59,2463.0,2241.0,2024
Creighton,25.0,10.0,0.714,20.07,9.53,2815.0,2446.0,2024
Dartmouth,6.0,21.0,0.222,-13.99,-1.31,1670.0,1940.0,2024
Davidson,15.0,17.0,0.469,3.63,3.3,2242.0,2174.0,2024
Dayton,25.0,8.0,0.758,13.45,5.73,2448.0,2193.0,2024
Delaware,19.0,14.0,0.576,-1.68,-4.3,2416.0,2299.0,2024
Delaware State,15.0,19.0,0.441,-10.51,-7.58,2401.0,2415.0,2024
Denver,17.0,17.0,0.5,-7.39,-4.82,2755.0,2737.0,2024
DePaul,3.0,29.0,0.094,-6.23,10.8,2071.0,2616.0,2024
Detroit Mercy,1.0,31.0,0.031,-16.9,-2.62,2111.0,2568.0,2024
Drake,28.0,7.0,0.8,11.08,1.84,2797.0,2463.0,2024
Drexel,20.0,12.0,0.625,1.14,-3.64,2346.0,2130.0,2024
Duke,27.0,9.0,0.75,20.67,8.36,2830.0,2387.0,2024
Duquesne,25.0,12.0,0.676,7.35,4.68,2611.0,2467.0,2024
East Carolina,15.0,18.0,0.455,-0.62,1.32,2287.0,2319.0,2024
East Tennessee State,19.0,16.0,0.543,-3.11,-2.74,2502.0,2435.0,2024
East Texas A&M,13.0,20.0,0.394,-14.52,-5.19,2361.0,2462.0,2024
Eastern Illinois,14.0,18.0,0.438,-11.6,-6.5,2204.0,2172.0,2024
Eastern Kentucky,17.0,14.0,0.548,-5.42,-4.49,2504.0,2371.0,2024
nan,,,,,,,,2024
School,,,,,,,,2024
Eastern Michigan,13.0,18.0,0.419,-12.76,-5.07,2047.0,2252.0,2024
Eastern Washington,21.0,11.0,0.656,-1.03,-2.99,2586.0,2407.0,2024
Elon,13.0,19.0,0.406,-11.43,-5.46,2339.0,2413.0,2024
Evansville,17.0,18.0,0.486,-3.69,0.75,2481.0,2562.0,2024
Fairfield,24.0,13.0,0.649,-3.17,-6.53,2794.0,2626.0,2024
FDU,15.0,17.0,0.469,-14.41,-9.27,2430.0,2482.0,2024
Florida,24.0,12.0,0.667,15.17,8.81,3080.0,2851.0,2024
Florida A&M,6.0,23.0,0.207,-15.82,-4.19,1949.0,2240.0,2024
Florida Atlantic,25.0,9.0,0.735,13.26,4.61,2789.0,2495.0,2024
Florida Gulf Coast,14.0,18.0,0.438,-6.28,-3.94,2253.0,2276.0,2024
Florida International,11.0,22.0,0.333,-8.01,-2.17,2429.0,2525.0,2024
Florida State,17.0,16.0,0.515,9.52,9.27,2526.0,2518.0,2024
Fordham,13.0,20.0,0.394,-0.46,1.48,2325.0,2389.0,2024
Fresno State,12.0,21.0,0.364,-3.29,3.5,2233.0,2439.0,2024
Furman,17.0,16.0,0.515,0.21,-1.93,2623.0,2506.0,2024
Gardner-Webb,17.0,16.0,0.515,-4.66,-1.73,2426.0,2414.0,2024
George Mason,20.0,12.0,0.625,6.36,1.85,2273.0,2109.0,2024
George Washington,15.0,17.0,0.469,-1.03,-0.06,2457.0,2472.0,2024
Georgetown,9.0,23.0,0.281,0.68,7.72,2267.0,2492.0,2024
Georgia,20.0,17.0,0.541,8.63,8.63,2764.0,2764.0,2024
nan,,,,,,,,2024
School,,,,,,,,2024
Georgia Southern,9.0,24.0,0.273,-8.44,-2.53,2420.0,2615.0,2024
Georgia State,14.0,17.0,0.452,-4.59,-2.59,2370.0,2319.0,2024
Georgia Tech,14.0,18.0,0.438,4.6,8.82,2272.0,2407.0,2024
Gonzaga,27.0,8.0,0.771,17.93,4.02,2959.0,2420.0,2024
Grambling,21.0,15.0,0.583,-9.63,-5.48,2436.0,2506.0,2024
Grand Canyon,30.0,5.0,0.857,10.45,-0.52,2769.0,2346.0,2024
Green Bay,18.0,14.0,0.563,-5.64,-4.07,2209.0,2207.0,2024
Hampton,9.0,24.0,0.273,-15.82,-5.29,2369.0,2520.0,2024
Harvard,14.0,13.0,0.519,-4.58,-2.08,1900.0,1937.0,2024
Hawaii,20.0,14.0,0.588,-0.07,-2.57,2458.0,2337.0,2024
High Point,27.0,9.0,0.75,2.15,-4.83,3020.0,2680.0,2024
Hofstra,20.0,13.0,0.606,2.31,-1.98,2449.0,2259.0,2024
Holy Cross,10.0,23.0,0.303,-17.12,-7.87,2194.0,2462.0,2024
Houston,32.0,5.0,0.865,25.69,9.8,2720.0,2132.0,2024
Houston Christian,6.0,23.0,0.207,-19.37,-3.89,2074.0,2420.0,2024
Howard,18.0,17.0,0.514,-8.69,-8.02,2623.0,2600.0,2024
Idaho,11.0,21.0,0.344,-11.29,-4.69,2170.0,2278.0,2024
Idaho State,14.0,20.0,0.412,-7.49,-5.11,2397.0,2383.0,2024
Illinois,29.0,9.0,0.763,19.56,9.54,3168.0,2787.0,2024
Illinois State,15.0,17.0,0.469,-1.38,0.43,2128.0,2165.0,2024
nan,,,,,,,,2024
School,,,,,,,,2024
Illinois-Chicago,12.0,21.0,0.364,-1.61,1.3,2319.0,2361.0,2024
Incarnate Word,8.0,23.0,0.258,-16.4,-7.92,2240.0,2436.0,2024
Indiana,19.0,14.0,0.576,7.74,9.74,2386.0,2452.0,2024
Indiana State,32.0,7.0,0.821,13.44,2.26,3309.0,2854.0,2024
Iona,16.0,17.0,0.485,-5.19,-5.95,2354.0,2329.0,2024
Iowa,19.0,15.0,0.559,13.0,9.26,2827.0,2700.0,2024
Iowa State,29.0,8.0,0.784,22.3,8.51,2787.0,2277.0,2024
IU Indy,6.0,26.0,0.188,-21.31,-4.62,2108.0,2554.0,2024
Jackson State,15.0,17.0,0.469,-11.5,-7.15,2279.0,2418.0,2024
Jacksonville,16.0,17.0,0.485,-9.84,-4.87,2371.0,2389.0,2024
Jacksonville State,14.0,18.0,0.438,-3.55,-3.14,2240.0,2126.0,2024
James Madison,32.0,4.0,0.889,8.19,-3.75,2995.0,2506.0,2024
Kansas,23.0,11.0,0.676,16.35,11.32,2569.0,2376.0,2024
Kansas City,16.0,16.0,0.5,-5.32,-4.5,2300.0,2217.0,2024
Kansas State,19.0,15.0,0.559,11.06,9.97,2454.0,2417.0,2024
Kennesaw State,15.0,16.0,0.484,-8.02,-5.84,2568.0,2504.0,2024
Kent State,17.0,17.0,0.5,-0.76,-2.54,2544.0,2424.0,2024
Kentucky,23.0,10.0,0.697,16.79,7.46,2938.0,2630.0,2024
La Salle,16.0,17.0,0.485,-1.62,0.85,2398.0,2411.0,2024
Lafayette,11.0,21.0,0.344,-11.17,-6.01,2010.0,2154.0,2024
nan,,,,,,,,2024
School,,,,,,,,2024
Lamar,19.0,14.0,0.576,-5.47,-8.28,2568.0,2406.0,2024
Le Moyne,15.0,17.0,0.469,-11.07,-9.55,2318.0,2245.0,2024
Lehigh,14.0,18.0,0.438,-7.47,-6.6,2326.0,2272.0,2024
Liberty,18.0,14.0,0.563,1.58,-1.56,2362.0,2096.0,2024
Lindenwood,9.0,22.0,0.29,-18.73,-7.23,2019.0,2266.0,2024
Lipscomb,20.0,12.0,0.625,-1.94,-5.04,2626.0,2448.0,2024
Little Rock,21.0,13.0,0.618,-3.42,-8.24,2628.0,2464.0,2024
Long Beach State,21.0,15.0,0.583,-1.19,-1.19,2786.0,2735.0,2024
Long Island University,7.0,22.0,0.241,-17.86,-7.58,1929.0,2227.0,2024
Longwood,21.0,14.0,0.6,-2.04,-4.76,2615.0,2396.0,2024
Louisiana,19.0,14.0,0.576,-0.6,-2.67,2504.0,2365.0,2024
Louisiana State,17.0,16.0,0.515,8.14,6.75,2520.0,2474.0,2024
Louisiana Tech,22.0,10.0,0.688,4.83,-1.69,2392.0,2065.0,2024
Louisiana-Monroe,11.0,19.0,0.367,-10.05,-2.44,2096.0,2233.0,2024
Louisville,8.0,24.0,0.25,0.45,7.51,2304.0,2530.0,2024
Loyola (IL),23.0,10.0,0.697,6.57,2.42,2412.0,2228.0,2024
Loyola (MD),7.0,25.0,0.219,-16.17,-6.94,2049.0,2301.0,2024
Loyola Marymount,12.0,19.0,0.387,-0.06,0.31,2244.0,2214.0,2024
Maine,15.0,17.0,0.469,-6.39,-4.87,2164.0,2159.0,2024
Manhattan,7.0,23.0,0.233,-15.28,-4.86,1985.0,2275.0,2024
nan,,,,,,,,2024
School,,,,,,,,2024
Marist,18.0,13.0,0.581,-5.64,-8.09,2004.0,1928.0,2024
Marquette,27.0,10.0,0.73,19.27,11.02,2888.0,2583.0,2024
Marshall,13.0,20.0,0.394,-5.42,-1.39,2435.0,2531.0,2024
Maryland,16.0,17.0,0.485,10.6,7.44,2278.0,2174.0,2024
Maryland-Baltimore County,11.0,21.0,0.344,-8.67,-5.93,2517.0,2583.0,2024
Maryland-Eastern Shore,9.0,20.0,0.31,-17.33,-6.33,1890.0,2046.0,2024
Massachusetts,20.0,11.0,0.645,7.59,0.88,2401.0,2193.0,2024
Massachusetts-Lowell,22.0,10.0,0.688,-1.28,-6.07,2561.0,2261.0,2024
McNeese State,30.0,4.0,0.882,6.42,-6.81,2719.0,2116.0,2024
Memphis,22.0,10.0,0.688,9.0,4.25,2576.0,2424.0,2024
Mercer,16.0,17.0,0.485,-4.65,-2.55,2348.0,2371.0,2024
Merrimack,21.0,12.0,0.636,-5.24,-8.43,2283.0,2159.0,2024
Miami (FL),15.0,17.0,0.469,9.59,7.46,2424.0,2356.0,2024
Miami (OH),15.0,17.0,0.469,-6.45,-4.08,2259.0,2241.0,2024
Michigan,8.0,24.0,0.25,5.28,11.34,2334.0,2528.0,2024
Michigan State,20.0,15.0,0.571,17.72,10.89,2551.0,2312.0,2024
Middle Tennessee,14.0,19.0,0.424,-7.45,-0.52,2167.0,2319.0,2024
Milwaukee,20.0,15.0,0.571,-5.01,-4.47,2782.0,2753.0,2024
Minnesota,19.0,15.0,0.559,9.51,6.4,2550.0,2444.0,2024
Mississippi,20.0,12.0,0.625,8.3,7.27,2398.0,2365.0,2024
nan,,,,,,,,2024
School,,,,,,,,2024
Mississippi State,21.0,14.0,0.6,14.19,9.16,2593.0,2417.0,2024
Mississippi Valley State,1.0,30.0,0.032,-26.17,-3.91,1719.0,2409.0,2024
Missouri,8.0,24.0,0.25,3.27,7.3,2309.0,2438.0,2024
Missouri State,17.0,16.0,0.515,0.98,1.01,2351.0,2352.0,2024
Monmouth,18.0,15.0,0.545,-3.17,-2.98,2390.0,2396.0,2024
Montana,24.0,12.0,0.667,-1.41,-4.11,2768.0,2586.0,2024
Montana State,17.0,18.0,0.486,-5.34,-4.46,2635.0,2606.0,2024
Morehead State,26.0,9.0,0.743,0.51,-5.52,2635.0,2220.0,2024
Morgan State,11.0,20.0,0.355,-16.07,-5.9,2253.0,2402.0,2024
Mount St. Mary's,13.0,19.0,0.406,-6.54,-7.45,2327.0,2298.0,2024
Murray State,12.0,20.0,0.375,0.36,1.59,2232.0,2237.0,2024
Navy,13.0,18.0,0.419,-11.7,-9.54,2060.0,2067.0,2024
NC State,26.0,15.0,0.634,12.81,8.93,3101.0,2942.0,2024
Nebraska,23.0,11.0,0.676,14.36,7.53,2643.0,2411.0,2024
Nevada,26.0,8.0,0.765,12.85,4.58,2582.0,2276.0,2024
Nevada-Las Vegas,21.0,13.0,0.618,8.38,6.25,2501.0,2341.0,2024
New Hampshire,16.0,15.0,0.516,-6.15,-3.61,2298.0,2297.0,2024
New Mexico,26.0,10.0,0.722,15.04,5.38,2916.0,2545.0,2024
New Mexico State,13.0,19.0,0.406,-8.62,0.74,2166.0,2318.0,2024
New Orleans,10.0,23.0,0.303,-16.8,-5.9,2427.0,2622.0,2024
nan,,,,,,,,2024
School,,,,,,,,2024
Niagara,16.0,16.0,0.5,-8.4,-7.21,2319.0,2307.0,2024
Nicholls State,20.0,14.0,0.588,-7.14,-5.37,2512.0,2514.0,2024
NJIT,7.0,21.0,0.25,-14.65,-4.46,1902.0,2101.0,2024
Norfolk State,24.0,11.0,0.686,-5.76,-7.76,2608.0,2364.0,2024
North Alabama,15.0,17.0,0.469,-7.17,-5.0,2447.0,2435.0,2024
North Carolina,29.0,8.0,0.784,21.36,9.9,3032.0,2608.0,2024
North Carolina A&T,7.0,25.0,0.219,-16.31,-3.94,2098.0,2494.0,2024
North Carolina Central,18.0,13.0,0.581,-7.88,-8.84,2375.0,2139.0,2024
North Dakota,18.0,14.0,0.563,-6.24,-6.1,2408.0,2300.0,2024
North Dakota State,15.0,17.0,0.469,-7.57,-3.15,2388.0,2366.0,2024
North Florida,16.0,16.0,0.5,-6.95,-4.84,2496.0,2427.0,2024
North Texas,19.0,15.0,0.559,8.41,4.28,2353.0,2169.0,2024
Northeastern,12.0,20.0,0.375,-6.09,-3.15,2221.0,2315.0,2024
Northern Arizona,14.0,19.0,0.424,-12.17,-4.17,2265.0,2529.0,2024
Northern Colorado,19.0,14.0,0.576,-4.44,-5.25,2617.0,2542.0,2024
Northern Illinois,11.0,20.0,0.355,-9.16,-1.37,2269.0,2399.0,2024
Northern Iowa,19.0,14.0,0.576,3.83,2.86,2417.0,2346.0,2024
Northern Kentucky,18.0,15.0,0.545,-3.66,-3.73,2470.0,2416.0,2024
Northwestern,22.0,12.0,0.647,12.77,8.5,2493.0,2348.0,2024
Northwestern State,9.0,23.0,0.281,-14.42,-6.32,2257.0,2429.0,2024
nan,,,,,,,,2024
School,,,,,,,,2024
Notre Dame,13.0,20.0,0.394,4.94,8.06,2113.0,2216.0,2024
Oakland,24.0,12.0,0.667,2.02,-1.24,2751.0,2634.0,2024
Ohio,20.0,13.0,0.606,0.48,-4.58,2551.0,2309.0,2024
Ohio State,22.0,14.0,0.611,13.64,8.37,2718.0,2528.0,2024
Oklahoma,20.0,12.0,0.625,14.66,8.07,2412.0,2201.0,2024
Oklahoma State,12.0,20.0,0.375,6.25,7.97,2272.0,2327.0,2024
Old Dominion,7.0,25.0,0.219,-8.35,-1.58,2268.0,2464.0,2024
Omaha,15.0,18.0,0.455,-7.38,-5.07,2441.0,2404.0,2024
Oral Roberts,12.0,19.0,0.387,-7.43,-2.6,2275.0,2334.0,2024
Oregon,24.0,12.0,0.667,12.22,8.91,2721.0,2602.0,2024
Oregon State,13.0,19.0,0.406,3.28,8.38,2204.0,2326.0,2024
Pacific,6.0,26.0,0.188,-17.42,-0.15,2071.0,2553.0,2024
Penn State,16.0,17.0,0.485,9.22,7.52,2478.0,2422.0,2024
Pennsylvania,11.0,18.0,0.379,-3.33,0.26,2159.0,2157.0,2024
Pepperdine,13.0,20.0,0.394,-2.14,0.7,2403.0,2443.0,2024
Pittsburgh,22.0,11.0,0.667,14.89,6.92,2495.0,2232.0,2024
Portland,12.0,21.0,0.364,-8.2,1.54,2360.0,2622.0,2024
Portland State,17.0,15.0,0.531,-7.15,-4.94,2302.0,2299.0,2024
Prairie View,10.0,21.0,0.323,-15.41,-6.92,2176.0,2368.0,2024
Presbyterian,14.0,19.0,0.424,-8.13,-5.57,2469.0,2413.0,2024
nan,,,,,,,,2024
School,,,,,,,,2024
Princeton,24.0,5.0,0.828,6.55,-1.6,2235.0,1932.0,2024
Providence,21.0,14.0,0.6,12.56,8.93,2534.0,2407.0,2024
Purdue,34.0,5.0,0.872,24.93,11.6,3211.0,2691.0,2024
Purdue Fort Wayne,23.0,13.0,0.639,-0.74,-6.09,2886.0,2577.0,2024
Queens (NC),14.0,19.0,0.424,-8.75,-3.49,2643.0,2693.0,2024
Quinnipiac,24.0,10.0,0.706,-3.08,-7.32,2630.0,2422.0,2024
Radford,16.0,17.0,0.485,-5.66,-3.47,2377.0,2361.0,2024
Rhode Island,12.0,20.0,0.375,-2.26,2.87,2322.0,2443.0,2024
Rice,11.0,21.0,0.344,-3.22,1.97,2304.0,2421.0,2024
Richmond,23.0,10.0,0.697,7.67,2.09,2372.0,2188.0,2024
Rider,15.0,17.0,0.469,-5.73,-4.28,2309.0,2308.0,2024
Robert Morris,10.0,22.0,0.313,-9.57,-4.31,2326.0,2425.0,2024
Rutgers,15.0,17.0,0.469,7.41,8.57,2092.0,2129.0,2024
Sacramento State,10.0,24.0,0.294,-10.87,-3.71,2282.0,2394.0,2024
Sacred Heart,16.0,16.0,0.5,-9.91,-9.45,2372.0,2313.0,2024
Saint Francis (PA),8.0,22.0,0.267,-18.6,-8.14,1955.0,2181.0,2024
Saint Joseph's,21.0,14.0,0.6,6.59,1.67,2641.0,2469.0,2024
Saint Louis,13.0,20.0,0.394,-1.57,4.15,2473.0,2620.0,2024
Saint Mary's (CA),26.0,8.0,0.765,16.31,3.46,2516.0,2013.0,2024
Saint Peter's,19.0,14.0,0.576,-4.58,-5.33,2140.0,2113.0,2024
nan,,,,,,,,2024
School,,,,,,,,2024
Sam Houston,21.0,12.0,0.636,-0.37,-1.72,2381.0,2282.0,2024
Samford,29.0,6.0,0.829,6.32,-3.23,3012.0,2607.0,2024
San Diego,18.0,15.0,0.545,-5.31,0.33,2392.0,2550.0,2024
San Diego State,26.0,11.0,0.703,14.68,8.37,2742.0,2467.0,2024
San Francisco,23.0,11.0,0.676,9.68,0.23,2643.0,2262.0,2024
San Jose State,9.0,23.0,0.281,-3.82,3.28,2228.0,2403.0,2024
Santa Clara,20.0,13.0,0.606,5.39,1.73,2538.0,2384.0,2024
Seattle,23.0,14.0,0.622,4.03,-1.64,2730.0,2471.0,2024
Seton Hall,25.0,12.0,0.676,12.67,8.8,2730.0,2587.0,2024
Siena,4.0,28.0,0.125,-19.2,-5.2,1934.0,2382.0,2024
South Alabama,16.0,16.0,0.5,-5.92,-3.37,2367.0,2421.0,2024
South Carolina,26.0,8.0,0.765,10.98,6.48,2450.0,2297.0,2024
South Carolina State,14.0,18.0,0.438,-11.85,-6.18,2245.0,2390.0,2024
South Carolina Upstate,10.0,20.0,0.333,-9.36,-3.02,2130.0,2188.0,2024
South Dakota,12.0,20.0,0.375,-12.55,-5.41,2434.0,2535.0,2024
South Dakota State,22.0,13.0,0.629,0.52,-2.7,2675.0,2490.0,2024
South Florida,25.0,8.0,0.758,7.37,0.97,2499.0,2288.0,2024
Southeast Missouri State,9.0,22.0,0.29,-18.25,-6.55,2078.0,2278.0,2024
Southeastern Louisiana,15.0,17.0,0.469,-11.31,-6.14,2209.0,2271.0,2024
Southern,18.0,14.0,0.563,-8.74,-6.09,2275.0,2198.0,2024
nan,,,,,,,,2024
School,,,,,,,,2024
Southern California,15.0,18.0,0.455,9.36,9.54,2446.0,2452.0,2024
Southern Illinois,19.0,13.0,0.594,4.1,0.52,2325.0,2183.0,2024
SIU Edwardsville,17.0,16.0,0.515,-9.08,-7.54,2360.0,2314.0,2024
Southern Indiana,8.0,24.0,0.25,-13.63,-5.59,2195.0,2335.0,2024
Southern Methodist,20.0,13.0,0.606,10.22,2.56,2535.0,2271.0,2024
Southern Mississippi,16.0,16.0,0.5,-5.93,-2.93,2236.0,2273.0,2024
Southern Utah,10.0,21.0,0.323,-5.72,-1.17,2326.0,2406.0,2024
St. Bonaventure,20.0,13.0,0.606,6.77,1.95,2424.0,2265.0,2024
St. John's (NY),20.0,13.0,0.606,16.49,9.58,2602.0,2374.0,2024
St. Thomas,20.0,13.0,0.606,-0.92,-5.72,2402.0,2140.0,2024
Stanford,14.0,18.0,0.438,7.35,7.48,2443.0,2447.0,2024
Stephen F. Austin,18.0,15.0,0.545,-0.95,-1.76,2463.0,2353.0,2024
Stetson,22.0,13.0,0.629,-5.09,-3.24,2687.0,2566.0,2024
Stonehill,4.0,27.0,0.129,-20.1,-6.1,1967.0,2360.0,2024
Stony Brook,20.0,15.0,0.571,-2.59,-2.62,2573.0,2531.0,2024
Syracuse,20.0,12.0,0.625,8.53,9.4,2442.0,2420.0,2024
Tarleton State,25.0,10.0,0.714,1.4,-0.97,2593.0,2402.0,2024
TCU,21.0,13.0,0.618,14.62,7.32,2687.0,2439.0,2024
Temple,16.0,20.0,0.444,-1.26,1.68,2551.0,2624.0,2024
Tennessee,27.0,9.0,0.75,21.81,10.42,2836.0,2426.0,2024
nan,,,,,,,,2024
School,,,,,,,,2024
Tennessee State,18.0,15.0,0.545,-9.64,-7.64,2400.0,2343.0,2024
Tennessee Tech,10.0,21.0,0.323,-15.04,-6.29,2089.0,2289.0,2024
Tennessee-Martin,21.0,11.0,0.656,-5.57,-7.25,2609.0,2455.0,2024
Texas,21.0,13.0,0.618,15.91,9.41,2563.0,2342.0,2024
Texas A&M,21.0,15.0,0.583,13.35,9.32,2736.0,2591.0,2024
Texas A&M-Corpus Christi,21.0,12.0,0.636,-4.45,-7.24,2480.0,2200.0,2024
Texas Southern,16.0,17.0,0.485,-9.09,-7.03,2316.0,2346.0,2024
Texas State,17.0,18.0,0.486,-3.71,-0.74,2445.0,2452.0,2024
Texas Tech,23.0,11.0,0.676,14.96,9.28,2561.0,2368.0,2024
Texas-Rio Grande Valley,6.0,25.0,0.194,-13.39,-0.9,2181.0,2473.0,2024
The Citadel,11.0,21.0,0.344,-6.53,-2.91,2260.0,2289.0,2024
Toledo,20.0,12.0,0.625,1.78,-2.09,2560.0,2436.0,2024
Towson,20.0,14.0,0.588,0.19,-2.27,2296.0,2164.0,2024
Troy,20.0,12.0,0.625,1.24,-3.17,2546.0,2261.0,2024
Tulane,14.0,17.0,0.452,3.65,2.68,2540.0,2481.0,2024
Tulsa,16.0,15.0,0.516,-1.2,-1.0,2325.0,2290.0,2024
UAB,23.0,12.0,0.657,5.14,3.73,2711.0,2627.0,2024
UC Davis,20.0,13.0,0.606,-1.33,-2.85,2351.0,2246.0,2024
UC Irvine,24.0,10.0,0.706,6.89,-0.93,2639.0,2321.0,2024
UC Riverside,16.0,18.0,0.471,-4.26,-1.23,2404.0,2448.0,2024
nan,,,,,,,,2024
School,,,,,,,,2024
UC San Diego,21.0,12.0,0.636,2.04,-2.8,2530.0,2290.0,2024
UC Santa Barbara,16.0,15.0,0.516,-3.19,-3.01,2337.0,2280.0,2024
UCF,17.0,16.0,0.515,11.92,8.17,2366.0,2242.0,2024
UCLA,16.0,17.0,0.485,7.5,7.84,2177.0,2160.0,2024
UNC Asheville,22.0,12.0,0.647,-1.92,-2.99,2682.0,2485.0,2024
UNC Greensboro,21.0,11.0,0.656,-0.27,-2.9,2422.0,2233.0,2024
UNC Wilmington,21.0,10.0,0.677,1.21,-2.9,2461.0,2202.0,2024
UT Arlington,20.0,14.0,0.588,2.38,0.69,2614.0,2492.0,2024
Utah,22.0,15.0,0.595,15.0,9.41,2915.0,2708.0,2024
Utah State,28.0,7.0,0.8,11.56,5.29,2788.0,2497.0,2024
Utah Tech,11.0,20.0,0.355,-8.08,-1.18,2194.0,2389.0,2024
Utah Valley,16.0,16.0,0.5,-1.33,-0.03,2199.0,2195.0,2024
UTEP,18.0,16.0,0.529,-1.49,-1.3,2470.0,2348.0,2024
UTSA,11.0,21.0,0.344,-5.26,-0.71,2483.0,2591.0,2024
Valparaiso,7.0,25.0,0.219,-8.25,1.17,2163.0,2416.0,2024
Vanderbilt,9.0,23.0,0.281,0.19,8.16,2173.0,2428.0,2024
Vermont,28.0,7.0,0.8,2.78,-3.31,2506.0,2205.0,2024
Villanova,18.0,16.0,0.529,14.44,9.82,2388.0,2231.0,2024
Virginia,23.0,11.0,0.676,10.45,7.31,2140.0,2033.0,2024
Virginia Commonwealth,24.0,14.0,0.632,8.7,4.41,2697.0,2534.0,2024
nan,,,,,,,,2024
School,,,,,,,,2024
VMI,4.0,28.0,0.125,-20.65,-2.44,2204.0,2644.0,2024
Virginia Tech,19.0,15.0,0.559,11.91,7.97,2547.0,2413.0,2024
Wagner,17.0,16.0,0.515,-10.64,-8.58,2103.0,2083.0,2024
Wake Forest,21.0,14.0,0.6,14.94,7.52,2733.0,2473.0,2024
Washington,17.0,15.0,0.531,11.85,8.38,2579.0,2468.0,2024
Washington State,25.0,10.0,0.714,14.02,7.19,2574.0,2335.0,2024
Weber State,20.0,12.0,0.625,-0.49,-4.15,2414.0,2161.0,2024
West Virginia,9.0,23.0,0.281,3.73,10.76,2234.0,2459.0,2024
Western Carolina,22.0,10.0,0.688,1.96,-3.35,2459.0,2198.0,2024
Western Illinois,21.0,12.0,0.636,-8.75,-7.37,2272.0,2167.0,2024
Western Kentucky,22.0,12.0,0.647,1.19,-2.91,2728.0,2531.0,2024
Western Michigan,12.0,20.0,0.375,-9.3,-3.79,2281.0,2396.0,2024
Wichita State,15.0,19.0,0.441,2.02,3.2,2475.0,2484.0,2024
William & Mary,10.0,23.0,0.303,-11.33,-5.55,2305.0,2380.0,2024
Winthrop,17.0,15.0,0.531,-1.97,-3.42,2475.0,2287.0,2024
Wisconsin,22.0,14.0,0.611,16.01,11.35,2688.0,2520.0,2024
Wofford,17.0,15.0,0.531,-3.87,-1.6,2384.0,2362.0,2024
Wright State,18.0,14.0,0.563,-0.22,-3.62,2767.0,2599.0,2024
Wyoming,15.0,17.0,0.469,0.54,4.57,2331.0,2383.0,2024
Xavier,16.0,18.0,0.471,12.23,11.03,2579.0,2538.0,2024
nan,,,,,,,,2024
School,,,,,,,,2024
Yale,23.0,10.0,0.697,4.63,0.41,2465.0,2226.0,2024
Youngstown State,22.0,10.0,0.688,0.97,-5.11,2598.0,2269.0,2024
Abilene Christian,16.0,16.0,0.5,-5.84,-2.39,2260.0,2250.0,2025
Air Force,4.0,28.0,0.125,-8.07,3.65,1982.0,2357.0,2025
Akron,28.0,7.0,0.8,3.22,-3.75,2941.0,2627.0,2025
Alabama,28.0,9.0,0.757,25.54,16.14,3355.0,3007.0,2025
Alabama A&M,10.0,22.0,0.313,-20.52,-9.93,2337.0,2521.0,2025
Alabama State,20.0,16.0,0.556,-8.99,-8.19,2630.0,2607.0,2025
Albany (NY),17.0,16.0,0.515,-9.75,-8.55,2463.0,2437.0,2025
Alcorn State,11.0,21.0,0.344,-14.06,-6.96,2081.0,2307.0,2025
American,22.0,13.0,0.629,-7.64,-6.85,2406.0,2370.0,2025
Appalachian State,17.0,14.0,0.548,-2.59,-3.83,2102.0,1970.0,2025
Arizona,24.0,13.0,0.649,22.94,13.72,3052.0,2711.0,2025
Arizona State,13.0,20.0,0.394,10.62,13.32,2444.0,2533.0,2025
Arkansas,22.0,14.0,0.611,17.09,11.7,2765.0,2571.0,2025
Arkansas State,25.0,11.0,0.694,5.81,-2.4,2858.0,2528.0,2025
Arkansas-Pine Bluff,6.0,25.0,0.194,-24.34,-8.44,2242.0,2602.0,2025
Army,17.0,16.0,0.515,-12.11,-7.3,2416.0,2473.0,2025
Auburn,32.0,6.0,0.842,28.68,15.13,3153.0,2638.0,2025
Austin Peay,14.0,19.0,0.424,-9.57,-3.86,2362.0,2472.0,2025
Ball State,14.0,17.0,0.452,-7.95,-6.49,2336.0,2300.0,2025
Baylor,20.0,15.0,0.571,18.77,13.86,2664.0,2443.0,2025
nan,,,,,,,,2025
School,,,,,,,,2025
Bellarmine,5.0,26.0,0.161,-15.26,-4.88,2252.0,2484.0,2025
Belmont,22.0,11.0,0.667,1.94,-0.12,2618.0,2529.0,2025
Bethune-Cookman,17.0,16.0,0.515,-10.22,-6.7,2265.0,2381.0,2025
Binghamton,15.0,17.0,0.469,-13.5,-9.12,2233.0,2287.0,2025
Boise State,26.0,11.0,0.703,13.86,5.75,2804.0,2477.0,2025
Boston College,12.0,19.0,0.387,-0.25,5.14,2182.0,2349.0,2025
Boston University,16.0,16.0,0.5,-11.0,-8.39,2148.0,2191.0,2025
Bowling Green,14.0,18.0,0.438,-9.53,-6.1,2352.0,2366.0,2025
Bradley,28.0,9.0,0.757,6.4,0.24,2823.0,2535.0,2025
Brigham Young,26.0,10.0,0.722,19.07,10.21,2931.0,2612.0,2025
Brown,14.0,13.0,0.519,-5.21,-4.28,1950.0,1933.0,2025
Bryant,23.0,12.0,0.657,-1.99,-6.93,2862.0,2598.0,2025
Bucknell,18.0,15.0,0.545,-5.35,-6.23,2443.0,2414.0,2025
Buffalo,9.0,22.0,0.29,-15.16,-3.92,2226.0,2508.0,2025
Butler,15.0,20.0,0.429,10.03,10.14,2616.0,2620.0,2025
Cal Poly,16.0,19.0,0.457,-2.47,-0.68,2873.0,2901.0,2025
Cal State Bakersfield,14.0,19.0,0.424,-5.93,-2.26,2434.0,2430.0,2025
Cal State Fullerton,6.0,26.0,0.188,-15.96,0.37,2024.0,2475.0,2025
Cal State Northridge,22.0,11.0,0.667,1.83,-3.36,2650.0,2406.0,2025
California,14.0,19.0,0.424,5.48,6.69,2494.0,2534.0,2025
nan,,,,,,,,2025
School,,,,,,,,2025
California Baptist,17.0,15.0,0.531,-1.13,-2.35,2280.0,2241.0,2025
Campbell,15.0,17.0,0.469,-5.39,-4.96,2246.0,2169.0,2025
Canisius,3.0,28.0,0.097,-19.26,-5.42,2008.0,2437.0,2025
Central Arkansas,9.0,24.0,0.273,-15.16,-4.29,2318.0,2578.0,2025
Central Connecticut State,25.0,7.0,0.781,-4.47,-11.21,2312.0,2012.0,2025
Central Michigan,14.0,17.0,0.452,-4.51,-2.8,2341.0,2237.0,2025
Charleston Southern,10.0,22.0,0.313,-11.12,-2.45,2307.0,2503.0,2025
Charlotte,11.0,22.0,0.333,-5.45,-0.63,2328.0,2460.0,2025
Chattanooga,29.0,9.0,0.763,2.37,-2.94,3030.0,2772.0,2025
Chicago State,4.0,28.0,0.125,-21.12,-4.97,2001.0,2518.0,2025
Cincinnati,19.0,16.0,0.543,14.23,9.28,2491.0,2318.0,2025
Clemson,27.0,7.0,0.794,17.81,7.51,2586.0,2236.0,2025
Cleveland State,23.0,13.0,0.639,-1.55,-3.85,2631.0,2395.0,2025
Coastal Carolina,10.0,22.0,0.313,-12.13,-5.93,2136.0,2275.0,2025
Colgate,14.0,19.0,0.424,-7.71,-6.4,2379.0,2388.0,2025
College of Charleston,24.0,9.0,0.727,-0.6,-3.38,2549.0,2437.0,2025
Colorado,14.0,21.0,0.4,9.62,11.74,2441.0,2515.0,2025
Colorado State,26.0,10.0,0.722,13.94,6.05,2707.0,2423.0,2025
Columbia,12.0,15.0,0.444,-9.18,-5.7,2117.0,2109.0,2025
Connecticut,24.0,11.0,0.686,17.87,8.87,2696.0,2381.0,2025
nan,,,,,,,,2025
School,,,,,,,,2025
Coppin State,6.0,24.0,0.2,-21.26,-5.71,1867.0,2292.0,2025
Cornell,18.0,11.0,0.621,0.91,-3.76,2467.0,2248.0,2025
Creighton,25.0,11.0,0.694,16.49,11.04,2717.0,2521.0,2025
Dartmouth,14.0,14.0,0.5,-4.74,-5.43,2166.0,2013.0,2025
Davidson,17.0,16.0,0.515,1.02,0.46,2393.0,2334.0,2025
Dayton,23.0,11.0,0.676,8.14,4.05,2564.0,2408.0,2025
Delaware,16.0,20.0,0.444,-6.11,-4.14,2780.0,2803.0,2025
Delaware State,16.0,14.0,0.533,-12.24,-9.05,2360.0,2229.0,2025
Denver,11.0,21.0,0.344,-10.4,-3.02,2316.0,2483.0,2025
DePaul,14.0,20.0,0.412,5.3,7.33,2463.0,2532.0,2025
Detroit Mercy,8.0,24.0,0.25,-13.46,-3.11,2146.0,2428.0,2025
Drake,31.0,4.0,0.886,9.6,1.27,2444.0,2062.0,2025
Drexel,18.0,15.0,0.545,-3.64,-5.61,2322.0,2207.0,2025
Duke,35.0,4.0,0.897,30.72,10.26,3246.0,2448.0,2025
Duquesne,13.0,19.0,0.406,1.18,0.89,2212.0,2155.0,2025
East Carolina,19.0,14.0,0.576,-0.69,-0.82,2502.0,2434.0,2025
East Tennessee State,19.0,13.0,0.594,-1.07,-5.2,2301.0,2128.0,2025
East Texas A&M,5.0,26.0,0.161,-12.38,-1.86,1995.0,2321.0,2025
Eastern Illinois,12.0,19.0,0.387,-12.62,-5.91,2062.0,2140.0,2025
Eastern Kentucky,18.0,14.0,0.563,-3.86,-4.46,2491.0,2408.0,2025
nan,,,,,,,,2025
School,,,,,,,,2025
Eastern Michigan,16.0,16.0,0.5,-9.21,-5.38,2355.0,2449.0,2025
Eastern Washington,10.0,22.0,0.313,-8.85,-2.11,2283.0,2415.0,2025
Elon,17.0,16.0,0.515,-4.32,-4.94,2433.0,2315.0,2025
Evansville,11.0,21.0,0.344,-6.02,0.34,2113.0,2263.0,2025
Fairfield,12.0,20.0,0.375,-14.52,-7.68,2161.0,2324.0,2025
FDU,13.0,20.0,0.394,-11.96,-8.06,2431.0,2415.0,2025
Florida,36.0,4.0,0.9,27.78,12.6,3391.0,2784.0,2025
Florida A&M,14.0,17.0,0.452,-13.37,-6.03,2235.0,2334.0,2025
Florida Atlantic,18.0,16.0,0.529,3.72,1.96,2677.0,2569.0,2025
Florida Gulf Coast,19.0,15.0,0.559,-2.89,-4.92,2454.0,2370.0,2025
Florida International,10.0,23.0,0.303,-6.72,-1.66,2285.0,2380.0,2025
Florida State,17.0,15.0,0.531,8.43,6.43,2383.0,2319.0,2025
Fordham,12.0,21.0,0.364,-4.44,0.59,2452.0,2573.0,2025
Fresno State,6.0,26.0,0.188,-5.6,4.4,2262.0,2582.0,2025
Furman,25.0,10.0,0.714,-0.15,-3.27,2702.0,2443.0,2025
Gardner-Webb,11.0,20.0,0.355,-8.21,-3.86,2287.0,2422.0,2025
George Mason,27.0,9.0,0.75,7.2,0.83,2564.0,2296.0,2025
George Washington,21.0,13.0,0.618,2.0,-1.7,2489.0,2327.0,2025
Georgetown,18.0,16.0,0.529,8.18,5.77,2447.0,2365.0,2025
Georgia,20.0,13.0,0.606,16.36,10.94,2486.0,2307.0,2025
nan,,,,,,,,2025
School,,,,,,,,2025
Georgia Southern,17.0,16.0,0.515,-7.53,-5.47,2449.0,2505.0,2025
Georgia State,14.0,19.0,0.424,-7.51,-3.01,2479.0,2583.0,2025
Georgia Tech,17.0,17.0,0.5,6.3,5.89,2485.0,2471.0,2025
Gonzaga,26.0,9.0,0.743,23.75,7.27,3024.0,2447.0,2025
Grambling,12.0,22.0,0.353,-12.44,-7.57,2271.0,2301.0,2025
Grand Canyon,26.0,8.0,0.765,4.97,-2.63,2661.0,2362.0,2025
Green Bay,4.0,28.0,0.125,-13.21,-2.53,2237.0,2570.0,2025
Hampton,17.0,16.0,0.515,-5.21,-4.01,2391.0,2309.0,2025
Harvard,12.0,15.0,0.444,-7.89,-3.92,1848.0,1945.0,2025
Hawaii,15.0,16.0,0.484,-3.57,-1.02,2173.0,2208.0,2025
High Point,29.0,6.0,0.829,5.3,-5.19,2858.0,2413.0,2025
Hofstra,15.0,18.0,0.455,-4.97,-3.88,2202.0,2141.0,2025
Holy Cross,13.0,19.0,0.406,-12.54,-7.37,2227.0,2307.0,2025
Houston,35.0,5.0,0.875,28.45,13.45,2946.0,2346.0,2025
Houston Christian,12.0,20.0,0.375,-8.17,-2.97,2111.0,2220.0,2025
Howard,12.0,20.0,0.375,-12.02,-6.88,2480.0,2538.0,2025
Idaho,14.0,19.0,0.424,-8.0,-3.49,2430.0,2493.0,2025
Idaho State,15.0,15.0,0.5,-3.95,-4.02,2230.0,2099.0,2025
Illinois,22.0,13.0,0.629,21.59,12.79,2927.0,2619.0,2025
Illinois State,22.0,14.0,0.611,1.91,-0.57,2727.0,2585.0,2025
nan,,,,,,,,2025
School,,,,,,,,2025
Illinois-Chicago,17.0,14.0,0.548,-0.63,0.58,2357.0,2286.0,2025
Incarnate Word,19.0,17.0,0.528,-5.61,-5.23,2659.0,2508.0,2025
Indiana,19.0,13.0,0.594,14.63,12.0,2389.0,2305.0,2025
Indiana State,14.0,18.0,0.438,-3.15,-0.65,2563.0,2545.0,2025
Iona,17.0,17.0,0.5,-8.58,-7.78,2369.0,2396.0,2025
Iowa,17.0,16.0,0.515,12.85,10.06,2722.0,2630.0,2025
Iowa State,25.0,10.0,0.714,22.33,10.33,2812.0,2392.0,2025
IU Indy,10.0,22.0,0.313,-11.52,-4.24,2402.0,2458.0,2025
Jackson State,16.0,18.0,0.471,-9.39,-6.24,2428.0,2535.0,2025
Jacksonville,19.0,14.0,0.576,-4.29,-3.8,2379.0,2360.0,2025
Jacksonville State,23.0,13.0,0.639,1.76,0.12,2653.0,2464.0,2025
James Madison,20.0,12.0,0.625,-1.72,-2.68,2365.0,2256.0,2025
Kansas,21.0,13.0,0.618,20.09,13.56,2587.0,2365.0,2025
Kansas City,13.0,20.0,0.394,-5.66,-3.04,2386.0,2218.0,2025
Kansas State,16.0,17.0,0.485,10.89,9.67,2337.0,2297.0,2025
Kennesaw State,19.0,14.0,0.576,0.5,0.83,2526.0,2417.0,2025
Kent State,24.0,12.0,0.667,1.42,-2.67,2647.0,2459.0,2025
Kentucky,24.0,12.0,0.667,21.26,14.04,3040.0,2780.0,2025
La Salle,14.0,19.0,0.424,-3.64,1.02,2376.0,2465.0,2025
Lafayette,13.0,20.0,0.394,-10.19,-8.35,2261.0,2274.0,2025
nan,,,,,,,,2025
School,,,,,,,,2025
Lamar,20.0,13.0,0.606,-2.17,-2.64,2306.0,2170.0,2025
Le Moyne,9.0,23.0,0.281,-17.81,-8.35,2371.0,2566.0,2025
Lehigh,11.0,19.0,0.367,-10.29,-6.71,2110.0,2143.0,2025
Liberty,28.0,7.0,0.8,7.42,-0.99,2655.0,2219.0,2025
Lindenwood,16.0,17.0,0.485,-13.17,-7.27,2348.0,2354.0,2025
Lipscomb,25.0,10.0,0.714,4.39,-4.43,2752.0,2371.0,2025
Little Rock,19.0,14.0,0.576,-6.86,-7.67,2287.0,2219.0,2025
Long Beach State,7.0,25.0,0.219,-10.29,-0.53,2152.0,2374.0,2025
Long Island University,17.0,16.0,0.515,-10.97,-9.97,2235.0,2156.0,2025
Longwood,18.0,14.0,0.563,-4.63,-5.04,2504.0,2371.0,2025
Louisiana,12.0,21.0,0.364,-10.7,-2.33,2159.0,2410.0,2025
Louisiana State,14.0,18.0,0.438,9.93,9.68,2363.0,2355.0,2025
Louisiana Tech,20.0,12.0,0.625,1.45,-0.72,2364.0,2188.0,2025
Louisiana-Monroe,7.0,25.0,0.219,-15.1,-4.3,2205.0,2417.0,2025
Louisville,27.0,8.0,0.771,18.49,9.49,2747.0,2432.0,2025
Loyola (IL),25.0,12.0,0.676,3.41,0.19,2721.0,2553.0,2025
Loyola (MD),12.0,19.0,0.387,-11.85,-8.48,2145.0,2205.0,2025
Loyola Marymount,17.0,15.0,0.531,1.2,2.94,2279.0,2290.0,2025
Maine,20.0,14.0,0.588,-6.58,-8.4,2409.0,2248.0,2025
Manhattan,17.0,14.0,0.548,-7.67,-8.37,2365.0,2327.0,2025
nan,,,,,,,,2025
School,,,,,,,,2025
Marist,20.0,10.0,0.667,-8.95,-10.45,1979.0,1934.0,2025
Marquette,23.0,11.0,0.676,18.19,10.37,2603.0,2337.0,2025
Marshall,20.0,13.0,0.606,-2.26,-4.52,2499.0,2366.0,2025
Maryland,27.0,9.0,0.75,23.33,9.41,2919.0,2418.0,2025
Maryland-Baltimore County,13.0,19.0,0.406,-11.56,-8.21,2559.0,2522.0,2025
Maryland-Eastern Shore,6.0,25.0,0.194,-20.65,-4.47,2090.0,2410.0,2025
Massachusetts,12.0,20.0,0.375,-3.08,0.15,2333.0,2399.0,2025
Massachusetts-Lowell,17.0,15.0,0.531,-7.64,-7.6,2543.0,2371.0,2025
McNeese State,28.0,7.0,0.8,9.14,-1.05,2680.0,2256.0,2025
Memphis,29.0,6.0,0.829,12.15,5.66,2795.0,2568.0,2025
Mercer,14.0,19.0,0.424,-8.44,-5.11,2511.0,2485.0,2025
Mercyhurst,15.0,16.0,0.484,-15.65,-9.68,2105.0,2167.0,2025
Merrimack,18.0,15.0,0.545,-4.65,-6.04,2166.0,2120.0,2025
Miami (FL),7.0,24.0,0.226,0.38,7.03,2294.0,2500.0,2025
Miami (OH),25.0,9.0,0.735,-0.92,-5.36,2740.0,2473.0,2025
Michigan,27.0,10.0,0.73,20.21,13.69,2885.0,2644.0,2025
Michigan State,30.0,7.0,0.811,22.43,11.89,2874.0,2484.0,2025
Middle Tennessee,22.0,12.0,0.647,2.52,1.02,2608.0,2466.0,2025
Milwaukee,21.0,11.0,0.656,0.35,-3.79,2510.0,2295.0,2025
Minnesota,15.0,17.0,0.469,8.48,10.14,2178.0,2231.0,2025
nan,,,,,,,,2025
School,,,,,,,,2025
Mississippi,24.0,12.0,0.667,18.28,12.8,2779.0,2582.0,2025
Mississippi State,21.0,13.0,0.618,17.14,11.79,2704.0,2522.0,2025
Mississippi Valley State,3.0,28.0,0.097,-34.6,-4.77,1678.0,2506.0,2025
Missouri,22.0,12.0,0.647,19.49,9.49,2844.0,2504.0,2025
Missouri State,9.0,23.0,0.281,-3.94,0.52,2175.0,2268.0,2025
Monmouth,13.0,20.0,0.394,-8.14,-3.11,2321.0,2487.0,2025
Montana,25.0,10.0,0.714,-1.45,-1.6,2680.0,2565.0,2025
Montana State,15.0,18.0,0.455,-2.77,-2.71,2354.0,2298.0,2025
Morehead State,15.0,17.0,0.469,-13.65,-7.52,2116.0,2199.0,2025
Morgan State,14.0,18.0,0.438,-15.13,-8.55,2559.0,2584.0,2025
Mount St. Mary's,23.0,13.0,0.639,-7.91,-6.48,2524.0,2538.0,2025
Murray State,16.0,17.0,0.485,0.81,0.4,2371.0,2282.0,2025
Navy,15.0,19.0,0.441,-9.9,-8.78,2407.0,2393.0,2025
NC State,12.0,19.0,0.387,5.56,6.36,2158.0,2183.0,2025
Nebraska,21.0,14.0,0.6,13.86,10.46,2660.0,2541.0,2025
Nevada,17.0,16.0,0.515,9.44,5.25,2386.0,2248.0,2025
Nevada-Las Vegas,18.0,15.0,0.545,6.65,5.53,2285.0,2248.0,2025
New Hampshire,8.0,24.0,0.25,-19.8,-7.47,2124.0,2450.0,2025
New Mexico,27.0,8.0,0.771,15.2,6.52,2819.0,2472.0,2025
New Mexico State,17.0,15.0,0.531,0.86,0.41,2229.0,2110.0,2025
nan,,,,,,,,2025
School,,,,,,,,2025
New Orleans,4.0,27.0,0.129,-15.16,-0.61,2105.0,2556.0,2025
Niagara,11.0,20.0,0.355,-12.79,-8.56,2122.0,2214.0,2025
Nicholls State,20.0,13.0,0.606,-2.13,-2.46,2443.0,2296.0,2025
NJIT,6.0,25.0,0.194,-17.92,-7.85,2023.0,2269.0,2025
Norfolk State,24.0,11.0,0.686,-3.72,-6.65,2696.0,2440.0,2025
North Alabama,24.0,11.0,0.686,1.02,-5.5,2753.0,2471.0,2025
North Carolina,23.0,14.0,0.622,17.27,11.22,2987.0,2763.0,2025
North Carolina A&T,7.0,25.0,0.219,-13.28,-4.31,2213.0,2439.0,2025
North Carolina Central,14.0,19.0,0.424,-12.91,-8.05,2600.0,2501.0,2025
North Dakota,12.0,21.0,0.364,-7.39,-1.49,2550.0,2624.0,2025
North Dakota State,21.0,11.0,0.656,1.11,-3.58,2595.0,2386.0,2025
North Florida,15.0,17.0,0.469,-8.48,-3.74,2651.0,2712.0,2025
North Texas,27.0,9.0,0.75,7.7,0.84,2447.0,2165.0,2025
Northeastern,17.0,15.0,0.531,-4.64,-5.08,2243.0,2229.0,2025
Northern Arizona,18.0,16.0,0.529,-6.53,-5.73,2581.0,2435.0,2025
Northern Colorado,25.0,10.0,0.714,1.1,-3.84,2822.0,2545.0,2025
Northern Illinois,6.0,25.0,0.194,-16.6,-4.52,2199.0,2383.0,2025
Northern Iowa,20.0,13.0,0.606,5.24,0.46,2418.0,2223.0,2025
Northern Kentucky,17.0,16.0,0.515,-4.79,-3.14,2371.0,2377.0,2025
Northwestern,17.0,16.0,0.515,14.4,11.13,2390.0,2282.0,2025
nan,,,,,,,,2025
School,,,,,,,,2025
Northwestern State,16.0,16.0,0.5,-5.07,-1.44,2146.0,2204.0,2025
Notre Dame,15.0,18.0,0.455,7.07,6.92,2397.0,2392.0,2025
Oakland,16.0,18.0,0.471,-2.67,-0.95,2402.0,2436.0,2025
Ohio,16.0,16.0,0.5,-2.63,-4.37,2554.0,2449.0,2025
Ohio State,17.0,15.0,0.531,17.86,12.58,2522.0,2353.0,2025
Oklahoma,20.0,14.0,0.588,14.86,11.22,2661.0,2537.0,2025
Oklahoma State,17.0,18.0,0.486,6.89,10.18,2556.0,2671.0,2025
Old Dominion,15.0,20.0,0.429,-9.71,-4.25,2376.0,2502.0,2025
Omaha,22.0,13.0,0.629,-1.61,-2.43,2707.0,2634.0,2025
Oral Roberts,7.0,23.0,0.233,-11.71,-0.78,2200.0,2356.0,2025
Oregon,25.0,10.0,0.714,18.0,12.32,2679.0,2480.0,2025
Oregon State,20.0,13.0,0.606,8.62,2.24,2516.0,2276.0,2025
Pacific,9.0,24.0,0.273,-7.11,2.09,2295.0,2500.0,2025
Penn State,16.0,15.0,0.516,13.57,7.7,2452.0,2270.0,2025
Pennsylvania,8.0,19.0,0.296,-10.56,-2.74,1878.0,2089.0,2025
Pepperdine,13.0,22.0,0.371,-2.82,2.56,2560.0,2681.0,2025
Pittsburgh,17.0,15.0,0.531,13.27,8.24,2428.0,2267.0,2025
Portland,12.0,20.0,0.375,-7.29,2.17,2334.0,2574.0,2025
Portland State,19.0,13.0,0.594,-4.41,-5.27,2418.0,2227.0,2025
Prairie View,5.0,27.0,0.156,-19.3,-7.3,2286.0,2637.0,2025
nan,,,,,,,,2025
School,,,,,,,,2025
Presbyterian,14.0,19.0,0.424,-6.68,-4.35,2449.0,2341.0,2025
Princeton,19.0,11.0,0.633,-2.85,-2.49,2209.0,2162.0,2025
Providence,12.0,20.0,0.375,7.17,8.33,2283.0,2320.0,2025
Purdue,24.0,12.0,0.667,20.8,13.91,2781.0,2533.0,2025
Purdue Fort Wayne,19.0,13.0,0.594,-1.0,-4.06,2583.0,2388.0,2025
Queens (NC),20.0,15.0,0.571,-5.41,-4.95,2685.0,2611.0,2025
Quinnipiac,20.0,13.0,0.606,-5.94,-7.72,2439.0,2358.0,2025
Radford,20.0,13.0,0.606,-2.72,-3.43,2441.0,2314.0,2025
Rhode Island,18.0,13.0,0.581,1.06,-0.91,2419.0,2328.0,2025
Rice,13.0,19.0,0.406,-2.08,-2.12,2249.0,2249.0,2025
Richmond,10.0,22.0,0.313,-5.48,1.45,2137.0,2302.0,2025
Rider,14.0,19.0,0.424,-12.06,-7.24,2211.0,2370.0,2025
Robert Morris,26.0,9.0,0.743,0.4,-4.92,2694.0,2485.0,2025
Rutgers,15.0,17.0,0.469,10.41,10.94,2465.0,2482.0,2025
Sacramento State,7.0,25.0,0.219,-14.1,-4.06,2119.0,2257.0,2025
Sacred Heart,15.0,18.0,0.455,-9.0,-8.41,2502.0,2481.0,2025
Saint Francis (PA),16.0,18.0,0.471,-12.76,-7.41,2415.0,2433.0,2025
Saint Joseph's,22.0,13.0,0.629,7.28,0.85,2627.0,2402.0,2025
Saint Louis,19.0,15.0,0.559,3.04,2.04,2527.0,2423.0,2025
Saint Mary's (CA),29.0,6.0,0.829,17.43,6.46,2551.0,2138.0,2025
nan,,,,,,,,2025
School,,,,,,,,2025
Saint Peter's,12.0,16.0,0.429,-10.64,-8.45,1848.0,1842.0,2025
Sam Houston,13.0,19.0,0.406,-2.86,1.31,2411.0,2433.0,2025
Samford,22.0,11.0,0.667,1.13,-3.58,2736.0,2492.0,2025
San Diego,6.0,27.0,0.182,-8.37,1.63,2314.0,2629.0,2025
San Diego State,21.0,10.0,0.677,12.77,8.14,2194.0,2004.0,2025
San Francisco,25.0,10.0,0.714,10.46,3.87,2660.0,2420.0,2025
San Jose State,15.0,20.0,0.429,0.5,4.05,2525.0,2568.0,2025
Santa Clara,21.0,13.0,0.618,13.22,4.25,2786.0,2481.0,2025
Seattle,14.0,18.0,0.438,-0.21,-1.35,2254.0,2125.0,2025
Seton Hall,7.0,25.0,0.219,-0.26,8.36,1970.0,2246.0,2025
Siena,14.0,18.0,0.438,-7.46,-7.58,2311.0,2307.0,2025
South Alabama,21.0,11.0,0.656,1.52,-4.12,2334.0,2066.0,2025
South Carolina,12.0,20.0,0.375,9.89,11.55,2233.0,2286.0,2025
South Carolina State,20.0,13.0,0.606,-4.62,-9.05,2624.0,2324.0,2025
South Carolina Upstate,6.0,26.0,0.188,-15.67,-2.7,2393.0,2673.0,2025
South Dakota,19.0,14.0,0.576,-5.69,-3.49,2812.0,2763.0,2025
South Dakota State,20.0,12.0,0.625,2.15,-1.82,2546.0,2352.0,2025
South Florida,13.0,19.0,0.406,-2.15,-0.18,2381.0,2385.0,2025
Southeast Missouri State,21.0,12.0,0.636,-4.84,-7.8,2442.0,2212.0,2025
Southeastern Louisiana,18.0,14.0,0.563,-4.0,-4.67,2324.0,2232.0,2025
nan,,,,,,,,2025
School,,,,,,,,2025
Southern,20.0,12.0,0.625,-6.83,-7.9,2392.0,2184.0,2025
Southern California,17.0,18.0,0.486,12.97,10.86,2685.0,2611.0,2025
Southern Illinois,14.0,19.0,0.424,-2.22,1.07,2405.0,2458.0,2025
SIU Edwardsville,22.0,12.0,0.647,-6.12,-7.44,2436.0,2260.0,2025
Southern Indiana,10.0,20.0,0.333,-13.86,-8.4,2144.0,2204.0,2025
Southern Methodist,24.0,11.0,0.686,14.35,5.72,2797.0,2495.0,2025
Southern Mississippi,11.0,22.0,0.333,-9.91,-3.33,2352.0,2507.0,2025
Southern Utah,12.0,19.0,0.387,-10.63,-2.13,2163.0,2285.0,2025
St. Bonaventure,22.0,12.0,0.647,2.92,0.07,2334.0,2218.0,2025
St. John's (NY),31.0,5.0,0.861,21.25,8.56,2825.0,2368.0,2025
St. Thomas,24.0,10.0,0.706,1.01,-4.51,2827.0,2544.0,2025
Stanford,21.0,14.0,0.6,8.78,6.07,2571.0,2476.0,2025
Stephen F. Austin,14.0,17.0,0.452,-8.01,-3.29,2065.0,2118.0,2025
Stetson,8.0,24.0,0.25,-16.7,-4.7,2293.0,2608.0,2025
Stonehill,15.0,17.0,0.469,-13.12,-9.55,2198.0,2242.0,2025
Stony Brook,8.0,24.0,0.25,-13.84,-4.42,2128.0,2372.0,2025
Syracuse,14.0,19.0,0.424,4.95,8.04,2464.0,2566.0,2025
Tarleton State,12.0,20.0,0.375,-10.31,-0.31,2025.0,2227.0,2025
TCU,16.0,16.0,0.5,10.49,11.64,2162.0,2199.0,2025
Temple,17.0,15.0,0.531,-0.24,-0.37,2520.0,2487.0,2025
nan,,,,,,,,2025
School,,,,,,,,2025
Tennessee,30.0,8.0,0.789,24.2,13.25,2813.0,2397.0,2025
Tennessee State,17.0,16.0,0.515,-8.01,-8.71,2577.0,2418.0,2025
Tennessee Tech,15.0,17.0,0.469,-11.09,-7.82,2308.0,2371.0,2025
Tennessee-Martin,14.0,19.0,0.424,-11.18,-8.18,2455.0,2373.0,2025
Texas,19.0,16.0,0.543,15.65,9.79,2747.0,2542.0,2025
Texas A&M,23.0,11.0,0.676,19.3,13.39,2537.0,2336.0,2025
Texas A&M-Corpus Christi,20.0,14.0,0.588,-0.99,-3.39,2576.0,2291.0,2025
Texas Southern,15.0,17.0,0.469,-10.27,-8.23,2325.0,2307.0,2025
Texas State,16.0,16.0,0.5,-3.6,-3.77,2439.0,2346.0,2025
Texas Tech,28.0,9.0,0.757,23.05,10.62,2993.0,2533.0,2025
Texas-Rio Grande Valley,16.0,15.0,0.516,-6.05,-3.38,2378.0,2294.0,2025
The Citadel,5.0,25.0,0.167,-18.37,-4.49,1997.0,2251.0,2025
Toledo,18.0,15.0,0.545,-6.03,-2.78,2603.0,2645.0,2025
Towson,22.0,11.0,0.667,-1.92,-3.57,2309.0,2201.0,2025
Troy,23.0,11.0,0.676,3.55,-2.1,2495.0,2235.0,2025
Tulane,19.0,15.0,0.559,1.24,-0.73,2533.0,2393.0,2025
Tulsa,13.0,20.0,0.394,-5.93,-1.9,2352.0,2430.0,2025
UAB,24.0,13.0,0.649,4.7,-0.1,3040.0,2822.0,2025
UC Davis,15.0,17.0,0.469,-6.41,-1.51,2175.0,2249.0,2025
UC Irvine,32.0,7.0,0.821,7.6,-0.8,2962.0,2613.0,2025
nan,,,,,,,,2025
School,,,,,,,,2025
UC Riverside,21.0,13.0,0.618,-1.47,0.38,2542.0,2550.0,2025
UC San Diego,30.0,5.0,0.857,12.63,-1.92,2777.0,2163.0,2025
UC Santa Barbara,21.0,13.0,0.618,0.28,-3.5,2527.0,2340.0,2025
UCF,20.0,17.0,0.541,10.59,11.22,2951.0,2974.0,2025
UCLA,23.0,11.0,0.676,19.68,10.71,2522.0,2217.0,2025
UNC Asheville,21.0,11.0,0.656,-5.36,-4.71,2630.0,2450.0,2025
UNC Greensboro,20.0,12.0,0.625,-0.99,-4.13,2332.0,2092.0,2025
UNC Wilmington,27.0,8.0,0.771,2.36,-3.95,2771.0,2459.0,2025
UT Arlington,13.0,18.0,0.419,-5.55,-2.83,2302.0,2320.0,2025
Utah,16.0,17.0,0.485,11.44,8.5,2493.0,2396.0,2025
Utah State,26.0,8.0,0.765,13.56,5.35,2716.0,2381.0,2025
Utah Tech,7.0,26.0,0.212,-10.29,-1.65,2305.0,2508.0,2025
Utah Valley,25.0,9.0,0.735,1.91,-3.31,2584.0,2322.0,2025
UTEP,18.0,15.0,0.545,-0.63,0.34,2392.0,2335.0,2025
UTSA,12.0,19.0,0.387,-2.55,0.52,2378.0,2382.0,2025
Valparaiso,15.0,19.0,0.441,-2.9,-0.12,2539.0,2513.0,2025
Vanderbilt,20.0,13.0,0.606,14.66,10.05,2604.0,2452.0,2025
Vermont,21.0,12.0,0.636,-8.06,-7.61,2199.0,2106.0,2025
Villanova,21.0,15.0,0.583,13.28,7.45,2664.0,2454.0,2025
Virginia,15.0,17.0,0.469,5.71,7.71,2073.0,2137.0,2025
nan,,,,,,,,2025
School,,,,,,,,2025
Virginia Commonwealth,28.0,7.0,0.8,14.45,1.3,2693.0,2201.0,2025
VMI,15.0,19.0,0.441,-11.25,-4.88,2492.0,2487.0,2025
Virginia Tech,13.0,19.0,0.406,2.62,6.62,2213.0,2341.0,2025
Wagner,14.0,16.0,0.467,-15.75,-10.29,1874.0,1818.0,2025
Wake Forest,21.0,11.0,0.656,9.63,7.47,2246.0,2177.0,2025
Washington,13.0,18.0,0.419,6.26,10.76,2219.0,2339.0,2025
Washington State,19.0,15.0,0.559,4.67,4.32,2683.0,2671.0,2025
Weber State,12.0,22.0,0.353,-9.64,-3.16,2443.0,2443.0,2025
West Georgia,6.0,25.0,0.194,-15.57,-4.5,2140.0,2426.0,2025
West Virginia,19.0,13.0,0.594,14.89,11.54,2181.0,2074.0,2025
Western Carolina,8.0,22.0,0.267,-15.83,-2.35,2090.0,2371.0,2025
Western Illinois,12.0,19.0,0.387,-15.22,-8.5,2130.0,2211.0,2025
Western Kentucky,17.0,15.0,0.531,-0.5,1.0,2395.0,2392.0,2025
Western Michigan,12.0,20.0,0.375,-9.55,-4.17,2306.0,2433.0,2025
Wichita State,19.0,15.0,0.559,2.29,1.81,2516.0,2485.0,2025
William & Mary,17.0,15.0,0.531,-6.26,-4.26,2487.0,2445.0,2025
Winthrop,23.0,11.0,0.676,-1.68,-4.17,2879.0,2651.0,2025
Wisconsin,27.0,10.0,0.73,20.73,11.49,2964.0,2622.0,2025
Wofford,19.0,16.0,0.543,-0.13,-2.34,2623.0,2451.0,2025
Wright State,15.0,18.0,0.455,-4.89,-3.79,2551.0,2520.0,2025
nan,,,,,,,,2025
School,,,,,,,,2025
Wyoming,12.0,20.0,0.375,-0.67,4.21,2149.0,2277.0,2025
Xavier,22.0,12.0,0.647,15.25,8.72,2656.0,2434.0,2025
Yale,22.0,8.0,0.733,6.66,-3.1,2439.0,2102.0,2025
Youngstown State,21.0,13.0,0.618,-3.85,-4.98,2599.0,2446.0,2025
