team_1,team_2,team_1_win_prob,team_2_win_prob
Duke,UConn,0.7432055947230818,0.25679440527691816
Duke,Michigan St.,0.7518275087688462,0.2481724912311537
Duke,Kansas,0.8173882225623469,0.18261177743765314
Duke,St. John's,0.7241176421619122,0.2758823578380878
Duke,Louisville,0.7871983835952729,0.21280161640472708
Duke,UCLA,0.8042670601419398,0.19573293985806017
Duke,Ohio St.,0.7981220001768102,0.20187799982318982
Duke,TCU,0.8679289273537703,0.13207107264622983
Duke,UCF,0.9153675675285314,0.08463243247146858
Duke,South Florida,0.8628365345312695,0.13716346546873043
Duke,Northern Iowa,0.9050171352434458,0.09498286475655414
Duke,Cal Baptist,0.9345086980899929,0.06549130191000699
Duke,North Dakota St.,0.9457191052766634,0.054280894723336665
Duke,Furman,0.9708982470079632,0.02910175299203681
Duke,Siena,0.9711470234562751,0.028852976543724915
Duke,Michigan,0.5510896283067623,0.4489103716932377
Duke,Iowa St.,0.6972737656917984,0.30272623430820156
Duke,Virginia,0.7348304258848428,0.2651695741151571
Duke,Alabama,0.7697470345661463,0.2302529654338538
Duke,Texas Tech,0.7961796535367016,0.2038203464632984
Duke,Tennessee,0.8030378140947569,0.19696218590524314
Duke,Kentucky,0.8464233516527719,0.153576648347228
Duke,Georgia,0.8509278973077695,0.14907210269223045
Duke,Saint Louis,0.8670886370438198,0.1329113629561802
Duke,Santa Clara,0.8489693863608339,0.15103061363916612
Duke,Miami (Ohio),0.9236028289219086,0.07639717107809142
Duke,SMU,0.90073322268101,0.09926677731898996
Duke,Akron,0.8898321466682866,0.11016785333171336
Duke,Hofstra,0.9255018928165932,0.07449810718340677
Duke,Wright St.,0.9525501870528308,0.04744981294716926
Duke,Tennessee St.,0.9694388440856332,0.030561155914366738
Duke,Howard,0.9734821811930153,0.026517818806984558
Duke,UMBC,0.9679628015506325,0.03203719844936747
Duke,Florida,0.6346428903547978,0.3653571096452022
Duke,Houston,0.6455041482591498,0.35449585174085013
Duke,Illinois,0.7008920984261682,0.29910790157383177
Duke,Nebraska,0.7916400164833717,0.20835998351662832
Duke,Vanderbilt,0.7443100633609349,0.2556899366390652
Duke,North Carolina,0.8224237865291327,0.17757621347086727
Duke,Saint Mary's,0.7972172832339273,0.20278271676607268
Duke,Clemson,0.8546696402955998,0.14533035970440014
Duke,Iowa,0.8566017857721422,0.1433982142278578
Duke,Texas A&M,0.88242211720395,0.11757788279604989
Duke,VCU,0.8525458927244363,0.14745410727556382
Duke,McNeese,0.8965658315228056,0.10343416847719453
Duke,Troy,0.9585943258579118,0.041405674142088095
Duke,Penn,0.9576164832783564,0.04238351672164365
Duke,Idaho,0.9581835148984413,0.041816485101558734
Duke,Lehigh,0.9851086781713021,0.014891321828697781
Duke,Prairie View A&M,0.9791966617963787,0.020803338203621378
Duke,Arizona,0.5520026315712762,0.44799736842872373
Duke,Purdue,0.6581871299478491,0.34181287005215083
Duke,Gonzaga,0.717973605267592,0.282026394732408
Duke,Arkansas,0.7220639054780189,0.27793609452198104
Duke,Wisconsin,0.7686267373080722,0.2313732626919279
Duke,BYU,0.8347625736480375,0.16523742635196248
Duke,Miami (FL),0.8511155461948215,0.14888445380517853
Duke,Villanova,0.8616579158523369,0.13834208414766316
Duke,Utah St.,0.8219525508912117,0.1780474491087883
Duke,Missouri,0.8963191038584769,0.10368089614152314
Duke,NC State,0.8844079467704677,0.1155920532295322
Duke,Texas,0.8994087777837871,0.10059122221621294
Duke,High Point,0.9132842447708264,0.08671575522917363
Duke,Hawaii,0.9464441954274352,0.05355580457256483
Duke,Kennesaw St.,0.9663522540553269,0.0336477459446731
Duke,Queens (N.C.),0.9724605301007311,0.027539469899268955
Duke,Long Island,0.9766331567086813,0.023366843291318565
UConn,Michigan St.,0.5114195031719717,0.4885804968280283
UConn,Kansas,0.6073185604469863,0.3926814395530137
UConn,St. John's,0.4755900213842839,0.524409978615716
UConn,Louisville,0.5610496286772915,0.4389503713227084
UConn,UCLA,0.5867347657089578,0.41326523429104217
UConn,Ohio St.,0.5773492019216802,0.4226507980783199
UConn,TCU,0.6942517706970824,0.30574822930291745
UConn,UCF,0.7889005989878937,0.21109940101210636
UConn,South Florida,0.6848939876811337,0.31510601231886626
UConn,Northern Iowa,0.7670200320565211,0.2329799679434789
UConn,Cal Baptist,0.8313754239199661,0.16862457608003384
UConn,North Dakota St.,0.8575485245998431,0.14245147540015687
UConn,Furman,0.9201749410448951,0.07982505895510505
UConn,Siena,0.9208219645345546,0.07917803546544533
UConn,Michigan,0.29783626684345427,0.7021637331565457
UConn,Iowa St.,0.44315984395537283,0.5568401560446272
UConn,Virginia,0.4891450323184091,0.510854967681591
UConn,Alabama,0.5359842921090872,0.4640157078909129
UConn,Texas Tech,0.574415375468163,0.425584624531837
UConn,Tennessee,0.5848445636387829,0.4151554363612171
UConn,Kentucky,0.6556848612053242,0.34431513879467573
UConn,Georgia,0.6635602045332756,0.3364397954667244
UConn,Saint Louis,0.6926977175664922,0.30730228243350777
UConn,Santa Clara,0.6601232799284749,0.33987672007152503
UConn,Miami (Ohio),0.8068451461174561,0.19315485388254397
UConn,SMU,0.7581752459601648,0.24182475403983525
UConn,Akron,0.7362039216234578,0.2637960783765422
UConn,Hofstra,0.8110527974147118,0.18894720258528813
UConn,Wright St.,0.873997226358047,0.1260027736419531
UConn,Tennessee St.,0.9163909015499125,0.08360909845008756
UConn,Howard,0.926923599953019,0.07307640004698099
UConn,UMBC,0.9125837802484456,0.0874162197515545
UConn,Florida,0.3750740417798563,0.6249259582201436
UConn,Houston,0.38618858248008286,0.6138114175199171
UConn,Illinois,0.4474084059963033,0.5525915940036967
UConn,Nebraska,0.5676188245185168,0.43238117548148325
UConn,Vanderbilt,0.5014488070365676,0.4985511929634325
UConn,North Carolina,0.6154213886509146,0.3845786113490854
UConn,Saint Mary's,0.5759807275439204,0.42401927245607957
UConn,Clemson,0.6701820563047218,0.3298179436952781
UConn,Iowa,0.6736303194813822,0.3263696805186178
UConn,Texas A&M,0.7216925252403913,0.2783074747596087
UConn,VCU,0.6664146057013072,0.33358539429869283
UConn,McNeese,0.7496862087777573,0.25031379122224284
UConn,Troy,0.8888801545379548,0.11111984546204529
UConn,Penn,0.8864509515264614,0.11354904847353864
UConn,Idaho,0.887858582746365,0.112141417253635
UConn,Lehigh,0.9580843446161563,0.04191565538384379
UConn,Prairie View A&M,0.9420742518038147,0.05792574819618533
UConn,Arizona,0.2986087918162096,0.7013912081837904
UConn,Purdue,0.39951866564681815,0.6004813343531819
UConn,Gonzaga,0.4679776931462871,0.5320223068537129
UConn,Arkansas,0.4730325711702939,0.526967428829706
UConn,Wisconsin,0.5344145672952773,0.46558543270472275
UConn,BYU,0.635773635057186,0.36422636494281396
UConn,Miami (FL),0.6638905474034109,0.3361094525965891
UConn,Villanova,0.6827485423153016,0.31725145768469837
UConn,Utah St.,0.6146582114227938,0.38534178857720613
UConn,Missouri,0.7491871332723792,0.2508128667276208
UConn,NC State,0.7255486860030387,0.2744513139969613
UConn,Texas,0.7554651290412309,0.2445348709587692
UConn,High Point,0.7844372690788264,0.21556273092117356
UConn,Hawaii,0.859276150498755,0.140723849501245
UConn,Kennesaw St.,0.9084525650467024,0.09154743495329762
UConn,Queens (N.C.),0.9242477708194203,0.07575222918057957
UConn,Long Island,0.9352388526212426,0.0647611473787573
Michigan St.,Kansas,0.5963714797677627,0.4036285202322374
Michigan St.,St. John's,0.4642104235654464,0.5357895764345536
Michigan St.,Louisville,0.5497689123740898,0.45023108762591024
Michigan St.,UCLA,0.5756148388292012,0.42438516117079883
Michigan St.,Ohio St.,0.5661634647129055,0.43383653528709454
Michigan St.,TCU,0.6844690679935271,0.31553093200647286
Michigan St.,UCF,0.7811918169790427,0.21880818302095728
Michigan St.,South Florida,0.6749520578445396,0.3250479421554604
Michigan St.,Northern Iowa,0.7587565683651907,0.24124343163480938
Michigan St.,Cal Baptist,0.8248733898199759,0.17512661018002398
Michigan St.,North Dakota St.,0.8518758958733229,0.1481241041266771
Michigan St.,Furman,0.9167540977022226,0.08324590229777731
Michigan St.,Siena,0.9174263607023584,0.08257363929764176
Michigan St.,Michigan,0.28837103810769055,0.7116289618923095
Michigan St.,Iowa St.,0.4319171074860869,0.5680828925139131
Michigan St.,Virginia,0.4777365680984926,0.5222634319015074
Michigan St.,Alabama,0.5246052323348643,0.4753947676651356
Michigan St.,Texas Tech,0.5632107348420675,0.4367892651579324
Michigan St.,Tennessee,0.573710728684871,0.4262892713151289
Michigan St.,Kentucky,0.6452986310955694,0.3547013689044306
Michigan St.,Georgia,0.6532859165539067,0.3467140834460934
Michigan St.,Saint Louis,0.682888003524268,0.31711199647573196
Michigan St.,Santa Clara,0.6497994267226754,0.3502005732773246
Michigan St.,Miami (Ohio),0.799625212843304,0.20037478715669588
Michigan St.,SMU,0.7497004431750448,0.25029955682495525
Michigan St.,Akron,0.727236143218032,0.2727638567819681
Michigan St.,Hofstra,0.8039519263822055,0.1960480736177945
Michigan St.,Wright St.,0.8688794569638904,0.13112054303610957
Michigan St.,Tennessee St.,0.9128232591522611,0.08717674084773885
Michigan St.,Howard,0.9237680058225123,0.07623199417748772
Michigan St.,UMBC,0.9088698410234135,0.09113015897658651
Michigan St.,Florida,0.3644281616121472,0.6355718383878528
Michigan St.,Houston,0.37541674769216754,0.6245832523078325
Michigan St.,Illinois,0.43614230685138333,0.5638576931486167
Michigan St.,Nebraska,0.5563734416306519,0.4436265583693481
Michigan St.,Vanderbilt,0.4900286439739527,0.5099713560260474
Michigan St.,North Carolina,0.6045531124534375,0.3954468875465626
Michigan St.,Saint Mary's,0.564786074071608,0.43521392592839203
Michigan St.,Clemson,0.6600063751911386,0.3399936248088614
Michigan St.,Iowa,0.6635076095389133,0.33649239046108675
Michigan St.,Texas A&M,0.7124241294885669,0.2875758705114331
Michigan St.,VCU,0.6561823206389958,0.3438176793610041
Michigan St.,McNeese,0.7410155286373538,0.25898447136264624
Michigan St.,Troy,0.8842868433334092,0.1157131566665907
Michigan St.,Penn,0.8817705815693163,0.11822941843068373
Michigan St.,Idaho,0.8832285907758841,0.11677140922411584
Michigan St.,Lehigh,0.9562107701009042,0.04378922989909587
Michigan St.,Prairie View A&M,0.9395302144625259,0.06046978553747409
Michigan St.,Arizona,0.2891291215203021,0.7108708784796979
Michigan St.,Purdue,0.38861041700892185,0.6113895829910782
Michigan St.,Gonzaga,0.45662164016661394,0.5433783598333861
Michigan St.,Arkansas,0.46166029555769517,0.538339704442305
Michigan St.,Wisconsin,0.5230312690258274,0.47696873097417264
Michigan St.,BYU,0.6251301729288767,0.3748698270711233
Michigan St.,Miami (FL),0.6536210815276264,0.34637891847237356
Michigan St.,Villanova,0.6727712628499103,0.3272287371500897
Michigan St.,Utah St.,0.6037822531931306,0.39621774680686933
Michigan St.,Missouri,0.7405051494281024,0.2594948505718976
Michigan St.,NC State,0.7163582386260269,0.2836417613739732
Michigan St.,Texas,0.7469270520628081,0.25307294793719187
Michigan St.,High Point,0.7766116508537291,0.22338834914627087
Michigan St.,Hawaii,0.8536605783496727,0.14633942165032726
Michigan St.,Kennesaw St.,0.9045814601370232,0.09541853986297684
Michigan St.,Queens (N.C.),0.9209864783333855,0.07901352166661436
Michigan St.,Long Island,0.932416148227578,0.067583851772422
Kansas,St. John's,0.3696374744466225,0.6303625255533775
Kansas,Louisville,0.4524858636890988,0.5475141363109013
Kansas,UCLA,0.4786201700361137,0.5213798299638863
Kansas,Ohio St.,0.46900136208101645,0.5309986379189836
Kansas,TCU,0.5948418110542169,0.40515818894578315
Kansas,UCF,0.7072895934351338,0.29271040656486624
Kansas,South Florida,0.5842634351575675,0.41573656484243243
Kansas,Northern Iowa,0.6803771729119411,0.3196228270880589
Kansas,Cal Baptist,0.7612149314003481,0.23878506859965182
Kansas,North Dakota St.,0.7956006327800496,0.20439936721995036
Kansas,Furman,0.881704533976678,0.1182954660233219
Kansas,Siena,0.8826236043506055,0.11737639564939448
Kansas,Michigan,0.21523100837052975,0.7847689916294703
Kansas,Iowa St.,0.33975135288398595,0.660248647116014
Kansas,Virginia,0.3823745778756576,0.6176254221243425
Kansas,Alabama,0.42754653356808614,0.5724534664319137
Kansas,Texas Tech,0.46601105152582173,0.5339889484741783
Kansas,Tennessee,0.4766765252570201,0.52332347474298
Kansas,Kentucky,0.5518301901503349,0.4481698098496651
Kansas,Georgia,0.5604886868220255,0.4395113131779746
Kansas,Saint Louis,0.5930786375225136,0.4069213624774865
Kansas,Santa Clara,0.5567022507255678,0.4432977492744323
Kansas,Miami (Ohio),0.7297954007189315,0.27020459928106866
Kansas,SMU,0.6696597313251335,0.3303402686748665
Kansas,Akron,0.6434284716920942,0.3565715283079058
Kansas,Hofstra,0.7351304958108953,0.2648695041891047
Kansas,Wright St.,0.8176816156331261,0.1823183843668738
Kansas,Tennessee St.,0.8763419102490941,0.12365808975090575
Kansas,Howard,0.8913214707014651,0.108678529298535
Kansas,UMBC,0.8709679415630303,0.12903205843696974
Kansas,Florida,0.2795762548433687,0.7204237451566314
Kansas,Houston,0.2891703793298694,0.7108296206701307
Kansas,Illinois,0.34362030736832205,0.6563796926316778
Kansas,Nebraska,0.4591134493637826,0.5408865506362174
Kansas,Vanderbilt,0.3940643614507903,0.6059356385492096
Kansas,North Carolina,0.508525231507606,0.491474768492394
Kansas,Saint Mary's,0.46760557199395664,0.5323944280060434
Kansas,Clemson,0.5678179185126309,0.4321820814873692
Kansas,Iowa,0.5716523701446389,0.4283476298553611
Kansas,Texas A&M,0.6264033815912096,0.3735966184087904
Kansas,VCU,0.563642507089006,0.43635749291099396
Kansas,McNeese,0.6594590886373896,0.3405409113626105
Kansas,Troy,0.8379832437906439,0.1620167562093561
Kansas,Penn,0.8346483581346567,0.16535164186534332
Kansas,Idaho,0.8365797814507433,0.16342021854925656
Kansas,Lehigh,0.9366254824557473,0.06337451754425286
Kansas,Prairie View A&M,0.9131618693411868,0.0868381306588133
Kansas,Arizona,0.21585513939435558,0.7841448606056444
Kansas,Purdue,0.3007927216301566,0.6992072783698434
Kansas,Gonzaga,0.362548588120471,0.637451411879529
Kansas,Arkansas,0.3672507718830138,0.6327492281169862
Kansas,Wisconsin,0.42600282532880673,0.5739971746711933
Kansas,BYU,0.5302161993258904,0.46978380067410974
Kansas,Miami (FL),0.5608532563757217,0.43914674362427836
Kansas,Villanova,0.5818511419025114,0.4181488580974886
Kansas,Utah St.,0.507719608701665,0.49228039129833506
Kansas,Missouri,0.658861977864428,0.34113802213557204
Kansas,NC State,0.6309046025549165,0.36909539744508346
Kansas,Texas,0.6663941122897057,0.3336058877102943
Kansas,High Point,0.7017530812490523,0.2982469187509476
Kansas,Hawaii,0.7979024952199995,0.20209750478000052
Kansas,Kennesaw St.,0.865160592960643,0.13483940703935698
Kansas,Queens (N.C.),0.8875002242746649,0.112499775725335
Kansas,Long Island,0.903265056325005,0.09673494367499498
St. John's,Louisville,0.5849532113501855,0.41504678864981454
St. John's,UCLA,0.6102113888584463,0.38978861114155366
St. John's,Ohio St.,0.6009964182725256,0.3990035817274743
St. John's,TCU,0.7145916482593363,0.2854083517406637
St. John's,UCF,0.8047151039363335,0.1952848960636665
St. John's,South Florida,0.7055923998879532,0.2944076001120468
St. John's,Northern Iowa,0.7840249648751552,0.21597503512484478
St. John's,Cal Baptist,0.8446345891002809,0.15536541089971911
St. John's,North Dakota St.,0.8690737662463937,0.1309262337536064
St. John's,Furman,0.9270642478921202,0.07293575210787989
St. John's,Siena,0.9276598199879083,0.0723401800120918
St. John's,Michigan,0.318666865453263,0.6813331345467369
St. John's,Iowa St.,0.4673888349103548,0.5326111650896452
St. John's,Virginia,0.513569392836639,0.48643060716336084
St. John's,Alabama,0.5601828182002587,0.4398171817997413
St. John's,Texas Tech,0.5981124775641675,0.4018875224358324
St. John's,Tennessee,0.6083568903764314,0.39164310962356863
St. John's,Kentucky,0.6773981997579772,0.3226018002420228
St. John's,Georgia,0.6850154850424665,0.31498451495753355
St. John's,Saint Louis,0.7130982549321135,0.28690174506788646
St. John's,Santa Clara,0.6816925995226509,0.31830740047734907
St. John's,Miami (Ohio),0.8216193030507348,0.1783806969492652
St. John's,SMU,0.7756369117159788,0.22436308828402107
St. John's,Akron,0.7547388752127546,0.24526112478724538
St. John's,Hofstra,0.8255746921840251,0.17442530781597496
St. John's,Wright St.,0.8843711034080629,0.11562889659193709
St. John's,Tennessee St.,0.9235796676226979,0.07642033237730199
St. John's,Howard,0.9332726997607425,0.06672730023925756
St. John's,UMBC,0.9200713342827692,0.07992866571723084
St. John's,Florida,0.3982428106341527,0.6017571893658473
St. John's,Houston,0.40959392018233226,0.5904060798176677
St. John's,Illinois,0.47167292397926236,0.5283270760207377
St. John's,Nebraska,0.5914251869658976,0.40857481303410237
St. John's,Vanderbilt,0.5258551281497844,0.4741448718502155
St. John's,North Carolina,0.6382730665164075,0.36172693348359247
St. John's,Saint Mary's,0.599651417036283,0.400348582963717
St. John's,Clemson,0.6914114350532499,0.3085885649467501
St. John's,Iowa,0.6947388419145384,0.30526115808546167
St. John's,Texas A&M,0.7408882278332424,0.2591117721667577
St. John's,VCU,0.6877735074494935,0.3122264925505065
St. John's,McNeese,0.767572935798745,0.23242706420125497
St. John's,Troy,0.898171472735223,0.10182852726477709
St. John's,Penn,0.8959216052260985,0.10407839477390153
St. John's,Idaho,0.8972254436041518,0.10277455639584827
St. John's,Lehigh,0.9618375682711767,0.03816243172882325
St. John's,Prairie View A&M,0.9471820243217708,0.05281797567822908
St. John's,Arizona,0.31946883809840604,0.6805311619015939
St. John's,Purdue,0.42317491419916453,0.5768250858008355
St. John's,Gonzaga,0.4923637959842294,0.5076362040157706
St. John's,Arkansas,0.49743579799225707,0.502564202007743
St. John's,Wisconsin,0.5586275435632874,0.4413724564367127
St. John's,BYU,0.6580878546642092,0.3419121453357908
St. John's,Miami (FL),0.6853347513212714,0.3146652486787286
St. John's,Villanova,0.703526878483287,0.296473121516713
St. John's,Utah St.,0.6375285281902812,0.36247147180971884
St. John's,Missouri,0.7670984437213513,0.23290155627864875
St. John's,NC State,0.7445725522793455,0.25542744772065457
St. John's,Texas,0.7730639124664169,0.22693608753358302
St. John's,High Point,0.8005015881846119,0.1994984118153881
St. John's,Hawaii,0.8706826941503344,0.12931730584966555
St. John's,Kennesaw St.,0.9162615047388708,0.08373849526112923
St. John's,Queens (N.C.),0.9308120015718264,0.06918799842817352
St. John's,Long Island,0.9409115521816592,0.05908844781834088
Louisville,UCLA,0.5262409331412499,0.4737590668587501
Louisville,Ohio St.,0.5166133759974268,0.4833866240025731
Louisville,TCU,0.6398353718642918,0.36016462813570815
Louisville,UCF,0.7451457840507665,0.25485421594923346
Louisville,South Florida,0.6297004425671173,0.3702995574328827
Louisville,Northern Iowa,0.7203377217799004,0.2796622782200996
Louisville,Cal Baptist,0.794126956304562,0.20587304369543805
Louisville,North Dakota St.,0.8248636575370221,0.17513634246297782
Louisville,Furman,0.9001869312633204,0.09981306873667958
Louisville,Siena,0.9009785334431226,0.09902146655687748
Louisville,Michigan,0.24916965171094102,0.7508303482890589
Louisville,Iowa St.,0.38372415673539845,0.6162758432646015
Louisville,Virginia,0.4282855020645948,0.5717144979354051
Louisville,Alabama,0.4747124539077994,0.5252875460922005
Louisville,Texas Tech,0.5136131262105875,0.4863868737894125
Louisville,Tennessee,0.5242983708768737,0.47570162912312636
Louisville,Kentucky,0.5983752645014698,0.4016247354985301
Louisville,Georgia,0.6067753053037345,0.3932246946962656
Louisville,Saint Louis,0.6381488917173934,0.36185110828260664
Louisville,Santa Clara,0.6031052594047168,0.3968947405952832
Louisville,Miami (Ohio),0.7657051005891294,0.23429489941087056
Louisville,SMU,0.7103898587582801,0.28961014124171996
Louisville,Akron,0.6858757249935928,0.31412427500640716
Louisville,Hofstra,0.7705540868172824,0.22944591318271754
Louisville,Wright St.,0.8444016514438856,0.1555983485561144
Louisville,Tennessee St.,0.8955629171131404,0.10443708288685953
Louisville,Howard,0.9084573258476475,0.09154267415235252
Louisville,UMBC,0.8909202877943402,0.10907971220565991
Louisville,Florida,0.31952996437438175,0.6804700356256183
Louisville,Houston,0.32986737815549944,0.6701326218445005
Louisville,Illinois,0.3877997415795709,0.6122002584204291
Louisville,Nebraska,0.5066794903682863,0.49332050963171364
Louisville,Vanderbilt,0.4403780843326138,0.5596219156673863
Louisville,North Carolina,0.5559487154549538,0.4440512845450462
Louisville,Saint Mary's,0.5152133735937335,0.48478662640626635
Louisville,Clemson,0.6138644289512354,0.38613557104876456
Louisville,Iowa,0.6175654992599279,0.3824345007400722
Louisville,Texas A&M,0.6698373803405641,0.3301626196594359
Louisville,VCU,0.6098281972174563,0.3901718027825437
Louisville,McNeese,0.7008851506580944,0.2991148493419057
Louisville,Troy,0.8622292483089934,0.13777075169100653
Louisville,Penn,0.8593096427304536,0.14069035726954632
Louisville,Idaho,0.8610009774766951,0.13899902252330493
Louisville,Lehigh,0.9470424572629567,0.0529575427370433
Louisville,Prairie View A&M,0.9271355625446871,0.07286443745531289
Louisville,Arizona,0.2498608642355428,0.7501391357644571
Louisville,Purdue,0.3423376597121982,0.6576623402878018
Louisville,Gonzaga,0.4076502212477563,0.5923497787522438
Louisville,Arkansas,0.41255877844383404,0.587441221556166
Louisville,Wisconsin,0.47313920083197686,0.5268607991680232
Louisville,BYU,0.5772864957956383,0.42271350420436166
Louisville,Miami (FL),0.6071283928661928,0.3928716071338072
Louisville,Villanova,0.6273836541103263,0.37261634588967374
Louisville,Utah St.,0.5551528268719366,0.4448471731280634
Louisville,Missouri,0.7003276692015042,0.2996723307984957
Louisville,NC State,0.674087566168747,0.32591243383125307
Louisville,Texas,0.7073509228573078,0.2926490771426923
Louisville,High Point,0.7400621557612943,0.2599378442387058
Louisville,Hawaii,0.8269076688334149,0.17309233116658507
Louisville,Kennesaw St.,0.8858932872107073,0.11410671278929274
Louisville,Queens (N.C.),0.9051744933496478,0.09482550665035212
Louisville,Long Island,0.9186895045178203,0.08131049548217974
UCLA,Ohio St.,0.4903556249761538,0.5096443750238463
UCLA,TCU,0.6152865738477319,0.38471342615226817
UCLA,UCF,0.7246863489396641,0.2753136510603358
UCLA,South Florida,0.6048874303904792,0.39511256960952085
UCLA,Northern Iowa,0.6986920326028785,0.30130796739712146
UCLA,Cal Baptist,0.7764198397733777,0.22358016022662236
UCLA,North Dakota St.,0.809164908328278,0.19083509167172194
UCLA,Furman,0.8903423740546372,0.10965762594536275
UCLA,Siena,0.8912026156167049,0.1087973843832952
UCLA,Michigan,0.23003634584423718,0.7699636541557627
UCLA,Iowa St.,0.35920163198565763,0.6407983680143423
UCLA,Virginia,0.402776411839729,0.5972235881602711
UCLA,Alabama,0.44860792946614164,0.5513920705338583
UCLA,Texas Tech,0.4873541235720284,0.5126458764279717
UCLA,Tennessee,0.498052470663903,0.501947529336097
UCLA,Kentucky,0.5728869499759828,0.4271130500240171
UCLA,Georgia,0.5814471944111423,0.41855280558885777
UCLA,Saint Louis,0.6135545706316341,0.386445429368366
UCLA,Santa Clara,0.577705277084047,0.4222947229159531
UCLA,Miami (Ohio),0.7463342825713,0.2536657174287
UCLA,SMU,0.6883073747834719,0.311692625216528
UCLA,Akron,0.6628112739799137,0.3371887260200863
UCLA,Hofstra,0.7514540376745383,0.2485459623254617
UCLA,Wright St.,0.8300934933954723,0.16990650660452755
UCLA,Tennessee St.,0.8853203943631632,0.11467960563683666
UCLA,Howard,0.8993372611743164,0.10066273882568344
UCLA,UMBC,0.8802833115884641,0.1197166884115359
UCLA,Florida,0.2971319223893138,0.7028680776106861
UCLA,Houston,0.30707171113323467,0.6929282888667653
UCLA,Illinois,0.3631702466851181,0.6368297533148819
UCLA,Nebraska,0.4804248329944366,0.5195751670055634
UCLA,Vanderbilt,0.41467115097316726,0.5853288490268327
UCLA,North Carolina,0.5298832744128453,0.4701167255871547
UCLA,Saint Mary's,0.4889548029021356,0.5110451970978644
UCLA,Clemson,0.5886834075694132,0.41131659243058694
UCLA,Iowa,0.5924656021555136,0.4075343978444864
UCLA,Texas A&M,0.6462027696706191,0.35379723032938093
UCLA,VCU,0.5845620939948937,0.4154379060051063
UCLA,McNeese,0.6784060254606545,0.32159397453934546
UCLA,Troy,0.8492678032446257,0.15073219675537441
UCLA,Penn,0.8461225416974175,0.15387745830258254
UCLA,Idaho,0.8479443553470327,0.1520556446529672
UCLA,Lehigh,0.9415190296929581,0.05848097030704194
UCLA,Prairie View A&M,0.9197118841321728,0.08028811586782722
UCLA,Arizona,0.2306907891388696,0.7693092108611305
UCLA,Purdue,0.3190905656334812,0.6809094343665189
UCLA,Gonzaga,0.3825477966493697,0.6174522033506302
UCLA,Arkansas,0.38735174863874244,0.6126482513612576
UCLA,Wisconsin,0.44704756230932746,0.5529524376906725
UCLA,BYU,0.55146304523945,0.44853695476055
UCLA,Miami (FL),0.5818073503274819,0.4181926496725182
UCLA,Villanova,0.6025133930833175,0.3974866069166825
UCLA,Utah St.,0.5290802405977738,0.4709197594022263
UCLA,Missouri,0.6778259062683926,0.3221740937316074
UCLA,NC State,0.6505985014844787,0.34940149851552127
UCLA,Texas,0.6851394246605065,0.31486057533949346
UCLA,High Point,0.7193483221402789,0.2806516778597211
UCLA,Hawaii,0.811350236181394,0.18864976381860596
UCLA,Kennesaw St.,0.8748349694646944,0.1251650305353057
UCLA,Queens (N.C.),0.8957648979992596,0.10423510200074032
UCLA,Long Island,0.9104883922590881,0.08951160774091198
Ohio St.,TCU,0.6243777826863526,0.3756222173136473
Ohio St.,UCF,0.7323170375988205,0.26768296240117956
Ohio St.,South Florida,0.6140702435745392,0.3859297564254608
Ohio St.,Northern Iowa,0.7067516475837184,0.29324835241628155
Ohio St.,Cal Baptist,0.783045930068126,0.21695406993187405
Ohio St.,North Dakota St.,0.8150517215556295,0.18494827844437042
Ohio St.,Furman,0.8940529294527704,0.1059470705472296
Ohio St.,Siena,0.8948874989812554,0.10511250101874453
Ohio St.,Michigan,0.236941087804568,0.7630589121954321
Ohio St.,Iowa St.,0.36812973400375637,0.6318702659962436
Ohio St.,Virginia,0.4120910718592305,0.5879089281407694
Ohio St.,Alabama,0.45816937202372043,0.5418306279762796
Ohio St.,Texas Tech,0.4969970336098348,0.5030029663901653
Ohio St.,Tennessee,0.5076974240014736,0.4923025759985264
Ohio St.,Kentucky,0.5822999144034019,0.417700085596598
Ohio St.,Georgia,0.5908062535393506,0.40919374646064943
Ohio St.,Saint Louis,0.6226616079038073,0.3773383920961927
Ohio St.,Santa Clara,0.5870885887933838,0.4129114112066163
Ohio St.,Miami (Ohio),0.7535690013131905,0.24643099868680943
Ohio St.,SMU,0.6965241145722064,0.3034758854277937
Ohio St.,Akron,0.6713792413635958,0.32862075863640416
Ohio St.,Hofstra,0.7585899689375959,0.24141003106240402
Ohio St.,Wright St.,0.8354659836054456,0.16453401639455448
Ohio St.,Tennessee St.,0.8891797304018788,0.11082026959812116
Ohio St.,Howard,0.9027766868419976,0.09722331315800233
Ohio St.,UMBC,0.8842900063847856,0.11570999361521445
Ohio St.,Florida,0.30525217301504953,0.6947478269849505
Ohio St.,Houston,0.315341731710435,0.6846582682895649
Ohio St.,Illinois,0.37213970477039593,0.6278602952296041
Ohio St.,Nebraska,0.4900617030039152,0.5099382969960847
Ohio St.,Vanderbilt,0.42406556702904213,0.5759344329709578
Ohio St.,North Carolina,0.539482133563663,0.46051786643633696
Ohio St.,Saint Mary's,0.4985985807867316,0.5014014192132684
Ohio St.,Clemson,0.5979925320942713,0.40200746790572867
Ohio St.,Iowa,0.6017470361634315,0.39825296383656855
Ohio St.,Texas A&M,0.6549730752627402,0.3450269247372598
Ohio St.,VCU,0.5939001484999428,0.4060998515000573
Ohio St.,McNeese,0.6867649981422157,0.3132350018577842
Ohio St.,Troy,0.8541405316970341,0.14585946830296587
Ohio St.,Penn,0.8510791179186447,0.14892088208135526
Ohio St.,Idaho,0.85285245419145,0.14714754580855
Ohio St.,Lehigh,0.9436075698793985,0.056392430120601494
Ohio St.,Prairie View A&M,0.9225151327420211,0.07748486725797898
Ohio St.,Arizona,0.23760911278732333,0.7623908872126767
Ohio St.,Purdue,0.3275312756139277,0.6724687243860723
Ohio St.,Gonzaga,0.39170146969100444,0.6082985303089956
Ohio St.,Arkansas,0.3965465472418656,0.6034534527581344
Ohio St.,Wisconsin,0.4566032877153481,0.5433967122846519
Ohio St.,BYU,0.5609863431229171,0.4390136568770828
Ohio St.,Miami (FL),0.5911640187219397,0.40883598127806026
Ohio St.,Villanova,0.6117159638196865,0.3882840361803134
Ohio St.,Utah St.,0.5386812213648026,0.4613187786351975
Ohio St.,Missouri,0.6861929827370514,0.3138070172629485
Ohio St.,NC State,0.6593172886728181,0.34068271132718186
Ohio St.,Texas,0.6934024773825893,0.30659752261741074
Ohio St.,High Point,0.7270712407796138,0.2729287592203862
Ohio St.,Hawaii,0.8171848676747497,0.18281513232525032
Ohio St.,Kennesaw St.,0.8789989454272342,0.12100105457276582
Ohio St.,Queens (N.C.),0.8993127180272406,0.10068728197275949
Ohio St.,Long Island,0.9135834190779519,0.08641658092204796
TCU,UCF,0.6220452873055794,0.37795471269442066
TCU,South Florida,0.48907230066427515,0.5109276993357248
TCU,Northern Iowa,0.5918184222090501,0.4081815777909499
TCU,Cal Baptist,0.6846736079803134,0.3153263920196866
TCU,North Dakota St.,0.7261157079802025,0.27388429201979747
TCU,Furman,0.8354359233775568,0.16456407662244332
TCU,Siena,0.8366478682783783,0.16335213172162172
TCU,Michigan,0.15740087539855555,0.8425991246014445
TCU,Iowa St.,0.2595285441232194,0.7404714558767806
TCU,Virginia,0.2966087421560332,0.7033912578439667
TCU,Alabama,0.33718006799864575,0.6628199320013544
TCU,Texas Tech,0.3728092750372858,0.6271907249627142
TCU,Tennessee,0.3828710898146902,0.6171289101853098
TCU,Kentucky,0.45612569279099263,0.5438743072090074
TCU,Georgia,0.4648400452940535,0.5351599547059465
TCU,Saint Louis,0.4981722881607404,0.5018277118392597
TCU,Santa Clara,0.4610219844918942,0.5389780155081059
TCU,Miami (Ohio),0.6478419881823818,0.3521580118176182
TCU,SMU,0.579964716911521,0.420035283088479
TCU,Akron,0.5513824878581648,0.44861751214183526
TCU,Hofstra,0.6540281173104753,0.34597188268952467
TCU,Wright St.,0.7533761968306512,0.24662380316934884
TCU,Tennessee St.,0.8283840837470956,0.17161591625290432
TCU,Howard,0.8481665704761112,0.1518334295238887
TCU,UMBC,0.8213508234847835,0.17864917651521653
TCU,Florida,0.20906304274624232,0.7909369572537577
TCU,Houston,0.21696614058497532,0.7830338594150248
TCU,Illinois,0.2628476391065549,0.737152360893445
TCU,Nebraska,0.36634476703921376,0.6336552329607863
TCU,Vanderbilt,0.30697974700751807,0.6930202529924819
TCU,North Carolina,0.4134033501240206,0.5865966498759795
TCU,Saint Mary's,0.374308432983061,0.625691567016939
TCU,Clemson,0.4722624793891335,0.5277375206108664
TCU,Iowa,0.4761625974118013,0.5238374025881988
TCU,Texas A&M,0.5331512840924678,0.46684871590753224
TCU,VCU,0.46802878681943494,0.5319712131805651
TCU,McNeese,0.5687778970847455,0.4312221029152545
TCU,Troy,0.7789022105206462,0.2210977894793537
TCU,Penn,0.7746782172602437,0.2253217827397563
TCU,Idaho,0.7771230805546906,0.22287691944530943
TCU,Lehigh,0.9096364247618666,0.09036357523813358
TCU,Prairie View A&M,0.8774874752813308,0.12251252471866926
TCU,Arizona,0.15789104915628333,0.8421089508437167
TCU,Purdue,0.226611613525659,0.7733883864743409
TCU,Gonzaga,0.2792192907439644,0.7207807092560355
TCU,Arkansas,0.28332106555854053,0.7166789344414595
TCU,Wisconsin,0.33577126056632906,0.664228739433671
TCU,BYU,0.4346249921860176,0.5653750078139824
TCU,Miami (FL),0.4652082523535116,0.5347917476464885
TCU,Villanova,0.4865930221705619,0.5134069778294381
TCU,Utah St.,0.41262190507011093,0.587378094929889
TCU,Missouri,0.5681259133235778,0.4318740866764223
TCU,NC State,0.5379472887058346,0.46205271129416536
TCU,Texas,0.5763733275016737,0.4236266724983263
TCU,High Point,0.6157723103823604,0.3842276896176397
TCU,Hawaii,0.7289334745738657,0.2710665254261344
TCU,Kennesaw St.,0.8137877950683656,0.18621220493163437
TCU,Queens (N.C.),0.8430950664897922,0.15690493351020782
TCU,Long Island,0.8641298520965388,0.1358701479034611
UCF,South Florida,0.36773261973161253,0.6322673802683875
UCF,Northern Iowa,0.4683546636218056,0.5316453363781943
UCF,Cal Baptist,0.5688339924161728,0.4311660075838272
UCF,North Dakota St.,0.6169837182720912,0.3830162817279088
UCF,Furman,0.7551767148622656,0.24482328513773438
UCF,Siena,0.7568076751202776,0.2431923248797225
UCF,Michigan,0.10193254315847822,0.8980674568415218
UCF,Iowa St.,0.1755693491507868,0.8244306508492132
UCF,Virginia,0.20395799216946534,0.7960420078305346
UCF,Alabama,0.23611022358442255,0.7638897764155774
UCF,Texas Tech,0.26533484345035857,0.7346651565496414
UCF,Tennessee,0.27376211336847234,0.7262378866315277
UCF,Kentucky,0.33755965190320647,0.6624403480967935
UCF,Georgia,0.345447562042149,0.654552437957851
UCF,Saint Louis,0.37623742856226683,0.6237625714377331
UCF,Santa Clara,0.34198348790398064,0.6580165120960193
UCF,Miami (Ohio),0.5278033723443767,0.4721966276556233
UCF,SMU,0.4562099871655116,0.5437900128344885
UCF,Akron,0.4275190922180506,0.5724809077819494
UCF,Hofstra,0.5345832714948973,0.4654167285051028
UCF,Wright St.,0.6498686897455002,0.3501313102544998
UCF,Tennessee St.,0.745732380241998,0.25426761975800205
UCF,Howard,0.7724248948099212,0.22757510519007884
UCF,UMBC,0.7363897487298935,0.26361025127010657
UCF,Florida,0.1383787930894974,0.8616212069105026
UCF,Houston,0.1440966569491267,0.8559033430508733
UCF,Illinois,0.17807291650590437,0.8219270834940956
UCF,Nebraska,0.25996150322424944,0.7400384967757505
UCF,Vanderbilt,0.21206613625072726,0.7879338637492728
UCF,North Carolina,0.29982061663472115,0.7001793833652789
UCF,Saint Mary's,0.26658551752402876,0.7334144824759712
UCF,Clemson,0.3522182945057903,0.6477817054942097
UCF,Iowa,0.35579541462516934,0.6442045853748306
UCF,Texas A&M,0.40964368537387086,0.5903563146261291
UCF,VCU,0.34835040746997437,0.6516495925300255
UCF,McNeese,0.44488196253856743,0.5551180374614326
UCF,Troy,0.681579898244672,0.3184201017553279
UCF,Penn,0.6762693706929025,0.3237306293070975
UCF,Idaho,0.6793400368033117,0.32065996319668827
UCF,Lehigh,0.8594784882284507,0.14052151177154926
UCF,Prairie View A&M,0.8131502214854837,0.18684977851451637
UCF,Arizona,0.10227094504151742,0.8977290549584825
UCF,Purdue,0.15112786742815157,0.8488721325718485
UCF,Gonzaga,0.19052908234000837,0.8094709176599916
UCF,Arkansas,0.1936780739285746,0.8063219260714254
UCF,Wisconsin,0.23497400192357057,0.7650259980764295
UCF,BYU,0.318376200550631,0.681623799449369
UCF,Miami (FL),0.34578230257189835,0.6542176974281018
UCF,Villanova,0.36542850982268077,0.6345714901773192
UCF,Utah St.,0.29914438301257595,0.700855616987424
UCF,Missouri,0.44422569611850204,0.555774303881498
UCF,NC State,0.41431466767965447,0.5856853323203455
UCF,Texas,0.45255925870630287,0.5474407412936971
UCF,High Point,0.49335124995572466,0.5066487500442753
UCF,Hawaii,0.6203371931159307,0.3796628068840693
UCF,Kennesaw St.,0.7264279359879688,0.2735720640120312
UCF,Queens (N.C.),0.7655228821695756,0.23447711783042438
UCF,Long Island,0.7944212836543358,0.20557871634566421
South Florida,Northern Iowa,0.6023354028625509,0.3976645971374491
South Florida,Cal Baptist,0.69403501194486,0.30596498805514005
South Florida,North Dakota St.,0.7347234714371215,0.26527652856287853
South Florida,Furman,0.8413585648352281,0.1586414351647719
South Florida,Siena,0.8425351131582414,0.15746488684175863
South Florida,Michigan,0.1632861908576777,0.8367138091423223
South Florida,Iowa St.,0.26801783271687846,0.7319821672831215
South Florida,Virginia,0.3058100160129803,0.6941899839870197
South Florida,Alabama,0.3470190032555144,0.6529809967444856
South Florida,Texas Tech,0.38308698383270234,0.6169130161672977
South Florida,Tennessee,0.39325226229039584,0.6067477377096041
South Florida,Kentucky,0.46699008634311306,0.533009913656887
South Florida,Georgia,0.4757304454879147,0.5242695545120852
South Florida,Saint Louis,0.5091007145593023,0.4908992854406977
South Florida,Santa Clara,0.4719018112537196,0.5280981887462805
South Florida,Miami (Ohio),0.6577502594074309,0.3422497405925691
South Florida,SMU,0.5905758246168668,0.4094241753831333
South Florida,Akron,0.5621705540248972,0.4378294459751027
South Florida,Hofstra,0.6638526472681109,0.3361473527318891
South Florida,Wright St.,0.7614087225225012,0.23859127747749875
South Florida,Tennessee St.,0.8345102463767853,0.16548975362321477
South Florida,Howard,0.853711265955954,0.14628873404404605
South Florida,UMBC,0.8276758241206396,0.17232417587936044
South Florida,Florida,0.2163839725628413,0.7836160274371586
South Florida,Houston,0.22448527208520014,0.7755147279147998
South Florida,Illinois,0.271405702803648,0.7285942971963519
South Florida,Nebraska,0.3765512569923319,0.6234487430076681
South Florida,Vanderbilt,0.31635804648042154,0.6836419535195785
South Florida,North Carolina,0.42404353840708786,0.5759564615929121
South Florida,Saint Mary's,0.3846021273345208,0.6153978726654793
South Florida,Clemson,0.4831697732674979,0.5168302267325021
South Florida,Iowa,0.487076831427818,0.512923168572182
South Florida,Texas A&M,0.5440152023602554,0.45598479763974453
South Florida,VCU,0.478927036958619,0.5210729630413811
South Florida,McNeese,0.5794666927838465,0.4205333072161534
South Florida,Troy,0.7863391385368497,0.21366086146315036
South Florida,Penn,0.7822174993146054,0.21778250068539456
South Florida,Idaho,0.7846033030067728,0.2153966969932272
South Florida,Lehigh,0.9131661630095248,0.08683383699047517
South Florida,Prairie View A&M,0.8821102490775334,0.11788975092246644
South Florida,Arizona,0.16379112979062,0.83620887020938
South Florida,Purdue,0.23436496775597343,0.7656350322440266
South Florida,Gonzaga,0.2881020689178905,0.7118979310821095
South Florida,Arkansas,0.2922814188002327,0.7077185811997673
South Florida,Wisconsin,0.34559052077846897,0.654409479221531
South Florida,BYU,0.4453966573528204,0.5546033426471796
South Florida,Miami (FL),0.4760996045646373,0.5239003954353627
South Florida,Villanova,0.49751926772351757,0.5024807322764824
South Florida,Utah St.,0.4232564928485761,0.5767435071514239
South Florida,Missouri,0.5788189027363185,0.42118109726368136
South Florida,NC State,0.5487940530409965,0.45120594695900346
South Florida,Texas,0.5870105561010024,0.4129894438989976
South Florida,High Point,0.6260620726000654,0.3739379273999346
South Florida,Hawaii,0.7374846966787314,0.26251530332126866
South Florida,Kennesaw St.,0.8203219853701618,0.17967801462983815
South Florida,Queens (N.C.),0.8487919473196982,0.1512080526803018
South Florida,Long Island,0.8691815085905328,0.13081849140946725
Northern Iowa,Cal Baptist,0.5996114047259024,0.40038859527409776
Northern Iowa,North Dakota St.,0.6464602772414858,0.35353972275851425
Northern Iowa,Furman,0.7778474098833964,0.2221525901166035
Northern Iowa,Siena,0.7793714661900807,0.22062853380991937
Northern Iowa,Michigan,0.1141349441755716,0.8858650558244283
Northern Iowa,Iowa St.,0.19467598438793587,0.8053240156120641
Northern Iowa,Virginia,0.22530975220265162,0.7746902477973484
Northern Iowa,Alabama,0.25972968497674986,0.74027031502325
Northern Iowa,Texas Tech,0.29076501545987715,0.7092349845401229
Northern Iowa,Tennessee,0.29967051489922236,0.7003294851007776
Northern Iowa,Kentucky,0.36645913192541746,0.6335408680745825
Northern Iowa,Georgia,0.37464043208581427,0.6253595679141858
Northern Iowa,Saint Louis,0.40641668566702444,0.5935833143329756
Northern Iowa,Santa Clara,0.3710495650697088,0.6289504349302912
Northern Iowa,Miami (Ohio),0.5592402193886821,0.4407597806113179
Northern Iowa,SMU,0.4877876303943129,0.5122123696056871
Northern Iowa,Akron,0.45878630402916076,0.5412136959708391
Northern Iowa,Hofstra,0.5659399493461442,0.4340600506538557
Northern Iowa,Wright St.,0.6781347073364545,0.32186529266354547
Northern Iowa,Tennessee St.,0.7690101204201664,0.23098987957983363
Northern Iowa,Howard,0.793934229741331,0.20606577025866893
Northern Iowa,UMBC,0.7602478115203163,0.23975218847968366
Northern Iowa,Florida,0.1541950826459689,0.8458049173540311
Northern Iowa,Houston,0.16044478504336754,0.8395552149566324
Northern Iowa,Illinois,0.19738677504724955,0.8026132249527504
Northern Iowa,Nebraska,0.2850765194829074,0.7149234805170925
Northern Iowa,Vanderbilt,0.23401718199475263,0.7659828180052474
Northern Iowa,North Carolina,0.3270844500974611,0.6729155499025389
Northern Iowa,Saint Mary's,0.29208789977711297,0.707912100222887
Northern Iowa,Clemson,0.3816497224081569,0.618350277591843
Northern Iowa,Iowa,0.3853479369068473,0.6146520630931527
Northern Iowa,Texas A&M,0.44060975029175653,0.5593902497082435
Northern Iowa,VCU,0.37764705556830835,0.6223529444316916
Northern Iowa,McNeese,0.47636238125182456,0.5236376187481755
Northern Iowa,Troy,0.7084344464427837,0.2915655535572163
Northern Iowa,Penn,0.7033768779488859,0.29662312205111413
Northern Iowa,Idaho,0.7063020881946823,0.2936979118053178
Northern Iowa,Lehigh,0.8741010052854487,0.1258989947145514
Northern Iowa,Prairie View A&M,0.8316493183654661,0.16835068163453393
Northern Iowa,Arizona,0.11450869104502069,0.8854913089549793
Northern Iowa,Purdue,0.16811701767698822,0.8318829823230117
Northern Iowa,Gonzaga,0.2108473719318273,0.7891526280681727
Northern Iowa,Arkansas,0.21424329655676547,0.7857567034432344
Northern Iowa,Wisconsin,0.25851826669604344,0.7414817333039566
Northern Iowa,BYU,0.3464923680858001,0.6535076319141999
Northern Iowa,Miami (FL),0.3749872546925892,0.6250127453074107
Northern Iowa,Villanova,0.39529019420784156,0.6047098057921584
Northern Iowa,Utah St.,0.3263753875392763,0.6736246124607237
Northern Iowa,Missouri,0.47569947109235805,0.524300528907642
Northern Iowa,NC State,0.44536745042964154,0.5546325495703585
Northern Iowa,Texas,0.4841091688499211,0.5158908311500789
Northern Iowa,High Point,0.5250176413742004,0.4749823586257996
Northern Iowa,Hawaii,0.6497021991557773,0.35029780084422263
Northern Iowa,Kennesaw St.,0.7508825878287501,0.2491174121712499
Northern Iowa,Queens (N.C.),0.7875051020073415,0.21249489799265858
Northern Iowa,Long Island,0.8143512996510145,0.18564870034898548
Cal Baptist,North Dakota St.,0.5497522367191469,0.4502477632808531
Cal Baptist,Furman,0.7004244066141894,0.29957559338581063
Cal Baptist,Siena,0.7022763153473228,0.2977236846526772
Cal Baptist,Michigan,0.07921729813183025,0.9207827018681698
Cal Baptist,Iowa St.,0.13898398845515655,0.8610160115448434
Cal Baptist,Virginia,0.16262386997097455,0.8373761300290254
Cal Baptist,Alabama,0.18981384462696238,0.8101861553730376
Cal Baptist,Texas Tech,0.21492034860221468,0.7850796513977852
Cal Baptist,Tennessee,0.22223076332863584,0.7777692366713642
Cal Baptist,Kentucky,0.27862672758329937,0.7213732724167007
Cal Baptist,Georgia,0.2857315174978584,0.7142684825021416
Cal Baptist,Saint Louis,0.3137501399455633,0.6862498600544368
Cal Baptist,Santa Clara,0.2826077183515355,0.7173922816484645
Cal Baptist,Miami (Ohio),0.4586528564432142,0.5413471435567858
Cal Baptist,SMU,0.3887177213598464,0.6112822786401536
Cal Baptist,Akron,0.3614500851742853,0.6385499148257148
Cal Baptist,Hofstra,0.46542000774963205,0.5345799922503679
Cal Baptist,Wright St.,0.5845224521665773,0.41547754783342283
Cal Baptist,Tennessee St.,0.6897357091901165,0.31026429080988355
Cal Baptist,Howard,0.7201002650803775,0.27989973491962256
Cal Baptist,UMBC,0.6792206170502502,0.32077938294974984
Cal Baptist,Florida,0.10852310787803823,0.8914768921219617
Cal Baptist,Houston,0.11316935669332041,0.8868306433066796
Cal Baptist,Illinois,0.14105511844017285,0.8589448815598272
Cal Baptist,Nebraska,0.2102757439105539,0.7897242560894461
Cal Baptist,Vanderbilt,0.169438574216053,0.830561425783947
Cal Baptist,North Carolina,0.24503919310787026,0.7549608068921297
Cal Baptist,Saint Mary's,0.2160032581303128,0.7839967418696873
Cal Baptist,Clemson,0.29185369593590765,0.7081463040640924
Cal Baptist,Iowa,0.29509703488275657,0.7049029651172434
Cal Baptist,Texas A&M,0.3446739478383276,0.6553260521616725
Cal Baptist,VCU,0.2883536222745621,0.7116463777254378
Cal Baptist,McNeese,0.3779009427642892,0.6220990572357109
Cal Baptist,Troy,0.6186793358778653,0.3813206641221347
Cal Baptist,Penn,0.6129155419337392,0.38708445806626085
Cal Baptist,Idaho,0.6162461347151069,0.3837538652848931
Cal Baptist,Lehigh,0.8225718004256382,0.17742819957436196
Cal Baptist,Prairie View A&M,0.7673692086052852,0.2326307913947147
Cal Baptist,Arizona,0.07948696314215725,0.9205130368578427
Cal Baptist,Purdue,0.11890110905690005,0.8810988909430999
Cal Baptist,Gonzaga,0.1513988613961825,0.8486011386038175
Cal Baptist,Arkansas,0.15402418179707797,0.845975818202922
Cal Baptist,Wisconsin,0.18884533568816086,0.8111546643118391
Cal Baptist,BYU,0.2614704881855699,0.7385295118144302
Cal Baptist,Miami (FL),0.2860336794322899,0.71396632056771
Cal Baptist,Villanova,0.30386189922813456,0.6961381007718654
Cal Baptist,Utah St.,0.2444433810654801,0.7555566189345199
Cal Baptist,Missouri,0.3772763308413389,0.6227236691586611
Cal Baptist,NC State,0.3490421121070823,0.6509578878929176
Cal Baptist,Texas,0.3852244804822382,0.6147755195177619
Cal Baptist,High Point,0.4246551867714919,0.5753448132285082
Cal Baptist,Hawaii,0.5532681424673541,0.4467318575326459
Cal Baptist,Kennesaw St.,0.6680721953967699,0.33192780460323007
Cal Baptist,Queens (N.C.),0.7122025972845575,0.2877974027154425
Cal Baptist,Long Island,0.7454876946507731,0.2545123053492268
North Dakota St.,Furman,0.6569315822307047,0.3430684177692953
North Dakota St.,Siena,0.6589214283866296,0.3410785716133704
North Dakota St.,Michigan,0.06582284868461795,0.934177151315382
North Dakota St.,Iowa St.,0.11676540102574677,0.8832345989742532
North Dakota St.,Virginia,0.1372284313776094,0.8627715686223906
North Dakota St.,Alabama,0.16098871363272574,0.8390112863672742
North Dakota St.,Texas Tech,0.1831444073438866,0.8168555926561134
North Dakota St.,Tennessee,0.18963505486431162,0.8103649451356884
North Dakota St.,Kentucky,0.24031498230683007,0.7596850176931699
North Dakota St.,Georgia,0.24677704804788525,0.7532229519521147
North Dakota St.,Saint Louis,0.2724327709810873,0.7275672290189128
North Dakota St.,Santa Clara,0.24393368109925975,0.7560663189007403
North Dakota St.,Miami (Ohio),0.40964410879221147,0.5903558912077885
North Dakota St.,SMU,0.342454513619588,0.657545486380412
North Dakota St.,Akron,0.31675052620734834,0.6832494737926517
North Dakota St.,Hofstra,0.41624415595427977,0.5837558440457202
North Dakota St.,Wright St.,0.5353650817333331,0.464634918266667
North Dakota St.,Tennessee St.,0.6454765360784248,0.3545234639215752
North Dakota St.,Howard,0.6781514021765954,0.32184859782340464
North Dakota St.,UMBC,0.634256853226864,0.365743146773136
North Dakota St.,Florida,0.09066138038164417,0.9093386196183557
North Dakota St.,Houston,0.09462407694076636,0.9053759230592336
North Dakota St.,Illinois,0.11855101939365299,0.881448980606347
North Dakota St.,Nebraska,0.17902991045060548,0.8209700895493945
North Dakota St.,Vanderbilt,0.14316088492979892,0.8568391150702009
North Dakota St.,North Carolina,0.21000133817594763,0.7899986618240524
North Dakota St.,Saint Mary's,0.1841047549189317,0.8158952450810683
North Dakota St.,Clemson,0.252359467251624,0.747640532748376
North Dakota St.,Iowa,0.2553221547012424,0.7446778452987576
North Dakota St.,Texas A&M,0.3010708641563964,0.6989291358436037
North Dakota St.,VCU,0.24916637800148533,0.7508336219985147
North Dakota St.,McNeese,0.3322254276287726,0.6677745723712274
North Dakota St.,Troy,0.5705944156923708,0.42940558430762926
North Dakota St.,Penn,0.5646152884846054,0.43538471151539465
North Dakota St.,Idaho,0.5680685983697487,0.4319314016302514
North Dakota St.,Lehigh,0.7915345277618487,0.20846547223815126
North Dakota St.,Prairie View A&M,0.729846862477753,0.27015313752224707
North Dakota St.,Arizona,0.06605018815434463,0.9339498118456554
North Dakota St.,Purdue,0.09952196322251748,0.9004780367774825
North Dakota St.,Gonzaga,0.1274894493168797,0.8725105506831203
North Dakota St.,Arkansas,0.1297635687057387,0.8702364312942613
North Dakota St.,Wisconsin,0.1601382116500829,0.8398617883499171
North Dakota St.,BYU,0.2247826818612435,0.7752173181387565
North Dakota St.,Miami (FL),0.24705226391928867,0.7529477360807113
North Dakota St.,Villanova,0.2633469952991266,0.7366530047008734
North Dakota St.,Utah St.,0.2094670830115329,0.7905329169884671
North Dakota St.,Missouri,0.33163606472304696,0.668363935276953
North Dakota St.,NC State,0.30514374132239364,0.6948562586776064
North Dakota St.,Texas,0.33914635892479106,0.660853641075209
North Dakota St.,High Point,0.3767509818115452,0.6232490181884548
North Dakota St.,Hawaii,0.5035535766346453,0.49644642336535466
North Dakota St.,Kennesaw St.,0.6224144617545893,0.3775855382454107
North Dakota St.,Queens (N.C.),0.6696131608860107,0.3303868391139892
North Dakota St.,Long Island,0.7057891310920117,0.29421086890798825
Furman,Siena,0.502210348695797,0.49778965130420294
Furman,Michigan,0.03549069098321071,0.9645093090167892
Furman,Iowa St.,0.06458101691679849,0.9354189830832015
Furman,Virginia,0.07669288162950774,0.9233071183704923
Furman,Alabama,0.09107825841224915,0.908921741587751
Furman,Texas Tech,0.1048146392977671,0.895185360702233
Furman,Tennessee,0.10889936047848456,0.8911006395215155
Furman,Kentucky,0.14177763071680213,0.858222369283198
Furman,Georgia,0.14609960232411162,0.8539003976758884
Furman,Saint Louis,0.16356142012193983,0.8364385798780601
Furman,Santa Clara,0.14419417439517263,0.8558058256048274
Furman,Miami (Ohio),0.2659855393715464,0.7340144606284535
Furman,SMU,0.21382439642713463,0.7861756035728653
Furman,Akron,0.19491323323793075,0.8050867667620693
Furman,Hofstra,0.2713348168837785,0.7286651831162215
Furman,Wright St.,0.3756735018535487,0.6243264981464514
Furman,Tennessee St.,0.48739375881139185,0.5126062411886082
Furman,Howard,0.5238916285473891,0.4761083714526109
Furman,UMBC,0.47523845295073175,0.5247615470492683
Furman,Florida,0.04948962371886095,0.950510376281139
Furman,Houston,0.05175517648667899,0.9482448235133211
Furman,Illinois,0.06562790926780579,0.9343720907321942
Furman,Nebraska,0.10223963406872925,0.8977603659312707
Furman,Vanderbilt,0.08025177501548927,0.9197482249845108
Furman,North Carolina,0.12189915618591557,0.8781008438140845
Furman,Saint Mary's,0.10541725832539592,0.894582741674604
Furman,Clemson,0.1498576779347544,0.8501423220652456
Furman,Iowa,0.15186142830575503,0.848138571694245
Furman,Texas A&M,0.18364366438870314,0.8163563356112968
Furman,VCU,0.1477053099404683,0.8522946900595316
Furman,McNeese,0.20623242321652188,0.7937675767834781
Furman,Troy,0.40965948634203075,0.5903405136579692
Furman,Penn,0.4037809943141302,0.5962190056858697
Furman,Idaho,0.4071705578337809,0.5928294421662191
Furman,Lehigh,0.6647534735408718,0.3352465264591282
Furman,Prairie View A&M,0.5852093666771461,0.4147906333228539
Furman,Arizona,0.03561726323671005,0.9643827367632899
Furman,Purdue,0.054567841954577895,0.945432158045422
Furman,Gonzaga,0.0708970242965214,0.9291029757034786
Furman,Arkansas,0.07224525107414986,0.9277547489258501
Furman,Wisconsin,0.09055722908353146,0.9094427709164685
Furman,BYU,0.1315115845418795,0.8684884154581205
Furman,Miami (FL),0.14628434454417896,0.853715655455821
Furman,Villanova,0.15732145000376369,0.8426785499962364
Furman,Utah St.,0.12155455068537452,0.8784454493146255
Furman,Missouri,0.2057976878089053,0.7942023121910946
Furman,NC State,0.18655199222135788,0.8134480077786421
Furman,Texas,0.21135941298293098,0.788640587017069
Furman,High Point,0.23993941667961366,0.7600605833203863
Furman,Hawaii,0.3462790932330785,0.6537209067669215
Furman,Kennesaw St.,0.46260970530924245,0.5373902946907575
Furman,Queens (N.C.),0.5141926827699315,0.48580731723006854
Furman,Long Island,0.5561051734083072,0.44389482659169277
Siena,Michigan,0.03518927817334621,0.9648107218266538
Siena,Iowa St.,0.06404895381369262,0.9359510461863074
Siena,Virginia,0.07606914728888665,0.9239308527111134
Siena,Alabama,0.09034897781525532,0.9096510221847447
Siena,Texas Tech,0.10398795265074132,0.8960120473492587
Siena,Tennessee,0.10804434550183363,0.8919556544981664
Siena,Kentucky,0.1407052351498647,0.8592947648501353
Siena,Georgia,0.14500003896745833,0.8549999610325417
Siena,Saint Louis,0.16235542435680764,0.8376445756431924
Siena,Santa Clara,0.14310654817602494,0.856893451823975
Siena,Miami (Ohio),0.2642629340201281,0.7357370659798719
Siena,SMU,0.2123418778635666,0.7876581221364334
Siena,Akron,0.1935295556349677,0.8064704443650322
Siena,Hofstra,0.2695902919088114,0.7304097080911885
Siena,Wright St.,0.3736020922219687,0.6263979077780313
Siena,Tennessee St.,0.4851850613405846,0.5148149386594155
Siena,Howard,0.5216858606713106,0.4783141393286894
Siena,UMBC,0.47303400782826455,0.5269659921717355
Siena,Florida,0.04907537099072064,0.9509246290092794
Siena,Houston,0.05132298391074157,0.9486770160892584
Siena,Illinois,0.06508782128289028,0.9349121787171099
Siena,Nebraska,0.1014309556202832,0.8985690443797167
Siena,Vanderbilt,0.07960159197750089,0.9203984080224992
Siena,North Carolina,0.12095592863381818,0.8790440713661819
Siena,Saint Mary's,0.10458637403922746,0.8954136259607726
Siena,Clemson,0.14873475738424477,0.8512652426157553
Siena,Iowa,0.15072615517520493,0.8492738448247952
Siena,Texas A&M,0.18232187134787203,0.817678128652128
Siena,VCU,0.14659573651654062,0.8534042634834593
Siena,McNeese,0.20478883095393002,0.79521116904607
Siena,Troy,0.40752300236693223,0.5924769976330678
Siena,Penn,0.4016543093020029,0.5983456906979971
Siena,Idaho,0.4050381482939276,0.5949618517060725
Siena,Lehigh,0.662780238761497,0.3372197612385029
Siena,Prairie View A&M,0.5830615940654001,0.4169384059345998
Siena,Arizona,0.03531481484133042,0.9646851851586696
Siena,Purdue,0.054113501995554564,0.9458864980044454
Siena,Gonzaga,0.07031683715079898,0.929683162849201
Siena,Arkansas,0.07165488160161101,0.928345118398389
Siena,Wisconsin,0.08983170813519421,0.9101682918648059
Siena,BYU,0.13050503254951867,0.8694949674504814
Siena,Miami (FL),0.1451836271953168,0.8548163728046833
Siena,Villanova,0.15615287431845154,0.8438471256815484
Siena,Utah St.,0.12061362335075981,0.8793863766492402
Siena,Missouri,0.20435635517801495,0.7956436448219849
Siena,NC State,0.18521401545870167,0.8147859845412984
Siena,Texas,0.20988942224023832,0.7901105777597617
Siena,High Point,0.23833072370196268,0.7616692762980374
Siena,Hawaii,0.34428038419191337,0.6557196158080866
Siena,Kennesaw St.,0.4604124435611379,0.539587556438862
Siena,Queens (N.C.),0.5119838378433935,0.48801616215660654
Siena,Long Island,0.5539215723999812,0.44607842760001887
Michigan,Iowa St.,0.6523250570881252,0.34767494291187484
Michigan,Virginia,0.6930029303672218,0.3069970696327782
Michigan,Alabama,0.7314141342284975,0.26858586577150245
Michigan,Texas Tech,0.7608802827022854,0.23911971729771467
Michigan,Tennessee,0.7685809636243213,0.23141903637567862
Michigan,Kentucky,0.8178346907791811,0.1821653092208189
Michigan,Georgia,0.8230024210035451,0.17699757899645488
Michigan,Saint Louis,0.8416270826672851,0.15837291733271497
Michigan,Santa Clara,0.8207543082303628,0.1792456917696372
Michigan,Miami (Ohio),0.9078165964281325,0.09218340357186741
Michigan,SMU,0.8808310882083541,0.1191689117916458
Michigan,Akron,0.8680645732071727,0.1319354267928274
Michigan,Hofstra,0.9100698624094804,0.08993013759051964
Michigan,Wright St.,0.9423722422948572,0.057627757705142724
Michigan,Tennessee St.,0.9627418069499205,0.03725819305007956
Michigan,Howard,0.9676416085120442,0.03235839148795574
Michigan,UMBC,0.9609553382124353,0.03904466178756481
Michigan,Florida,0.5859173130791018,0.4140826869208981
Michigan,Houston,0.5973079736590946,0.4026920263409054
Michigan,Illinois,0.6562157533041678,0.3437842466958322
Michigan,Nebraska,0.7557955796671365,0.24420442033286352
Michigan,Vanderbilt,0.7033742699578825,0.29662573004211745
Michigan,North Carolina,0.7904734683075643,0.20952653169243565
Michigan,Saint Mary's,0.7620439090242651,0.23795609097573486
Michigan,Clemson,0.8273028436688573,0.17269715633114274
Michigan,Iowa,0.8295262550344019,0.1704737449655981
Michigan,Texas A&M,0.8594217342315144,0.14057826576848567
Michigan,VCU,0.8248611296015174,0.17513887039848267
Michigan,McNeese,0.8759432468510563,0.12405675314894377
Michigan,Troy,0.9496443074528802,0.050355692547119836
Michigan,Penn,0.9484664627749864,0.051533537225013644
Michigan,Idaho,0.9491494084019634,0.050850591598036496
Michigan,Lehigh,0.9817809262768654,0.018219073723134506
Michigan,Prairie View A&M,0.9745818452013946,0.025418154798605513
Michigan,Arizona,0.5009228101343529,0.4990771898656472
Michigan,Purdue,0.6106752891733322,0.38932471082666775
Michigan,Gonzaga,0.6746643592554455,0.32533564074455446
Michigan,Arkansas,0.6791020442790373,0.3208979557209628
Michigan,Wisconsin,0.7301727068961685,0.26982729310383147
Michigan,BYU,0.8045045857267871,0.1954954142732129
Michigan,Miami (FL),0.8232179189984143,0.17678208100158554
Michigan,Villanova,0.8353535558934165,0.16464644410658355
Michigan,Utah St.,0.789939101806923,0.21006089819307702
Michigan,Missouri,0.8756541494499068,0.12434585055009313
Michigan,NC State,0.8617351606750261,0.13826483932497385
Michigan,Texas,0.8792766932284438,0.12072330677155625
Michigan,High Point,0.8956068397834301,0.10439316021656982
Michigan,Hawaii,0.9350458308063951,0.06495416919360479
Michigan,Kennesaw St.,0.9590074358640999,0.04099256413590007
Michigan,Queens (N.C.),0.9664027038623437,0.03359729613765626
Michigan,Long Island,0.9714662471331671,0.02853375286683283
Iowa St.,Virginia,0.546098960238602,0.45390103976139795
Iowa St.,Alabama,0.592071176010969,0.4079288239890309
Iowa St.,Texas Tech,0.6290717502790384,0.3709282497209615
Iowa St.,Tennessee,0.6390033024779349,0.3609966975220651
Iowa St.,Kentucky,0.7052595264155075,0.2947404735844925
Iowa St.,Georgia,0.7124981596009891,0.28750184039901094
Iowa St.,Saint Louis,0.7390640305822189,0.2609359694177812
Iowa St.,Santa Clara,0.7093421812803454,0.29065781871965457
Iowa St.,Miami (Ohio),0.8399676291558483,0.16003237084415176
Iowa St.,SMU,0.7975495737716565,0.20245042622834347
Iowa St.,Akron,0.7781086764144718,0.22189132358552816
Iowa St.,Hofstra,0.8435936150614549,0.15640638493854508
Iowa St.,Wright St.,0.8970733452866116,0.1029266547133884
Iowa St.,Tennessee St.,0.9323044118881797,0.06769558811182035
Iowa St.,Howard,0.9409615513155183,0.059038448684481735
Iowa St.,UMBC,0.9291658979916542,0.07083410200834594
Iowa St.,Florida,0.4299238066166452,0.5700761933833548
Iowa St.,Houston,0.44151537667191576,0.5584846233280842
Iowa St.,Illinois,0.5042999779855466,0.4957000220144534
Iowa St.,Nebraska,0.6225745370183751,0.3774254629816249
Iowa St.,Vanderbilt,0.5582697689218761,0.4417302310781239
Iowa St.,North Carolina,0.667856604844716,0.332143395155284
Iowa St.,Saint Mary's,0.630565363584932,0.369434636415068
Iowa St.,Clemson,0.7185653299260398,0.2814346700739602
Iowa St.,Iowa,0.7217177893557142,0.2782822106442858
Iowa St.,Texas A&M,0.7651671559395103,0.2348328440604896
Iowa St.,VCU,0.7151156194974533,0.2848843805025468
Iowa St.,McNeese,0.7900600029651421,0.20993999703485797
Iowa St.,Troy,0.9095128116329174,0.09048718836708262
Iowa St.,Penn,0.9074877170075872,0.09251228299241272
Iowa St.,Idaho,0.908661433177903,0.09133856682209708
Iowa St.,Lehigh,0.9663536122140306,0.033646387785969435
Iowa St.,Prairie View A&M,0.9533482493550326,0.04665175064496751
Iowa St.,Arizona,0.3485125764510926,0.6514874235489073
Iowa St.,Purdue,0.4553385076164666,0.5446614923835333
Iowa St.,Gonzaga,0.5249998634888772,0.4750001365111227
Iowa St.,Arkansas,0.5300570167470318,0.4699429832529683
Iowa St.,Wisconsin,0.5905462426794018,0.40945375732059824
Iowa St.,BYU,0.6868459358343157,0.3131540641656843
Iowa St.,Miami (FL),0.7128012485998897,0.2871987514001103
Iowa St.,Villanova,0.7300309530567509,0.26996904694324914
Iowa St.,Utah St.,0.6671412031361791,0.33285879686382097
Iowa St.,Missouri,0.7896188351179783,0.21038116488202183
Iowa St.,NC State,0.7686140732939523,0.23138592670604774
Iowa St.,Texas,0.7951615046551901,0.20483849534481002
Iowa St.,High Point,0.8205476607792382,0.1794523392207618
Iowa St.,Hawaii,0.8846925957517107,0.11530740424828932
Iowa St.,Kennesaw St.,0.925754583142534,0.07424541685746608
Iowa St.,Queens (N.C.),0.9387657905842482,0.0612342094157518
Iowa St.,Long Island,0.9477694551207718,0.052230544879228236
Virginia,Alabama,0.5467661907364169,0.4532338092635831
Virginia,Texas Tech,0.584995712992983,0.41500428700701697
Virginia,Tennessee,0.5953482740012769,0.4046517259987232
Virginia,Kentucky,0.6654216091560139,0.33457839084398605
Virginia,Georgia,0.6731852516137534,0.3268147483862466
Virginia,Saint Louis,0.7018637097590884,0.29813629024091165
Virginia,Santa Clara,0.6697977234845239,0.33020227651547607
Virginia,Miami (Ohio),0.8135229916206009,0.1864770083793991
Virginia,SMU,0.7660478344961706,0.23395216550382933
Virginia,Akron,0.7445507901591272,0.2554492098408728
Virginia,Hofstra,0.8176180562040222,0.1823819437959779
Virginia,Wright St.,0.878702478118494,0.12129752188150601
Virginia,Tennessee St.,0.9196585933121015,0.08034140668789846
Virginia,Howard,0.9298111719013442,0.07018882809865577
Virginia,UMBC,0.9159866244331069,0.0840133755668931
Virginia,Florida,0.38530688314820843,0.6146931168517916
Virginia,Houston,0.39653224593746694,0.6034677540625331
Virginia,Illinois,0.45816784911579966,0.5418321508842003
Virginia,Nebraska,0.5782440675692707,0.42175593243072923
Virginia,Vanderbilt,0.5123030007731136,0.48769699922688636
Virginia,North Carolina,0.6256466677822491,0.37435333221775097
Virginia,Saint Mary's,0.5865501598980257,0.41344984010197433
Virginia,Clemson,0.6797091025903178,0.32029089740968214
Virginia,Iowa,0.6831048585311065,0.3168951414688935
Virginia,Texas A&M,0.7303303648945028,0.26966963510549713
Virginia,VCU,0.675997865488927,0.324002134511073
Virginia,McNeese,0.7577468544272282,0.24225314557277175
Virginia,Troy,0.8930976193711914,0.1069023806288086
Virginia,Penn,0.8907492828642022,0.10925071713579787
Virginia,Idaho,0.8921101143643257,0.10788988563567428
Virginia,Lehigh,0.9597940261191199,0.040205973880880125
Virginia,Prairie View A&M,0.9443990652569124,0.05560093474308766
Virginia,Arizona,0.30778294044335064,0.6922170595566494
Virginia,Purdue,0.4099808901650448,0.5900191098349552
Virginia,Gonzaga,0.4788031886876557,0.5211968113123442
Virginia,Arkansas,0.48386865029521225,0.5161313497047879
Virginia,Wisconsin,0.5452019907241263,0.4547980092758737
Virginia,BYU,0.6457692530973138,0.3542307469026862
Virginia,Miami (FL),0.6735107938178504,0.3264892061821495
Virginia,Villanova,0.692079375883866,0.3079206241161339
Virginia,Utah St.,0.6248914141035556,0.37510858589644436
Virginia,Missouri,0.7572586464933269,0.24274135350667306
Virginia,NC State,0.7341109362724426,0.2658890637275574
Virginia,Texas,0.763398412292014,0.23660158770798603
Virginia,High Point,0.7916898007914951,0.2083101992085049
Virginia,Hawaii,0.8644458632964369,0.13555413670356314
Virginia,Kennesaw St.,0.9120007174840069,0.08799928251599302
Virginia,Queens (N.C.),0.9272327760863286,0.07276722391367135
Virginia,Long Island,0.9378198935123216,0.06218010648767831
Alabama,Texas Tech,0.5388471808913353,0.4611528191086648
Alabama,Tennessee,0.5494643442608483,0.4505356557391517
Alabama,Kentucky,0.62244440596456,0.37755559403544003
Alabama,Georgia,0.6306517676462933,0.36934823235370656
Alabama,Saint Louis,0.6611840859078592,0.33881591409214085
Alabama,Santa Clara,0.6270676027284516,0.37293239727154837
Alabama,Miami (Ohio),0.7833765836391016,0.21662341636089855
Alabama,SMU,0.7307664698359669,0.26923353016403306
Alabama,Akron,0.7072663804524566,0.29273361954754334
Alabama,Hofstra,0.7879611174136746,0.21203888258632544
Alabama,Wright St.,0.8572441369861573,0.14275586301384272
Alabama,Tennessee St.,0.9046595249342406,0.09534047506575932
Alabama,Howard,0.9165354859830364,0.08346451401696367
Alabama,UMBC,0.9003762910408869,0.09962370895911316
Alabama,Florida,0.34193204678384104,0.658067953216159
Alabama,Houston,0.3526186464837997,0.6473813535162003
Alabama,Illinois,0.41208958562527526,0.5879104143747247
Alabama,Nebraska,0.5319454531002688,0.46805454689973125
Alabama,Vanderbilt,0.4654573114925446,0.5345426885074553
Alabama,North Carolina,0.5807791145336793,0.41922088546632064
Alabama,Saint Mary's,0.5404386911905822,0.45956130880941776
Alabama,Clemson,0.6375675534058488,0.36243244659415125
Alabama,Iowa,0.6411742335648111,0.35882576643518893
Alabama,Texas A&M,0.6918294721368076,0.30817052786319243
Alabama,VCU,0.6336312151122322,0.36636878488776775
Alabama,McNeese,0.7216684883781332,0.27833151162186676
Alabama,Troy,0.8738201889350575,0.12617981106494244
Alabama,Penn,0.871109497440328,0.12889050255967194
Alabama,Idaho,0.8726799959622246,0.12732000403777533
Alabama,Lehigh,0.951895978071419,0.04810402192858102
Alabama,Prairie View A&M,0.9336857833651929,0.06631421663480715
Alabama,Arizona,0.2693116206850074,0.7306883793149926
Alabama,Purdue,0.3654799370398379,0.6345200629601622
Alabama,Gonzaga,0.43230541891221824,0.5676945810877818
Alabama,Arkansas,0.437291688605024,0.562708311394976
Alabama,Wisconsin,0.4984224607899163,0.5015775392100837
Alabama,BYU,0.6017783849565441,0.3982216150434558
Alabama,Miami (FL),0.6309964539571835,0.3690035460428166
Alabama,Villanova,0.6507290741546365,0.3492709258453634
Alabama,Utah St.,0.5799941083435064,0.4200058916564936
Alabama,Missouri,0.7211343304035351,0.2788656695964649
Alabama,NC State,0.6959250697811777,0.30407493021882226
Alabama,Texas,0.7278594398306958,0.2721405601693043
Alabama,High Point,0.7590591419387008,0.2409408580612992
Alabama,Hawaii,0.8409220244239699,0.15907797557603
Alabama,Kennesaw St.,0.8957340750480395,0.1042659249519605
Alabama,Queens (N.C.),0.9135147674311639,0.08648523256883624
Alabama,Long Island,0.9259383401708242,0.07406165982917574
Texas Tech,Tennessee,0.5106994011204932,0.4893005988795068
Texas Tech,Kentucky,0.5852186357374973,0.41478136426250267
Texas Tech,Georgia,0.5937070087745295,0.4062929912254704
Texas Tech,Saint Louis,0.6254796931736226,0.3745203068263774
Texas Tech,Santa Clara,0.589997409215918,0.4100025907840819
Texas Tech,Miami (Ohio),0.7557928643955371,0.24420713560446305
Texas Tech,SMU,0.6990571823490135,0.30094281765098646
Texas Tech,Akron,0.6740239647334907,0.3259760352665093
Texas Tech,Hofstra,0.7607829050438946,0.23921709495610538
Texas Tech,Wright St.,0.8371105387083968,0.16288946129160317
Texas Tech,Tennessee St.,0.8903578617747057,0.10964213822529426
Texas Tech,Howard,0.9038259033660068,0.09617409663399333
Texas Tech,UMBC,0.8855134274147174,0.11448657258528258
Texas Tech,Florida,0.30780554184676195,0.692194458153238
Texas Tech,Houston,0.3179408745215591,0.6820591254784409
Texas Tech,Illinois,0.37495061522881523,0.6250493847711848
Texas Tech,Nebraska,0.4930638413728912,0.5069361586271088
Texas Tech,Vanderbilt,0.4270019508619965,0.5729980491380036
Texas Tech,North Carolina,0.5424649607729072,0.45753503922709293
Texas Tech,Saint Mary's,0.50160157413725,0.49839842586274996
Texas Tech,Clemson,0.6008767591626456,0.39912324083735434
Texas Tech,Iowa,0.6046221363373221,0.3953778636626779
Texas Tech,Texas A&M,0.6576825131718337,0.34231748682816626
Texas Tech,VCU,0.5967939394609676,0.4032060605390324
Texas Tech,McNeese,0.6893431927618112,0.3106568072381889
Texas Tech,Troy,0.8556306848223184,0.14436931517768153
Texas Tech,Penn,0.8525951499546215,0.1474048500453786
Texas Tech,Idaho,0.8543535228547615,0.14564647714523843
Texas Tech,Lehigh,0.9442433613115137,0.05575663868848645
Texas Tech,Prairie View A&M,0.9233694167968273,0.0766305832031727
Texas Tech,Arizona,0.2397919544025288,0.7602080455974712
Texas Tech,Purdue,0.3301824358589686,0.6698175641410314
Texas Tech,Gonzaga,0.3945672820969807,0.6054327179030192
Texas Tech,Arkansas,0.3994245316187007,0.6005754683812994
Texas Tech,Wisconsin,0.459585186854645,0.5404148131453551
Texas Tech,BYU,0.5639424678345352,0.43605753216546483
Texas Tech,Miami (FL),0.5940639803563552,0.4059360196436448
Texas Tech,Villanova,0.6145651932136165,0.38543480678638353
Texas Tech,Utah St.,0.541664828874253,0.4583351711257469
Texas Tech,Missouri,0.6887737518972238,0.31122624810277627
Texas Tech,NC State,0.6620102164595763,0.33798978354042375
Texas Tech,Texas,0.695950226988406,0.3040497730115941
Texas Tech,High Point,0.7294483754330392,0.2705516245669608
Texas Tech,Hawaii,0.8189725543779458,0.18102744562205428
Texas Tech,Kennesaw St.,0.8802707352350312,0.11972926476496878
Texas Tech,Queens (N.C.),0.9003951926055122,0.09960480739448775
Texas Tech,Long Island,0.9145270530277126,0.08547294697228741
Tennessee,Kentucky,0.5747920125649182,0.4252079874350818
Tennessee,Georgia,0.5833418447467376,0.4166581552532624
Tennessee,Saint Louis,0.6154000167170965,0.38459998328290346
Tennessee,Santa Clara,0.5796046190991995,0.42039538090080064
Tennessee,Miami (Ohio),0.7478062783581312,0.25219372164186876
Tennessee,SMU,0.6899762210579564,0.3100237789420435
Tennessee,Akron,0.6645501013077051,0.3354498986922949
Tennessee,Hofstra,0.7529061601450097,0.24709383985499034
Tennessee,Wright St.,0.8311893801538003,0.1688106198461998
Tennessee,Tennessee St.,0.8861089439235678,0.11389105607643218
Tennessee,Howard,0.9000403114563303,0.09995968854366977
Tennessee,UMBC,0.8811018451454964,0.11889815485450365
Tennessee,Florida,0.29876142109125053,0.7012385789087495
Tennessee,Houston,0.3087317769520098,0.6912682230479902
Tennessee,Illinois,0.364973848968651,0.6350261510313491
Tennessee,Nebraska,0.48236967383188495,0.5176303261681151
Tennessee,Vanderbilt,0.41656321806583124,0.5834367819341687
Tennessee,North Carolina,0.5318233954466026,0.4681766045533973
Tennessee,Saint Mary's,0.49090154937677477,0.5090984506232253
Tennessee,Clemson,0.5905683673729191,0.40943163262708093
Tennessee,Iowa,0.5943451729755763,0.4056548270244237
Tennessee,Texas A&M,0.6479817571478628,0.3520182428521372
Tennessee,VCU,0.5864526727508147,0.41354732724918525
Tennessee,McNeese,0.680103246607026,0.319896753392974
Tennessee,Troy,0.8502623258247052,0.14973767417529474
Tennessee,Penn,0.8471340811859608,0.15286591881403916
Tennessee,Idaho,0.848946056849757,0.151053943150243
Tennessee,Lehigh,0.9419464906809768,0.058053509319023165
Tennessee,Prairie View A&M,0.920285246796114,0.07971475320388598
Tennessee,Arizona,0.23207622770188602,0.767923772298114
Tennessee,Purdue,0.3207855269872204,0.6792144730127796
Tennessee,Gonzaga,0.3843895462994709,0.6156104537005291
Tennessee,Arkansas,0.3892020479969257,0.6107979520030742
Tennessee,Wisconsin,0.44897404314720735,0.5510259568527927
Tennessee,BYU,0.5533891706882381,0.4466108293117619
Tennessee,Miami (FL),0.5837015376062076,0.41629846239379237
Tennessee,Villanova,0.6043775673957589,0.39562243260424107
Tennessee,Utah St.,0.5310207425418003,0.4689792574581996
Tennessee,Missouri,0.6795247427292977,0.3204752572707023
Tennessee,NC State,0.6523672765792742,0.3476327234207258
Tennessee,Texas,0.6868175149703946,0.3131824850296055
Tennessee,High Point,0.7209183574167746,0.27908164258322554
Tennessee,Hawaii,0.8125397145432036,0.18746028545679638
Tennessee,Kennesaw St.,0.8756854940037032,0.12431450599629681
Tennessee,Queens (N.C.),0.8964900267773557,0.10350997322264431
Tennessee,Long Island,0.9111212574659214,0.08887874253407865
Kentucky,Georgia,0.5087684580508932,0.4912315419491068
Kentucky,Saint Louis,0.5420600864942351,0.45793991350576496
Kentucky,Santa Clara,0.5049300156390575,0.49506998436094246
Kentucky,Miami (Ohio),0.6868678484993109,0.3131321515006891
Kentucky,SMU,0.6221251700171395,0.3778748299828604
Kentucky,Akron,0.5944054950047594,0.4055945049952406
Kentucky,Hofstra,0.6926936252938193,0.30730637470618066
Kentucky,Wright St.,0.7845954493094701,0.21540455069052988
Kentucky,Tennessee St.,0.8519739569921803,0.14802604300781974
Kentucky,Howard,0.8694656862021437,0.13053431379785627
Kentucky,UMBC,0.8457274249491591,0.15427257505084088
Kentucky,Florida,0.23964392554272174,0.7603560744572783
Kentucky,Houston,0.2483400824380198,0.7516599175619801
Kentucky,Illinois,0.2983284611367857,0.7016715388632144
Kentucky,Nebraska,0.40806257878758745,0.5919374212124126
Kentucky,Vanderbilt,0.3456246638814044,0.6543753361185957
Kentucky,North Carolina,0.4566183661640332,0.5433816338359668
Kentucky,Saint Mary's,0.41633726391264325,0.5836627360873567
Kentucky,Clemson,0.5162157224323413,0.4837842775676588
Kentucky,Iowa,0.520121079104843,0.47987892089515694
Kentucky,Texas A&M,0.5765800517392494,0.4234199482607506
Kentucky,VCU,0.5119702574590178,0.4880297425409822
Kentucky,McNeese,0.6113086718543697,0.38869132814563034
Kentucky,Troy,0.8077149289395744,0.19228507106042558
Kentucky,Penn,0.803902808750252,0.19609719124974798
Kentucky,Idaho,0.8061099353309787,0.19389006466902128
Kentucky,Lehigh,0.9230944478401739,0.07690555215982599
Kentucky,Prairie View A&M,0.8951817777717433,0.10481822222825668
Kentucky,Arizona,0.18271588026322483,0.8172841197367753
Kentucky,Purdue,0.25891912449920973,0.7410808755007903
Kentucky,Gonzaga,0.3159628192439267,0.6840371807560733
Kentucky,Arkansas,0.3203644521696338,0.6796355478303663
Kentucky,Wisconsin,0.37607380558228626,0.6239261944177138
Kentucky,BYU,0.4782497559587411,0.5217502440412589
Kentucky,Miami (FL),0.5091383570483203,0.49086164295167967
Kentucky,Villanova,0.5305391846440387,0.46946081535596124
Kentucky,Utah St.,0.45581870926076584,0.5441812907392342
Kentucky,Missouri,0.610676976671087,0.389323023328913
Kentucky,NC State,0.5812802980647275,0.4187197019352726
Kentucky,Texas,0.618657235318362,0.3813427646816379
Kentucky,High Point,0.6564675537012497,0.34353244629875035
Kentucky,Hawaii,0.7622704903617297,0.2377295096382704
Kentucky,Kennesaw St.,0.8389940753476662,0.16100592465233377
Kentucky,Queens (N.C.),0.864992368046147,0.13500763195385296
Kentucky,Long Island,0.8834972362946584,0.11650276370534166
Georgia,Saint Louis,0.5333408130914161,0.4666591869085839
Georgia,Santa Clara,0.49616089375086836,0.5038391062491316
Georgia,Miami (Ohio),0.6792743855279308,0.32072561447206915
Georgia,SMU,0.6138443526067525,0.38615564739324754
Georgia,Akron,0.5859215371247536,0.4140784628752465
Georgia,Hofstra,0.6851766845842211,0.31482331541577896
Georgia,Wright St.,0.7786080155239041,0.22139198447609584
Georgia,Tennessee St.,0.8474953553415083,0.15250464465849173
Georgia,Howard,0.8654327163204508,0.1345672836795492
Georgia,UMBC,0.8410950809693158,0.1589049190306842
Georgia,Florida,0.23331078942733494,0.766689210572665
Georgia,Houston,0.2418502292175562,0.7581497707824438
Georgia,Illinois,0.29103807306639784,0.7089619269336022
Georgia,Nebraska,0.39961781290479986,0.6003821870952001
Georgia,Vanderbilt,0.33773479639554677,0.6622652036044533
Georgia,North Carolina,0.44792913706294657,0.5520708629370533
Georgia,Saint Mary's,0.40783923988643356,0.5921607601135663
Georgia,Clemson,0.5074515024050182,0.4925484975949818
Georgia,Iowa,0.5113606385218514,0.4886393614781485
Georgia,Texas A&M,0.567994223172221,0.43200577682777896
Georgia,VCU,0.5032031442251699,0.4967968557748302
Georgia,McNeese,0.6029421020014153,0.39705789799858465
Georgia,Troy,0.8022081251484843,0.19779187485151578
Georgia,Penn,0.7983140913745145,0.20168590862548555
Georgia,Idaho,0.8005685156716131,0.19943148432838684
Georgia,Lehigh,0.920567012334906,0.07943298766509402
Georgia,Prairie View A&M,0.8918444957789556,0.10815550422104436
Georgia,Arizona,0.1775359217789089,0.822464078221091
Georgia,Purdue,0.25224558614604126,0.7477544138539588
Georgia,Gonzaga,0.30843091838841824,0.6915690816115817
Georgia,Arkansas,0.31277560275583094,0.6872243972441691
Georgia,Wisconsin,0.3678796175660732,0.6321203824339268
Georgia,BYU,0.4695045617923205,0.5304954382076795
Georgia,Miami (FL),0.5003700175944311,0.49962998240556894
Georgia,Villanova,0.5217940707942025,0.47820592920579746
Georgia,Utah St.,0.44713217557009055,0.5528678244299094
Georgia,Missouri,0.602305655435822,0.39769434456417807
Georgia,NC State,0.5727191486015396,0.42728085139846045
Georgia,Texas,0.6103480196789692,0.3896519803210308
Georgia,High Point,0.6485141288216405,0.3514858711783595
Georgia,Hawaii,0.7558556048237374,0.24414439517626257
Georgia,Kennesaw St.,0.8341991859013431,0.1658008140986569
Georgia,Queens (N.C.),0.8608433109795355,0.13915668902046457
Georgia,Long Island,0.8798378702139865,0.12016212978601348
Saint Louis,Santa Clara,0.4628391068767745,0.5371608931232256
Saint Louis,Miami (Ohio),0.6495081041560825,0.3504918958439175
Saint Louis,SMU,0.5817446400299101,0.4182553599700899
Saint Louis,Akron,0.5531902188169616,0.4468097811830384
Saint Louis,Hofstra,0.6556805210428601,0.34431947895713994
Saint Louis,Wright St.,0.75473204438125,0.2452679556187501
Saint Louis,Tennessee St.,0.8294209330400234,0.17057906695997654
Saint Louis,Howard,0.8491056713050081,0.15089432869499175
Saint Louis,UMBC,0.8224210564408584,0.17757894355914164
Saint Louis,Florida,0.21027450971783632,0.7897254902821637
Saint Louis,Houston,0.218210769260903,0.781789230739097
Saint Louis,Illinois,0.2642666400504961,0.735733359949504
Saint Louis,Nebraska,0.3680435398658362,0.6319564601341638
Saint Louis,Vanderbilt,0.3085372778334453,0.6914627221665547
Saint Louis,North Carolina,0.41517736118418513,0.5848226388158149
Saint Louis,Saint Mary's,0.376022220169993,0.623977779830007
Saint Louis,Clemson,0.4740849360478705,0.5259150639521295
Saint Louis,Iowa,0.477986472918217,0.522013527081783
Saint Louis,Texas A&M,0.5349705203373167,0.4650294796626833
Saint Louis,VCU,0.4698494513701794,0.5301505486298206
Saint Louis,McNeese,0.5705701245218107,0.42942987547818917
Saint Louis,Troy,0.7801586756017072,0.21984132439829285
Saint Louis,Penn,0.775951781904573,0.22404821809542702
Saint Louis,Idaho,0.7783867795144862,0.22161322048551377
Saint Louis,Lehigh,0.9102355674830712,0.08976443251692892
Saint Louis,Prairie View A&M,0.8782712517810407,0.12172874821895925
Saint Louis,Arizona,0.15886554746063578,0.8411344525393643
Saint Louis,Purdue,0.22789546983293935,0.7721045301670606
Saint Louis,Gonzaga,0.2806930204892376,0.7193069795107624
Saint Louis,Arkansas,0.2848078901530556,0.7151921098469445
Saint Louis,Wisconsin,0.33740375101671083,0.6625962489832892
Saint Louis,BYU,0.4364223172814316,0.5635776827185683
Saint Louis,Miami (FL),0.4670275774211269,0.5329724225788732
Saint Louis,Villanova,0.4884195989409648,0.5115804010590352
Saint Louis,Utah St.,0.4143949317142386,0.5856050682857614
Saint Louis,Missouri,0.5699188015336599,0.4300811984663402
Saint Louis,NC State,0.5397639689530271,0.4602360310469729
Saint Louis,Texas,0.5781573998644484,0.4218426001355516
Saint Louis,High Point,0.6175005704802673,0.3824994295197327
Saint Louis,Hawaii,0.7303756072919384,0.2696243927080616
Saint Louis,Kennesaw St.,0.8148931248632744,0.18510687513672563
Saint Louis,Queens (N.C.),0.8440597678254188,0.1559402321745812
Saint Louis,Long Island,0.8649859356914739,0.13501406430852603
Santa Clara,Miami (Ohio),0.6826107618560939,0.3173892381439061
Santa Clara,SMU,0.6174780787138082,0.3825219212861918
Santa Clara,Akron,0.5896423649669459,0.4103576350330542
Santa Clara,Hofstra,0.6884798198415945,0.3115201801584056
Santa Clara,Wright St.,0.7812438416260272,0.21875615837397272
Santa Clara,Tennessee St.,0.8494695917744893,0.15053040822551067
Santa Clara,Howard,0.8672111291511598,0.13278887084884014
Santa Clara,UMBC,0.8431368361182563,0.15686316388174376
Santa Clara,Florida,0.23606899452121702,0.763931005478783
Santa Clara,Houston,0.24467716999921882,0.7553228300007813
Santa Clara,Illinois,0.2942168400547846,0.7057831599452153
Santa Clara,Nebraska,0.40330786711651034,0.5966921328834897
Santa Clara,Vanderbilt,0.3411781482216464,0.6588218517783536
Santa Clara,North Carolina,0.4517296452599414,0.5482703547400586
Santa Clara,Saint Mary's,0.4115531708938667,0.5884468291061333
Santa Clara,Clemson,0.5112893168352607,0.48871068316473937
Santa Clara,Iowa,0.5151970935043876,0.4848029064956124
Santa Clara,Texas A&M,0.5717584030148465,0.4282415969851535
Santa Clara,VCU,0.5070419040911794,0.4929580959088206
Santa Clara,McNeese,0.6066126725210902,0.39338732747890975
Santa Clara,Troy,0.8046334772654754,0.19536652273452468
Santa Clara,Penn,0.8007753343964569,0.1992246656035431
Santa Clara,Idaho,0.803009035880442,0.19699096411955805
Santa Clara,Lehigh,0.9216827204644699,0.07831727953553018
Santa Clara,Prairie View A&M,0.8933168843008596,0.10668311569914041
Santa Clara,Arizona,0.17978937851446017,0.8202106214855398
Santa Clara,Purdue,0.2551531426369227,0.7448468573630774
Santa Clara,Gonzaga,0.31171612808666377,0.6882838719133362
Santa Clara,Arkansas,0.316085938161409,0.6839140618385909
Santa Clara,Wisconsin,0.3714579252182956,0.6285420747817043
Santa Clara,BYU,0.4733311790083246,0.5266688209916754
Santa Clara,Miami (FL),0.5042090999268364,0.4957909000731635
Santa Clara,Villanova,0.5256246010271406,0.47437539897285946
Santa Clara,Utah St.,0.4509314449838446,0.5490685550161555
Santa Clara,Missouri,0.6059782646251066,0.3940217353748933
Santa Clara,NC State,0.5764728571406939,0.4235271428593061
Santa Clara,Texas,0.6139939573436911,0.38600604265630883
Santa Clara,High Point,0.6520065619012114,0.3479934380987885
Santa Clara,Hawaii,0.7586783567201276,0.24132164327987246
Santa Clara,Kennesaw St.,0.8363123021928954,0.16368769780710452
Santa Clara,Queens (N.C.),0.8626727520394398,0.13732724796056017
Santa Clara,Long Island,0.881451985431516,0.118548014568484
Miami (Ohio),SMU,0.428753587707917,0.571246412292083
Miami (Ohio),Akron,0.40051763277784846,0.5994823672221515
Miami (Ohio),Hofstra,0.5068060761790926,0.4931939238209073
Miami (Ohio),Wright St.,0.624134316177197,0.37586568382280305
Miami (Ohio),Tennessee St.,0.7240520721887176,0.27594792781128236
Miami (Ohio),Howard,0.7522644603384455,0.2477355396615545
Miami (Ohio),UMBC,0.7142181124683549,0.2857818875316451
Miami (Ohio),Florida,0.12563145886049398,0.874368541139506
Miami (Ohio),Houston,0.1309026212113927,0.8690973787886073
Miami (Ohio),Illinois,0.16235801661056315,0.8376419833894369
Miami (Ohio),Nebraska,0.23912239392043314,0.7608776060795669
Miami (Ohio),Vanderbilt,0.19405962623476392,0.8059403737652362
Miami (Ohio),North Carolina,0.27698221076852253,0.7230177892314775
Miami (Ohio),Saint Mary's,0.245391486604086,0.754608513395914
Miami (Ohio),Clemson,0.3272540568659548,0.6727459431340451
Miami (Ohio),Iowa,0.33070707671250493,0.669292923287495
Miami (Ohio),Texas A&M,0.3830158679760385,0.6169841320239615
Miami (Ohio),VCU,0.323523397792008,0.6764766022079919
Miami (Ohio),McNeese,0.4175837907827286,0.5824162092172714
Miami (Ohio),Troy,0.6569459127055006,0.3430540872944995
Miami (Ohio),Penn,0.6514346523696246,0.34856534763037544
Miami (Ohio),Idaho,0.6546205766973846,0.3453794233026153
Miami (Ohio),Lehigh,0.8454873033927988,0.15451269660720127
Miami (Ohio),Prairie View A&M,0.7956430710796715,0.2043569289203285
Miami (Ohio),Arizona,0.0924927730474633,0.9075072269525366
Miami (Ohio),Purdue,0.13739337372098276,0.8626066262790172
Miami (Ohio),Gonzaga,0.17394756761886007,0.82605243238114
Miami (Ohio),Arkansas,0.17688239125427083,0.8231176087457291
Miami (Ohio),Wisconsin,0.21555450855194405,0.784445491448056
Miami (Ohio),BYU,0.2947192965210612,0.7052807034789387
Miami (Ohio),Miami (FL),0.32104814921370706,0.6789518507862929
Miami (Ohio),Villanova,0.3400194330391697,0.6599805669608303
Miami (Ohio),Utah St.,0.27633715857113217,0.7236628414288678
Miami (Ohio),Missouri,0.41693754811514644,0.5830624518848535
Miami (Ohio),NC State,0.3875825621103394,0.6124174378896605
Miami (Ohio),Texas,0.4251507945406774,0.5748492054593226
Miami (Ohio),High Point,0.46557333374501475,0.5344266662549854
Miami (Ohio),Hawaii,0.5937890102708111,0.4062109897291889
Miami (Ohio),Kennesaw St.,0.7037555022749599,0.2962444977250402
Miami (Ohio),Queens (N.C.),0.7449529019607274,0.2550470980392725
Miami (Ohio),Long Island,0.7756434760781548,0.22435652392184527
SMU,Akron,0.4709401684188576,0.5290598315811424
SMU,Hofstra,0.5779013882868325,0.4220986117131676
SMU,Wright St.,0.6887050060711282,0.3112949939288718
SMU,Tennessee St.,0.7775748774309801,0.22242512256902006
SMU,Howard,0.801813007079526,0.1981869929204741
SMU,UMBC,0.7690398851763861,0.23096011482361395
SMU,Florida,0.16067544966209085,0.8393245503379091
SMU,Houston,0.16713590625530597,0.8328640937446941
SMU,Illinois,0.20524188332290633,0.7947581166770937
SMU,Nebraska,0.2951380641255997,0.7048619358744004
SMU,Vanderbilt,0.2428888754093389,0.7571111245906611
SMU,North Carolina,0.3379278228581062,0.6620721771418938
SMU,Saint Mary's,0.30229227106856926,0.6977077289314308
SMU,Clemson,0.39324490350810126,0.6067550964918988
SMU,Iowa,0.3969833417863199,0.6030166582136801
SMU,Texas A&M,0.45268485000179687,0.5473151499982032
SMU,VCU,0.3891971702317145,0.6108028297682855
SMU,McNeese,0.4885615430388663,0.5114384569611337
SMU,Troy,0.7184228533414104,0.2815771466585895
SMU,Penn,0.7134684693898353,0.2865315306101647
SMU,Idaho,0.7163342949875966,0.2836657050124034
SMU,Lehigh,0.8793803362086791,0.12061966379132102
SMU,Prairie View A&M,0.8383796346271195,0.16162036537288044
SMU,Arizona,0.11955691819128675,0.8804430818087132
SMU,Purdue,0.17506138147851288,0.8249386185214871
SMU,Gonzaga,0.21909192763780677,0.7809080723621933
SMU,Arkansas,0.22258318657683812,0.7774168134231618
SMU,Wisconsin,0.26799383198305876,0.7320061680169413
SMU,BYU,0.35763719205807715,0.6423628079419228
SMU,Miami (FL),0.386506541606199,0.613493458393801
SMU,Villanova,0.4070270051412716,0.5929729948587283
SMU,Utah St.,0.3372070331942645,0.6627929668057355
SMU,Missouri,0.4878974741749519,0.512102525825048
SMU,NC State,0.4574663073263444,0.5425336926736556
SMU,Texas,0.49631868079913366,0.5036813192008665
SMU,High Point,0.5371845677667514,0.4628154322332486
SMU,Hawaii,0.6607391038919731,0.33926089610802695
SMU,Kennesaw St.,0.7599096391248533,0.24009036087514662
SMU,Queens (N.C.),0.7955663969538825,0.2044336030461174
SMU,Long Island,0.8216248314626422,0.17837516853735774
Akron,Hofstra,0.6060013558714944,0.39399864412850566
Akron,Wright St.,0.7130907052262299,0.28690929477377014
Akron,Tennessee St.,0.7970503449495578,0.20294965505044227
Akron,Howard,0.8196584095243519,0.18034159047564807
Akron,UMBC,0.7890599408881129,0.21094005911188712
Akron,Florida,0.17699504286450285,0.8230049571354972
Akron,Houston,0.18396785428513854,0.8160321457148614
Akron,Illinois,0.22487525756775392,0.775124742432246
Akron,Nebraska,0.31990939573126953,0.6800906042687305
Akron,Vanderbilt,0.2649230990773598,0.7350769009226402
Akron,North Carolina,0.36443369911310763,0.6355663008868924
Akron,Saint Mary's,0.3273851699115223,0.6726148300884778
Akron,Clemson,0.4213284892592773,0.5786715107407226
Akron,Iowa,0.4251468376665455,0.5748531623334545
Akron,Texas A&M,0.4816437242477481,0.5183562757522518
Akron,VCU,0.41719044402267547,0.5828095559773246
Akron,McNeese,0.5176448351669326,0.48235516483306745
Akron,Troy,0.7413548481634522,0.2586451518365478
Akron,Penn,0.7366560523284207,0.2633439476715792
Akron,Idaho,0.7393746785959252,0.2606253214040748
Akron,Lehigh,0.8911891507966164,0.10881084920338345
Akron,Prairie View A&M,0.8535339095987576,0.14646609040124248
Akron,Arizona,0.13235875406251862,0.8676412459374814
Akron,Purdue,0.1925070039223419,0.8074929960776581
Akron,Gonzaga,0.23965068630732836,0.7603493136926717
Akron,Arkansas,0.2433674542815693,0.7566325457184306
Akron,Wisconsin,0.2914288670533655,0.7085711329466345
Akron,BYU,0.3847905190737701,0.6152094809262298
Akron,Miami (FL),0.4144375995058886,0.5855624004941113
Akron,Villanova,0.4353885733922589,0.5646114266077411
Akron,Utah St.,0.3636874295299636,0.6363125704700364
Akron,Missouri,0.5169811947216556,0.4830188052783445
Akron,NC State,0.48645919196391074,0.5135408080360893
Akron,Texas,0.5253893768517044,0.47461062314829566
Akron,High Point,0.5659593028524912,0.4340406971475089
Akron,Hawaii,0.6863177366582315,0.3136822633417685
Akron,Kennesaw St.,0.7804952270639338,0.21950477293606613
Akron,Queens (N.C.),0.8138436774182916,0.18615632258170844
Akron,Long Island,0.8380466361659566,0.16195336383404338
Hofstra,Wright St.,0.6177260918466193,0.3822739081533807
Hofstra,Tennessee St.,0.71857925556377,0.2814207444362299
Hofstra,Howard,0.7471557819878624,0.2528442180121375
Hofstra,UMBC,0.7086287464475753,0.29137125355242466
Hofstra,Florida,0.12267108996875008,0.8773289100312499
Hofstra,Houston,0.12783620299113718,0.8721637970088627
Hofstra,Illinois,0.1586892917530042,0.8413107082469959
Hofstra,Nebraska,0.2342040567307548,0.7657959432692452
Hofstra,Vanderbilt,0.18983690282207485,0.810163097177925
Hofstra,North Carolina,0.27156309025806113,0.728436909741939
Hofstra,Saint Mary's,0.24038494251617906,0.759615057483821
Hofstra,Clemson,0.3212884411670999,0.6787115588329001
Hofstra,Iowa,0.3247088965675532,0.6752911034324468
Hofstra,Texas A&M,0.3766027886740428,0.6233972113259573
Hofstra,VCU,0.31759368414672706,0.682406315853273
Hofstra,McNeese,0.4109774566201618,0.5890225433798382
Hofstra,Troy,0.6507840982798426,0.34921590172015743
Hofstra,Penn,0.6452273052551222,0.3547726947448778
Hofstra,Idaho,0.6484393466997752,0.3515606533002248
Hofstra,Lehigh,0.8418969912039921,0.15810300879600794
Hofstra,Prairie View A&M,0.7911806136241288,0.2088193863758711
Hofstra,Arizona,0.09023269668533802,0.9097673033146619
Hofstra,Purdue,0.13419838619294763,0.8658016138070525
Hofstra,Gonzaga,0.17007013067623622,0.8299298693237638
Hofstra,Arkansas,0.17295323176149618,0.8270467682385039
Hofstra,Wisconsin,0.21098650396608934,0.7890134960339106
Hofstra,BYU,0.28909190646469846,0.7109080935353015
Hofstra,Miami (FL),0.31514266832474624,0.6848573316752538
Hofstra,Villanova,0.3339366226022455,0.6660633773977545
Hofstra,Utah St.,0.2709259293777713,0.7290740706222287
Hofstra,Missouri,0.4103342347003309,0.5896657652996692
Hofstra,NC State,0.3811402545875237,0.6188597454124763
Hofstra,Texas,0.4185107703970993,0.5814892296029007
Hofstra,High Point,0.4588058664402103,0.5411941335597896
Hofstra,Hawaii,0.5872055996894872,0.41279440031051284
Hofstra,Kennesaw St.,0.6980480186326659,0.3019519813673342
Hofstra,Queens (N.C.),0.7397456107295098,0.2602543892704902
Hofstra,Long Island,0.7708700635679913,0.2291299364320087
Wright St.,Tennessee St.,0.6124250676145794,0.3875749323854207
Wright St.,Howard,0.6464777585226277,0.3535222414773723
Wright St.,UMBC,0.6008062863334224,0.3991937136665777
Wright St.,Florida,0.07963746479499866,0.9203625352050013
Wright St.,Houston,0.08316238587568496,0.916837614124315
Wright St.,Illinois,0.10452569084800643,0.8954743091519937
Wright St.,Nebraska,0.15914135651748215,0.8408586434825178
Wright St.,Vanderbilt,0.1266423656207334,0.8733576343792666
Wright St.,North Carolina,0.18745777175717718,0.8125422282428227
Wright St.,Saint Mary's,0.16376489197535596,0.836235108024644
Wright St.,Clemson,0.22657289538071756,0.7734271046192823
Wright St.,Iowa,0.22932570786465598,0.770674292135344
Wright St.,Texas A&M,0.2721185001356501,0.7278814998643499
Wright St.,VCU,0.22360849765233534,0.7763915023476647
Wright St.,McNeese,0.3015697788068634,0.6984302211931366
Wright St.,Troy,0.5355846937104962,0.4644153062895037
Wright St.,Penn,0.5295200346228398,0.47047996537716014
Wright St.,Idaho,0.5330214806779121,0.4669785193220879
Wright St.,Lehigh,0.7671884498952891,0.232811550104711
Wright St.,Prairie View A&M,0.7010177133546449,0.29898228664535503
Wright St.,Arizona,0.057828545030075805,0.9421714549699243
Wright St.,Purdue,0.0875243505195571,0.9124756494804429
Wright St.,Gonzaga,0.11254166446589989,0.8874583355341001
Wright St.,Arkansas,0.11458416591588105,0.885415834084119
Wright St.,Wisconsin,0.14198538417114573,0.8580146158288542
Wright St.,BYU,0.20105618011376608,0.798943819886234
Wright St.,Miami (FL),0.22164722066575238,0.7783527793342476
Wright St.,Villanova,0.23679328767861307,0.7632067123213868
Wright St.,Utah St.,0.18696729529029787,0.8130327047097021
Wright St.,Missouri,0.3010102846894285,0.6989897153105715
Wright St.,NC State,0.27595435023179243,0.7240456497682075
Wright St.,Texas,0.308146783677422,0.691853216322578
Wright St.,High Point,0.34410392421500124,0.6558960757849988
Wright St.,Hawaii,0.46817249552950885,0.5318275044704912
Wright St.,Kennesaw St.,0.588583359434697,0.4114166405653031
Wright St.,Queens (N.C.),0.6375483500551103,0.36245164994488965
Wright St.,Long Island,0.6755340198170077,0.3244659801829923
Tennessee St.,Howard,0.5364539524008788,0.4635460475991212
Tennessee St.,UMBC,0.48782949804893383,0.5121705019510662
Tennessee St.,Florida,0.05191677172242085,0.9480832282775792
Tennessee St.,Houston,0.05428708935382383,0.9457129106461762
Tennessee St.,Illinois,0.0687892564339718,0.9312107435660282
Tennessee St.,Nebraska,0.10696270563623979,0.8930372943637602
Tennessee St.,Vanderbilt,0.08405419486986107,0.915945805130139
Tennessee St.,North Carolina,0.12740153879886484,0.872598461201135
Tennessee St.,Saint Mary's,0.11026909349073569,0.8897309065092642
Tennessee St.,Clemson,0.1563972993040906,0.8436027006959095
Tennessee St.,Iowa,0.15847219143517102,0.8415278085648291
Tennessee St.,Texas A&M,0.19132585628496826,0.8086741437150318
Tennessee St.,VCU,0.1541680374454442,0.8458319625545558
Tennessee St.,McNeese,0.21461113646818689,0.7853888635318131
Tennessee St.,Troy,0.42190999497727494,0.578090005022725
Tennessee St.,Penn,0.4159795818797715,0.5840204181202284
Tennessee St.,Idaho,0.4193995144889882,0.5806004855110118
Tennessee St.,Lehigh,0.6758984056387669,0.3241015943612331
Tennessee St.,Prairie View A&M,0.5973971236595325,0.40260287634046754
Tennessee St.,Arizona,0.03739082446892791,0.9626091755310721
Tennessee St.,Purdue,0.05722904869790456,0.9427709513020954
Tennessee St.,Gonzaga,0.07429200777055259,0.9257079922294473
Tennessee St.,Arkansas,0.07569953570206799,0.924300464297932
Tennessee St.,Wisconsin,0.09479760601470189,0.9052023939852981
Tennessee St.,BYU,0.13737997752229977,0.8626200224777002
Tennessee St.,Miami (FL),0.15269603771887974,0.8473039622811203
Tennessee St.,Villanova,0.16412390208643926,0.8358760979135607
Tennessee St.,Utah St.,0.12704362872595432,0.8729563712740458
Tennessee St.,Missouri,0.21416350421589503,0.785836495784105
Tennessee St.,NC State,0.1943268849728,0.8056731150272
Tennessee St.,Texas,0.21988872093958292,0.7801112790604171
Tennessee St.,High Point,0.2492575350835873,0.7507424649164127
Tennessee St.,Hawaii,0.357782957317853,0.6422170426821471
Tennessee St.,Kennesaw St.,0.4751691302694882,0.5248308697305117
Tennessee St.,Queens (N.C.),0.5267797586084435,0.47322024139155655
Tennessee St.,Long Island,0.5685175714402011,0.4314824285597988
Howard,UMBC,0.45146168424753713,0.5485383157524629
Howard,Florida,0.045179694987917615,0.9548203050120824
Howard,Houston,0.047257755865796953,0.952742244134203
Howard,Illinois,0.060001256263047816,0.9399987437369521
Howard,Nebraska,0.09378912549541052,0.9062108745045895
Howard,Vanderbilt,0.07346992062741646,0.9265300793725836
Howard,North Carolina,0.11202647741573202,0.887973522584268
Howard,Saint Mary's,0.0967324060160573,0.9032675939839426
Howard,Clemson,0.13807668437471404,0.861923315625286
Howard,Iowa,0.13994884211187275,0.8600511578881272
Howard,Texas A&M,0.16973690388315027,0.8302630961168497
Howard,VCU,0.13606644193493714,0.8639335580650629
Howard,McNeese,0.19101533619375344,0.8089846638062465
Howard,Troy,0.38674564245936927,0.6132543575406306
Howard,Penn,0.3809837576023929,0.6190162423976071
Howard,Idaho,0.38430530163709153,0.6156946983629085
Howard,Lehigh,0.643115181383464,0.356884818616536
Howard,Prairie View A&M,0.5618211578423454,0.43817884215765457
Howard,Arizona,0.0324741689762378,0.9675258310237623
Howard,Purdue,0.04983885258801368,0.9501611474119863
Howard,Gonzaga,0.064849973894132,0.9351500261058681
Howard,Arkansas,0.06609138590245356,0.9339086140975466
Howard,Wisconsin,0.0829830638924482,0.9170169361075518
Howard,BYU,0.12096763873418034,0.8790323612658196
Howard,Miami (FL),0.13473974436997846,0.8652602556300216
Howard,Villanova,0.1450538102960958,0.8549461897039042
Howard,Utah St.,0.11170623120156781,0.8882937687984321
Howard,Missouri,0.19060497556268943,0.8093950244373105
Howard,NC State,0.17247152292427725,0.8275284770757227
Howard,Texas,0.19585736875473697,0.8041426312452631
Howard,High Point,0.2229337390306349,0.777066260969365
Howard,Hawaii,0.3249589181644308,0.6750410818355692
Howard,Kennesaw St.,0.438936273341596,0.561063726658404
Howard,Queens (N.C.),0.4902878812366882,0.5097121187633118
Howard,Long Island,0.5323871977557144,0.46761280224428564
UMBC,Florida,0.05436640459113543,0.9456335954088646
UMBC,Houston,0.056841857567066854,0.9431581424329332
UMBC,Illinois,0.07197456071090634,0.9280254392890936
UMBC,Nebraska,0.11170360468841002,0.88829639531159
UMBC,Vanderbilt,0.08787963994514036,0.9121203600548596
UMBC,North Carolina,0.1329135173356659,0.8670864826643341
UMBC,Saint Mary's,0.11513764703549084,0.8848623529645092
UMBC,Clemson,0.16292953275735156,0.8370704672426484
UMBC,Iowa,0.16507412896052168,0.8349258710394782
UMBC,Texas A&M,0.19897286041374168,0.8010271395862584
UMBC,VCU,0.16062488985149503,0.839375110148505
UMBC,McNeese,0.22293225228144709,0.7770677477185529
UMBC,Troy,0.43382894247634163,0.5661710575236583
UMBC,Penn,0.4278549903495338,0.5721450096504662
UMBC,Idaho,0.43130045360889896,0.5686995463911011
UMBC,Lehigh,0.6864721304103635,0.31352786958963663
UMBC,Prairie View A&M,0.609050563722123,0.39094943627787704
UMBC,Arizona,0.03918339383499381,0.9608166061650062
UMBC,Purdue,0.0599134953235058,0.9400865046764941
UMBC,Gonzaga,0.07771085442053942,0.9222891455794605
UMBC,Arkansas,0.07917761526371206,0.920822384736288
UMBC,Wisconsin,0.09905912169561824,0.9009408783043817
UMBC,BYU,0.14325279583326506,0.8567472041667349
UMBC,Miami (FL),0.15910283649023738,0.8408971635097626
UMBC,Villanova,0.17091346976323135,0.8290865302367687
UMBC,Utah St.,0.13254247447580564,0.8674575255241943
UMBC,Missouri,0.22247218032466418,0.7775278196753358
UMBC,NC State,0.20206386454877862,0.7979361354512214
UMBC,Texas,0.2283549681543704,0.7716450318456297
UMBC,High Point,0.2584798863523724,0.7415201136476276
UMBC,Hawaii,0.3690468165342262,0.6309531834657738
UMBC,Kennesaw St.,0.4873243096357015,0.5126756903642985
UMBC,Queens (N.C.),0.5388995475143682,0.46110045248563186
UMBC,Long Island,0.5804198271912392,0.41958017280876087
Florida,Houston,0.5117847638057761,0.4882152361942239
Florida,Illinois,0.5742866333661544,0.4257133666338456
Florida,Nebraska,0.6862514602934535,0.31374853970654654
Florida,Vanderbilt,0.6262833393481795,0.37371666065182063
Florida,North Carolina,0.7272408855914656,0.2727591144085344
Florida,Saint Mary's,0.6935577134472455,0.3064422865527545
Florida,Clemson,0.7719787697359589,0.2280212302640411
Florida,Iowa,0.7747205006669067,0.22527949933309332
Florida,Texas A&M,0.8120494560584025,0.1879505439415975
Florida,VCU,0.7689732795518427,0.2310267204481573
Florida,McNeese,0.8330569345287829,0.166943065471217
Florida,Troy,0.9302063124893296,0.06979368751067043
Florida,Penn,0.9286079840405616,0.07139201595943845
Florida,Idaho,0.9295345509301917,0.07046544906980824
Florida,Lehigh,0.9744138805629036,0.025586119437096398
Florida,Prairie View A&M,0.9644093141080453,0.03559068589195463
Florida,Arizona,0.41497853322238887,0.5850214667776111
Florida,Purdue,0.5257368968232222,0.4742631031767778
Florida,Gonzaga,0.5944144400292073,0.4055855599707927
Florida,Arkansas,0.5992966236371208,0.4007033763628793
Florida,Wisconsin,0.6566466586430092,0.3433533413569908
Florida,BYU,0.7441358073819203,0.2558641926180798
Florida,Miami (FL),0.766953856461051,0.23304614353894892
Florida,Villanova,0.7819287276676931,0.2180712723323069
Florida,Utah St.,0.7266010301473235,0.2733989698526766
Florida,Missouri,0.832686985979893,0.16731301402010693
Florida,NC State,0.814974627844019,0.18502537215598114
Florida,Texas,0.8373287441079984,0.16267125589200165
Florida,High Point,0.8584194903880082,0.1415805096119918
Florida,Hawaii,0.9105036950281943,0.08949630497180568
Florida,Kennesaw St.,0.9429666722808209,0.05703332771917908
Florida,Queens (N.C.),0.9531142968673801,0.046885703132619826
Florida,Long Island,0.9600978819279439,0.039902118072056146
Houston,Illinois,0.5627215078439624,0.43727849215603776
Houston,Nebraska,0.6760120324749119,0.32398796752508796
Houston,Vanderbilt,0.6151842532698508,0.38481574673014923
Houston,North Carolina,0.7177890609258196,0.28221093907418027
Houston,Saint Mary's,0.683446741141692,0.316553258858308
Houston,Clemson,0.7635732314798145,0.23642676852018552
Houston,Iowa,0.7663854456579923,0.23361455434200773
Houston,Texas A&M,0.8047474407223932,0.19525255927760668
Houston,VCU,0.7604913233389176,0.2395086766610825
Houston,McNeese,0.8263965937289965,0.17360340627100349
Houston,Troy,0.9270825779904832,0.0729174220095169
Houston,Penn,0.9254184492133187,0.07458155078668122
Houston,Idaho,0.926383130027298,0.07361686997270205
Houston,Lehigh,0.9732117508918455,0.026788249108154534
Houston,Prairie View A&M,0.9627550999439173,0.03724490005608264
Houston,Arizona,0.4035802037246856,0.5964197962753145
Houston,Purdue,0.5139690804875003,0.48603091951249966
Houston,Gonzaga,0.5829990725182729,0.4170009274817271
Houston,Arkansas,0.5879234072340387,0.4120765927659613
Houston,Wisconsin,0.6459395379970668,0.3540604620029331
Houston,BYU,0.7350561475982434,0.26494385240175655
Houston,Miami (FL),0.758421050905999,0.241578949094001
Houston,Villanova,0.7737824931864781,0.22621750681352187
Houston,Utah St.,0.7171356569855005,0.2828643430144995
Houston,Missouri,0.8260149682814841,0.1739850317185159
Houston,NC State,0.8077593537816684,0.19224064621833153
Houston,Texas,0.8308042166777228,0.16919578332227733
Houston,High Point,0.8525919639066091,0.14740803609339082
Houston,Hawaii,0.9065866912190345,0.09341330878096565
Houston,Kennesaw St.,0.9403774432671114,0.05962255673288851
Houston,Queens (N.C.),0.9509617973956118,0.04903820260438806
Houston,Long Island,0.9582519519977107,0.041748048002289206
Illinois,Nebraska,0.6185244407027631,0.3814755592972369
Illinois,Vanderbilt,0.5540239356097276,0.44597606439027243
Illinois,North Carolina,0.6640302015414561,0.33596979845854397
Illinois,Saint Mary's,0.6265495796046154,0.3734504203953845
Illinois,Clemson,0.7150738801304886,0.2849261198695115
Illinois,Iowa,0.7182501139530836,0.28174988604691636
Illinois,Texas A&M,0.7620624057310658,0.23793759426893432
Illinois,VCU,0.711598549737195,0.28840145026280495
Illinois,McNeese,0.7871928318872047,0.2128071681127953
Illinois,Troy,0.9080872304565525,0.09191276954344746
Illinois,Penn,0.906033527666289,0.09396647233371111
Illinois,Idaho,0.9072238071702614,0.09277619282973873
Illinois,Lehigh,0.9657898468754363,0.03421015312456364
Illinois,Prairie View A&M,0.9525772652093597,0.0474227347906403
Illinois,Arizona,0.3446174586075894,0.6553825413924106
Illinois,Purdue,0.4510761116770027,0.5489238883229973
Illinois,Gonzaga,0.5207087901888987,0.47929120981110124
Illinois,Arkansas,0.5257703614724827,0.4742296385275174
Illinois,Wisconsin,0.5863807930526248,0.4136192069473752
Illinois,BYU,0.6831345033634416,0.3168654966365584
Illinois,Miami (FL),0.7092672227049854,0.2907327772950146
Illinois,Villanova,0.7266276300399356,0.2733723699600645
Illinois,Utah St.,0.6633107130709754,0.3366892869290246
Illinois,Missouri,0.7867472652531555,0.21325273474684442
Illinois,NC State,0.7655409311631264,0.23445906883687365
Illinois,Texas,0.7923456932198777,0.20765430678012226
Illinois,High Point,0.8180009465215347,0.18199905347846534
Illinois,Hawaii,0.8829263182069849,0.11707368179301504
Illinois,Kennesaw St.,0.9245636599333648,0.07543634006663515
Illinois,Queens (N.C.),0.9377695424340386,0.062230457565961336
Illinois,Long Island,0.9469114078883633,0.05308859211163675
Nebraska,Vanderbilt,0.4338040425388889,0.5661959574611112
Nebraska,North Carolina,0.5493429847380483,0.4506570152619517
Nebraska,Saint Mary's,0.5085373534062998,0.49146264659370015
Nebraska,Clemson,0.6075120143666429,0.392487985633357
Nebraska,Iowa,0.6112354116087704,0.3887645883912295
Nebraska,Texas A&M,0.6639016277957629,0.336098372204237
Nebraska,VCU,0.603452275711296,0.396547724288704
Nebraska,McNeese,0.6952536337379699,0.30474636626203006
Nebraska,Troy,0.8590244058705587,0.14097559412944113
Nebraska,Penn,0.8560482228466562,0.14395177715334379
Nebraska,Idaho,0.8577722759162117,0.14222772408378834
Nebraska,Lehigh,0.9456862718709909,0.05431372812900917
Nebraska,Prairie View A&M,0.9253097889362154,0.07469021106378468
Nebraska,Arizona,0.2448863513915536,0.7551136486084464
Nebraska,Purdue,0.33634754163256864,0.6636524583674314
Nebraska,Gonzaga,0.4012144740718552,0.5987855259281448
Nebraska,Arkansas,0.4060986651806402,0.5939013348193598
Nebraska,Wisconsin,0.46648376391997964,0.5335162360800203
Nebraska,BYU,0.5707531061778226,0.4292468938221774
Nebraska,Miami (FL),0.6007372378860497,0.39926276211395034
Nebraska,Villanova,0.6211163750356116,0.3788836249643885
Nebraska,Utah St.,0.5485448708225175,0.45145512917748254
Nebraska,Missouri,0.694690228483394,0.30530977151660593
Nebraska,NC State,0.6681903737801623,0.3318096262198377
Nebraska,Texas,0.7017893442389771,0.2982106557610229
Nebraska,High Point,0.734889238256113,0.26511076174388704
Nebraska,Hawaii,0.8230497943844212,0.17695020561557886
Nebraska,Kennesaw St.,0.8831643291204998,0.1168356708795002
Nebraska,Queens (N.C.),0.9028560960692937,0.09714390393070639
Nebraska,Long Island,0.916671118133888,0.08332888186611195
Vanderbilt,North Carolina,0.6140488681358566,0.3859511318641434
Vanderbilt,Saint Mary's,0.5745647532808708,0.42543524671912925
Vanderbilt,Clemson,0.6688998256812635,0.3311001743187365
Vanderbilt,Iowa,0.6723549406939306,0.32764505930606935
Vanderbilt,Texas A&M,0.7205270422536371,0.27947295774636294
Vanderbilt,VCU,0.6651250470115442,0.3348749529884557
Vanderbilt,McNeese,0.7485971189245547,0.25140288107544523
Vanderbilt,Troy,0.8883064540375254,0.11169354596247466
Vanderbilt,Penn,0.8858663196757943,0.11413368032420573
Vanderbilt,Idaho,0.8872802768096237,0.11271972319037622
Vanderbilt,Lehigh,0.9578509961240861,0.042149003875913874
Vanderbilt,Prairie View A&M,0.9417571918588189,0.0582428081411811
Vanderbilt,Arizona,0.297396445009111,0.702603554990889
Vanderbilt,Purdue,0.398129179237813,0.601870820762187
Vanderbilt,Gonzaga,0.4665350964118763,0.5334649035881237
Vanderbilt,Arkansas,0.47158820439740495,0.528411795602595
Vanderbilt,Wisconsin,0.5329723362703261,0.4670276637296739
Vanderbilt,BYU,0.6344306032878095,0.3655693967121905
Vanderbilt,Miami (FL),0.6625961714647749,0.33740382853522516
Vanderbilt,Villanova,0.681491947864508,0.31850805213549205
Vanderbilt,Utah St.,0.6132846787126576,0.38671532128734254
Vanderbilt,Missouri,0.748096601617379,0.25190339838262094
Vanderbilt,NC State,0.7243931846654826,0.2756068153345174
Vanderbilt,Texas,0.7543929453432541,0.24560705465674595
Vanderbilt,High Point,0.7834557044353547,0.21654429556464524
Vanderbilt,Hawaii,0.8585739256644577,0.14142607433554244
Vanderbilt,Kennesaw St.,0.9079694526291535,0.09203054737084648
Vanderbilt,Queens (N.C.),0.9238410246760316,0.07615897532396856
Vanderbilt,Long Island,0.9348869646499984,0.0651130353500017
North Carolina,Saint Mary's,0.4591254937356541,0.540874506264346
North Carolina,Clemson,0.5594301283184663,0.4405698716815338
North Carolina,Iowa,0.5632817620648674,0.43671823793513265
North Carolina,Texas A&M,0.6183884602700078,0.3816115397299921
North Carolina,VCU,0.5552371550349494,0.4447628449650505
North Carolina,McNeese,0.651759077859988,0.34824092214001195
North Carolina,Troy,0.8332994691789942,0.16670053082100572
North Carolina,Penn,0.8298877458422251,0.17011225415777495
North Carolina,Idaho,0.8318635745962604,0.16813642540373966
North Carolina,Lehigh,0.9345707192204399,0.0654292807795601
North Carolina,Prairie View A&M,0.9104191158023746,0.08958088419762548
North Carolina,Arizona,0.2101385502234038,0.7898614497765962
North Carolina,Purdue,0.29366912724058664,0.7063308727594133
North Carolina,Gonzaga,0.35470438916824054,0.6452956108317595
North Carolina,Arkansas,0.3593621896860157,0.6406378103139844
North Carolina,Wisconsin,0.4176853044339908,0.5823146955660092
North Carolina,BYU,0.5217133412533222,0.4782866587466777
North Carolina,Miami (FL),0.5524368393007443,0.44756316069925567
North Carolina,Villanova,0.5735311505227974,0.4264688494772026
North Carolina,Utah St.,0.4991941650613915,0.5008058349386084
North Carolina,Missouri,0.6511556077610431,0.3488443922389568
North Carolina,NC State,0.6229281182542441,0.37707188174575595
North Carolina,Texas,0.6587697711562326,0.3412302288437674
North Carolina,High Point,0.6945664605498961,0.3054335394501038
North Carolina,Hawaii,0.7923471455561457,0.2076528544438543
North Carolina,Kennesaw St.,0.8611322943108748,0.1388677056891253
North Carolina,Queens (N.C.),0.8840498725184767,0.11595012748152343
North Carolina,Long Island,0.900243863094971,0.09975613690502902
Saint Mary's,Clemson,0.5993393827472615,0.40066061725273844
Saint Mary's,Iowa,0.6030896570562456,0.3969103429437544
Saint Mary's,Texas A&M,0.6562387653326318,0.34376123466736813
Saint Mary's,VCU,0.5952514298476544,0.40474857015234555
Saint Mary's,McNeese,0.6879696236431502,0.3120303763568499
Saint Mary's,Troy,0.85483752837819,0.14516247162180992
Saint Mary's,Penn,0.8517882052497344,0.14821179475026555
Saint Mary's,Idaho,0.8535545506935338,0.14644544930646622
Saint Mary's,Lehigh,0.9439051210453994,0.056094878954600615
Saint Mary's,Prairie View A&M,0.9229148851127116,0.0770851148872884
Saint Mary's,Arizona,0.23862608271921565,0.7613739172807843
Saint Mary's,Purdue,0.32876714623016967,0.6712328537698302
Saint Mary's,Gonzaga,0.3930379536830343,0.6069620463169657
Saint Mary's,Arkansas,0.39788874942216107,0.6021112505778389
Saint Mary's,Wisconsin,0.4579944883340915,0.5420055116659085
Saint Mary's,BYU,0.562366441137668,0.4376335588623319
Saint Mary's,Miami (FL),0.5925181578231699,0.40748184217683014
Saint Mary's,Villanova,0.6130465883313581,0.3869534116686419
Saint Mary's,Utah St.,0.540073951165822,0.459926048834178
Saint Mary's,Missouri,0.6873988067519896,0.31260119324801044
Saint Mary's,NC State,0.6605753010974853,0.33942469890251475
Saint Mary's,Texas,0.6945929283241398,0.3054070716758603
Saint Mary's,High Point,0.7281822095968296,0.27181779040317045
Saint Mary's,Hawaii,0.8180208344367058,0.18197916556329427
Saint Mary's,Kennesaw St.,0.879593900084324,0.12040609991567593
Saint Mary's,Queens (N.C.),0.8998191747787168,0.10018082522128327
Saint Mary's,Long Island,0.9140249566217701,0.0859750433782299
Clemson,Iowa,0.503910460258511,0.49608953974148895
Clemson,Texas A&M,0.560665668022493,0.43933433197750704
Clemson,VCU,0.495751236178146,0.504248763821854
Clemson,McNeese,0.5957844945174992,0.40421550548250096
Clemson,Troy,0.7974358109933141,0.202564189006686
Clemson,Penn,0.7934720108129563,0.20652798918704363
Clemson,Idaho,0.7957667127333464,0.2042332872666535
Clemson,Lehigh,0.9183598279314202,0.08164017206857979
Clemson,Prairie View A&M,0.8889354958041258,0.11106450419587416
Clemson,Arizona,0.17322517230567908,0.826774827694321
Clemson,Purdue,0.24666485496515622,0.7533351450348438
Clemson,Gonzaga,0.30210935374149583,0.697890646258504
Clemson,Arkansas,0.30640444335415307,0.6935955566458469
Clemson,Wisconsin,0.3609755906976203,0.6390244093023797
Clemson,BYU,0.462087519834717,0.537912480165283
Clemson,Miami (FL),0.4929184370886403,0.5070815629113598
Clemson,Villanova,0.514351891295731,0.485648108704269
Clemson,Utah St.,0.43977557354455477,0.5602244264554452
Clemson,Missouri,0.5951442787014773,0.4048557212985227
Clemson,NC State,0.5654094189957277,0.43459058100427234
Clemson,Texas,0.6032360642132256,0.3967639357867744
Clemson,High Point,0.6416898325496202,0.35831016745037986
Clemson,Hawaii,0.750312998007038,0.249687001992962
Clemson,Kennesaw St.,0.8300352118157964,0.16996478818420352
Clemson,Queens (N.C.),0.8572339667709685,0.14276603322903156
Clemson,Long Island,0.8766505991923224,0.12334940080767771
Iowa,Texas A&M,0.5568091152249988,0.44319088477500124
Iowa,VCU,0.4918413181332983,0.5081586818667018
Iowa,McNeese,0.5920118906911492,0.40798810930885077
Iowa,Troy,0.7948973440172754,0.20510265598272448
Iowa,Penn,0.7908968960410998,0.20910310395890022
Iowa,Idaho,0.7932127531622234,0.20678724683777663
Iowa,Lehigh,0.9171793551322874,0.0828206448677126
Iowa,Prairie View A&M,0.8873817371127396,0.11261826288726033
Iowa,Arizona,0.17099636802148685,0.8290036319785132
Iowa,Purdue,0.2437697399268186,0.7562302600731814
Iowa,Gonzaga,0.29882161582892636,0.7011783841710737
Iowa,Arkansas,0.3030902633725412,0.6969097366274588
Iowa,Wisconsin,0.35737528182466555,0.6426247181753345
Iowa,BYU,0.4582018467583359,0.5417981532416641
Iowa,Miami (FL),0.489009194267187,0.510990805732813
Iowa,Villanova,0.5104437755604184,0.4895562244395815
Iowa,Utah St.,0.43592547283011457,0.5640745271698854
Iowa,Missouri,0.5913697978710041,0.40863020212899587
Iowa,NC State,0.5615619442234666,0.43843805577653344
Iowa,Texas,0.5994862545680498,0.4005137454319501
Iowa,High Point,0.638085409580985,0.36191459041901497
Iowa,Hawaii,0.7473710836356366,0.25262891636436335
Iowa,Kennesaw St.,0.8278170606875902,0.1721829393124098
Iowa,Queens (N.C.),0.8553089004923456,0.14469109950765446
Iowa,Long Island,0.8749491551803378,0.1250508448196622
Texas A&M,VCU,0.4351524270656871,0.564847572934313
Texas A&M,McNeese,0.5359545291717704,0.4640454708282295
Texas A&M,Troy,0.7551887945227314,0.24481120547726853
Texas A&M,Penn,0.7506567915899017,0.2493432084100983
Texas A&M,Idaho,0.7532792895838932,0.24672071041610677
Texas A&M,Lehigh,0.8981104585661076,0.1018895414338923
Texas A&M,Prairie View A&M,0.8624808128150842,0.1375191871849158
Texas A&M,Arizona,0.14102481919568863,0.8589751808043112
Texas A&M,Purdue,0.20418444332780292,0.795815556672197
Texas A&M,Gonzaga,0.25329082627711585,0.7467091737228841
Texas A&M,Arkansas,0.2571475963534472,0.7428524036465528
Texas A&M,Wisconsin,0.3068268197760427,0.6931731802239574
Texas A&M,BYU,0.402320497737828,0.5976795022621719
Texas A&M,Miami (FL),0.4323689882917838,0.5676310117082163
Texas A&M,Villanova,0.4535243640495925,0.5464756359504075
Texas A&M,Utah St.,0.3808511727262227,0.6191488272737773
Texas A&M,Missouri,0.5352934649592972,0.46470653504070286
Texas A&M,NC State,0.5048202601886351,0.49517973981136487
Texas A&M,Texas,0.5436642529346787,0.4563357470653214
Texas A&M,High Point,0.583909200589584,0.4160907994104161
Texas A&M,Hawaii,0.7019117787135625,0.2980882212864375
Texas A&M,Kennesaw St.,0.7928207450953977,0.20717925490460234
Texas A&M,Queens (N.C.),0.824717169310649,0.17528283068935102
Texas A&M,Long Island,0.8477708536247326,0.1522291463752674
VCU,McNeese,0.5998706825723801,0.40012931742761987
VCU,Troy,0.8001672479713469,0.1998327520286531
VCU,Penn,0.7962432398358344,0.20375676016416555
VCU,Idaho,0.7985149696759803,0.20148503032401965
VCU,Lehigh,0.9196250374249273,0.0803749625750726
VCU,Prairie View A&M,0.8906023855700289,0.10939761442997115
VCU,Arizona,0.17567276658909736,0.8243272334109025
VCU,Purdue,0.24983655387973422,0.7501634461202659
VCU,Gonzaga,0.3057046708033171,0.6942953291966829
VCU,Arkansas,0.3100281680878928,0.6899718319121072
VCU,Wisconsin,0.36490516222813735,0.6350948377718626
VCU,BYU,0.4663145793081075,0.5336854206918925
VCU,Miami (FL),0.49716685993768744,0.5028331400623126
VCU,Villanova,0.5185961193160668,0.4814038806839332
VCU,Utah St.,0.4439669865990098,0.5560330134009902
VCU,Missouri,0.599232585191794,0.4007674148082061
VCU,NC State,0.5695808342092044,0.4304191657907956
VCU,Texas,0.6072965759116373,0.3927034240883626
VCU,High Point,0.6455880165639958,0.3544119834360042
VCU,Hawaii,0.7534834222506047,0.24651657774939528
VCU,Kennesaw St.,0.8324194460437979,0.16758055395620203
VCU,Queens (N.C.),0.8593013363615072,0.14069866363849276
VCU,Long Island,0.8784766590729238,0.1215233409270762
McNeese,Troy,0.7275868794860019,0.27241312051399813
McNeese,Penn,0.7227315078036333,0.2772684921963667
McNeese,Idaho,0.7255403262632191,0.27445967373678093
McNeese,Lehigh,0.8841506664906612,0.11584933350933875
McNeese,Prairie View A&M,0.8444847227702522,0.15551527722974773
McNeese,Arizona,0.12445842538464981,0.8755415746153503
McNeese,Purdue,0.18176863364858004,0.81823136635142
McNeese,Gonzaga,0.22702190093719582,0.7729780990628041
McNeese,Arkansas,0.23060220940730303,0.769397790592697
McNeese,Wisconsin,0.2770658044998825,0.7229341955001175
McNeese,BYU,0.36821726326504745,0.6317827367349527
McNeese,Miami (FL),0.3974122851691789,0.6025877148308211
McNeese,Villanova,0.41811714304084097,0.5818828569591591
McNeese,Utah St.,0.3475096810536984,0.6524903189463015
McNeese,Missouri,0.49933556321293016,0.5006644367870698
McNeese,NC State,0.46884413250015294,0.531155867499847
McNeese,Texas,0.5077584445495688,0.49224155545043125
McNeese,High Point,0.5485404411128157,0.45145955888718425
McNeese,Hawaii,0.6709205378437775,0.3290794621562225
McNeese,Kennesaw St.,0.7681591843707758,0.23184081562922423
McNeese,Queens (N.C.),0.8029085327584334,0.19709146724156648
McNeese,Long Island,0.8282331514366293,0.17176684856337068
Troy,Penn,0.49390975062503895,0.506090249374961
Troy,Idaho,0.49742468236391035,0.5025753176360896
Troy,Lehigh,0.7407601729177034,0.25923982708229676
Troy,Prairie View A&M,0.6703059172948139,0.32969408270518613
Troy,Arizona,0.05053250111490393,0.9494674988850961
Troy,Purdue,0.0767870313200247,0.9232129686799753
Troy,Gonzaga,0.09906848219634162,0.9009315178036584
Troy,Arkansas,0.1008942604692745,0.8991057395307255
Troy,Wisconsin,0.12548570016256858,0.8745142998374313
Troy,BYU,0.1791251283872999,0.8208748716127
Troy,Miami (FL),0.19802682307685218,0.8019731769231477
Troy,Villanova,0.21199843465025492,0.7880015653497451
Troy,Utah St.,0.16625325250508358,0.8337467474949164
Troy,Missouri,0.2718866622719625,0.7281133377280375
Troy,NC State,0.24839348473310044,0.7516065152668996
Troy,Texas,0.2786078990581005,0.7213921009418994
Troy,High Point,0.3126759614897266,0.6873240385102735
Troy,Hawaii,0.4328918211956557,0.5671081788043443
Troy,Kennesaw St.,0.553675451269035,0.4463245487309651
Troy,Queens (N.C.),0.603999812898812,0.39600018710118806
Troy,Long Island,0.6435356058963906,0.3564643941036094
Penn,Idaho,0.5035151522700567,0.4964848477299432
Penn,Lehigh,0.7454110477300193,0.25458895226998063
Penn,Prairie View A&M,0.6756673540820108,0.3243326459179891
Penn,Arizona,0.051714256220799,0.948285743779201
Penn,Purdue,0.07853199186225684,0.9214680081377432
Penn,Gonzaga,0.10126424286618185,0.8987357571338183
Penn,Arkansas,0.10312585576385351,0.8968741442361465
Penn,Wisconsin,0.1281836676419786,0.8718163323580215
Penn,BYU,0.18273537349473812,0.8172646265052619
Penn,Miami (FL),0.20192431810113137,0.7980756818988686
Penn,Villanova,0.21609681776174056,0.7839031822382595
Penn,Utah St.,0.16965768551022622,0.8303423144897738
Penn,Missouri,0.27673621953646543,0.7232637804635346
Penn,NC State,0.2529695894447671,0.7470304105552328
Penn,Texas,0.2835306573097286,0.7164693426902714
Penn,High Point,0.3179353770854983,0.6820646229145018
Penn,Hawaii,0.4388821537602302,0.5611178462397698
Penn,Kennesaw St.,0.5596876538119278,0.4403123461880722
Penn,Queens (N.C.),0.6098118496500354,0.39018815034996457
Penn,Long Island,0.6491044860082843,0.35089551399171565
Idaho,Lehigh,0.7427334785934021,0.257266521406598
Idaho,Prairie View A&M,0.6725784689033087,0.32742153109669125
Idaho,Arizona,0.05102904447762841,0.9489709555223715
Idaho,Purdue,0.07752049408347472,0.9224795059165253
Idaho,Gonzaga,0.09999172403798487,0.900008275962015
Idaho,Arkansas,0.1018325939624709,0.8981674060375291
Idaho,Wisconsin,0.12662052983721037,0.8733794701627896
Idaho,BYU,0.1806448434648642,0.8193551565351358
Idaho,Miami (FL),0.19966789541496657,0.8003321045850335
Idaho,Villanova,0.2137244350813187,0.7862755649186813
Idaho,Utah St.,0.16768606968484218,0.8323139303151579
Idaho,Missouri,0.273930749450432,0.7260692505495681
Idaho,NC State,0.2503216693972946,0.7496783306027054
Idaho,Texas,0.280683038060201,0.719316961939799
Idaho,High Point,0.3148940847577287,0.6851059152422713
Idaho,Hawaii,0.43542249643545816,0.564577503564542
Idaho,Kennesaw St.,0.5562196836171585,0.4437803163828416
Idaho,Queens (N.C.),0.6064610755685376,0.3935389244314624
Idaho,Long Island,0.6458952030152818,0.3541047969847182
Lehigh,Prairie View A&M,0.415723412444946,0.5842765875550541
Lehigh,Arizona,0.018285217083309588,0.9817147829166903
Lehigh,Purdue,0.02828454456124399,0.9717154554387559
Lehigh,Gonzaga,0.03705684804693111,0.9629431519530688
Lehigh,Arkansas,0.03778771971540254,0.9622122802845976
Lehigh,Wisconsin,0.04781590127507284,0.9521840987249273
Lehigh,BYU,0.0709485338273694,0.9290514661726307
Lehigh,Miami (FL),0.07954128283615516,0.9204587171638449
Lehigh,Villanova,0.08605022368343226,0.9139497763165678
Lehigh,Utah St.,0.06523245477328243,0.9347675452267175
Lehigh,Missouri,0.1155773827340111,0.8844226172659889
Lehigh,NC State,0.1036675601650179,0.8963324398349821
Lehigh,Texas,0.11906642257897587,0.8809335774210241
Lehigh,High Point,0.13733991201239892,0.8626600879876011
Lehigh,Hawaii,0.21082070109442852,0.7891792989055715
Lehigh,Kennesaw St.,0.302717417379147,0.6972825826208531
Lehigh,Queens (N.C.),0.3480176920848199,0.6519823079151801
Lehigh,Long Island,0.38718029403968124,0.6128197059603188
Prairie View A&M,Arizona,0.02550975494046397,0.974490245059536
Prairie View A&M,Purdue,0.03930167968184462,0.9606983203181554
Prairie View A&M,Gonzaga,0.05131046362419373,0.9486895363758062
Prairie View A&M,Arkansas,0.052307188461313,0.9476928115386869
Prairie View A&M,Wisconsin,0.0659245792087765,0.9340754207912234
Prairie View A&M,BYU,0.09692614131021145,0.9030738586897886
Prairie View A&M,Miami (FL),0.10829835153376081,0.8917016484662392
Prairie View A&M,Villanova,0.11686174592284836,0.8831382540771517
Prairie View A&M,Utah St.,0.08931834833310957,0.9106816516668904
Prairie View A&M,Missouri,0.15516655383866412,0.8448334461613358
Prairie View A&M,NC State,0.13982216182437324,0.8601778381756268
Prairie View A&M,Texas,0.15963499438456918,0.8403650056154308
Prairie View A&M,High Point,0.18284239005423994,0.81715760994576
Prairie View A&M,Hawaii,0.2729649648695726,0.7270350351304274
Prairie View A&M,Kennesaw St.,0.3789430895120609,0.6210569104879391
Prairie View A&M,Queens (N.C.),0.4286381102269879,0.571361889773012
Prairie View A&M,Long Island,0.47032840436901163,0.5296715956309883
Arizona,Purdue,0.609797334446728,0.390202665553272
Arizona,Gonzaga,0.673853637457458,0.32614636254254203
Arizona,Arkansas,0.6782971079185813,0.3217028920814187
Arizona,Wisconsin,0.729444838333841,0.27055516166615895
Arizona,BYU,0.8039233853775052,0.1960766146224948
Arizona,Miami (FL),0.8226800904403996,0.17731990955960042
Arizona,Villanova,0.8348452408516169,0.16515475914838304
Arizona,Utah St.,0.789325938408417,0.210674061591583
Arizona,Missouri,0.8752516744790788,0.12474832552092112
Arizona,NC State,0.8612947699201375,0.13870523007986243
Arizona,Texas,0.8788843217146897,0.12111567828531031
Arizona,High Point,0.8952612217074483,0.10473877829255177
Arizona,Hawaii,0.934821282257324,0.06517871774267613
Arizona,Kennesaw St.,0.9588620788951676,0.0411379211048324
Arizona,Queens (N.C.),0.9662826480645305,0.03371735193546949
Arizona,Long Island,0.9713637491270588,0.028636250872941124
Purdue,Gonzaga,0.569351622866058,0.430648377133942
Purdue,Arkansas,0.5743194460418543,0.4256805539581457
Purdue,Wisconsin,0.6330554669112558,0.36694453308874425
Purdue,BYU,0.7240294867391408,0.27597051326085914
Purdue,Miami (FL),0.7480334790675316,0.2519665209324684
Purdue,Villanova,0.7638497756791773,0.2361502243208226
Purdue,Utah St.,0.7056618182527217,0.29433818174727827
Purdue,Missouri,0.8178357482087549,0.18216425179124504
Purdue,NC State,0.7989308254973225,0.20106917450267742
Purdue,Texas,0.8228018451731074,0.17719815482689258
Purdue,High Point,0.8454283546888608,0.15457164531113918
Purdue,Hawaii,0.9017446747895329,0.098255325210467
Purdue,Kennesaw St.,0.9371655520407297,0.06283444795927033
Purdue,Queens (N.C.),0.9482887352716199,0.051711264728379926
Purdue,Long Island,0.9559578704892631,0.04404212951073696
Gonzaga,Arkansas,0.5050723992939565,0.49492760070604347
Gonzaga,Wisconsin,0.5661452967291242,0.43385470327087594
Gonzaga,BYU,0.6649276618508456,0.33507233814915444
Gonzaga,Miami (FL),0.6918846930408425,0.30811530695915745
Gonzaga,Villanova,0.7098584573021781,0.29014154269782194
Gonzaga,Utah St.,0.6445574775256386,0.35544252247436137
Gonzaga,Missouri,0.772511371118837,0.22748862888116295
Gonzaga,NC State,0.750338620748812,0.2496613792511881
Gonzaga,Texas,0.7783782506316975,0.22162174936830245
Gonzaga,High Point,0.8053351920015057,0.19466480799849423
Gonzaga,Hawaii,0.8740833637042459,0.12591663629575406
Gonzaga,Kennesaw St.,0.9185756734804147,0.08142432651958538
Gonzaga,Queens (N.C.),0.9327535696242633,0.06724643037573663
Gonzaga,Long Island,0.9425871857176455,0.05741281428235452
Arkansas,Wisconsin,0.5611549711629557,0.4388450288370443
Arkansas,BYU,0.6603919847933418,0.3396080152066583
Arkansas,Miami (FL),0.6875424458358195,0.3124575541641806
Arkansas,Villanova,0.7056617541503795,0.29433824584962054
Arkansas,Utah St.,0.6398953932369723,0.36010460676302763
Arkansas,Missouri,0.7689259023877976,0.2310740976122025
Arkansas,NC State,0.7465183546821701,0.2534816453178299
Arkansas,Texas,0.77485830120322,0.22514169879678003
Arkansas,High Point,0.8021345549636717,0.19786544503632836
Arkansas,Hawaii,0.8718331785177345,0.12816682148226552
Arkansas,Kennesaw St.,0.9170451265961866,0.08295487340381344
Arkansas,Queens (N.C.),0.9314696445001688,0.06853035549983116
Arkansas,Long Island,0.9414792327227529,0.05852076727724707
Wisconsin,BYU,0.6032895877125991,0.3967104122874009
Wisconsin,Miami (FL),0.6324644969318687,0.3675355030681314
Wisconsin,Villanova,0.6521618885256985,0.3478381114743016
Wisconsin,Utah St.,0.5815304929688395,0.4184695070311605
Wisconsin,Missouri,0.7224015322263453,0.27759846777365466
Wisconsin,NC State,0.6972587344830868,0.3027412655169131
Wisconsin,Texas,0.7291075615897675,0.27089243841023253
Wisconsin,High Point,0.7602113127227657,0.23978868727723437
Wisconsin,Hawaii,0.841764335777767,0.15823566422223295
Wisconsin,Kennesaw St.,0.8963219412684656,0.10367805873153438
Wisconsin,Queens (N.C.),0.9140120072922528,0.08598799270774711
Wisconsin,Long Island,0.9263699088895121,0.0736300911104878
BYU,Miami (FL),0.5308640627404553,0.4691359372595447
BYU,Villanova,0.5521508670193325,0.4478491329806674
BYU,Utah St.,0.4774823998031092,0.5225176001968908
BYU,Missouri,0.6311642395922606,0.3688357604077394
BYU,NC State,0.6023070811343971,0.3976929188656029
BYU,Texas,0.6389728218804328,0.36102717811956714
BYU,High Point,0.6758243310301271,0.3241756689698729
BYU,Hawaii,0.7776845861952822,0.22231541380471778
BYU,Kennesaw St.,0.8504097493137328,0.14959025068626725
BYU,Queens (N.C.),0.8748396929705021,0.12516030702949782
BYU,Long Island,0.8921631020029215,0.10783689799707852
Miami (FL),Villanova,0.521424744292576,0.478575255707424
Miami (FL),Utah St.,0.4467663234097551,0.5532336765902449
Miami (FL),Missouri,0.6019510752293716,0.3980489247706283
Miami (FL),NC State,0.5723569187430364,0.4276430812569636
Miami (FL),Texas,0.6099959669377153,0.39000403306228465
Miami (FL),High Point,0.6481766821456384,0.35182331785436155
Miami (FL),Hawaii,0.7555823722614665,0.24441762773853354
Miami (FL),Kennesaw St.,0.8339943747217482,0.16600562527825188
Miami (FL),Queens (N.C.),0.8606659154913276,0.1393340845086724
Miami (FL),Long Island,0.8796813044295347,0.12031869557046533
Villanova,Utah St.,0.42568062940966545,0.5743193705903346
Villanova,Missouri,0.5812360990911969,0.41876390090880306
Villanova,NC State,0.5512499711100995,0.4487500288899004
Villanova,Texas,0.5894140882912386,0.4105859117087614
Villanova,High Point,0.6283822109257884,0.3716177890742116
Villanova,Hawaii,0.7394012693760262,0.2605987306239738
Villanova,Kennesaw St.,0.8217799297298063,0.17822007027019365
Villanova,Queens (N.C.),0.8500611048917522,0.14993889510824782
Villanova,Long Island,0.8703056771443229,0.12969432285567706
Utah St.,Missouri,0.6518874392084828,0.34811256079151726
Utah St.,NC State,0.6236849443829807,0.3763150556170192
Utah St.,Texas,0.65949398203268,0.34050601796732005
Utah St.,High Point,0.6952498438056126,0.30475015619438744
Utah St.,Hawaii,0.7928769924952545,0.20712300750474558
Utah St.,Kennesaw St.,0.8615173042791694,0.13848269572083063
Utah St.,Queens (N.C.),0.8843798746842307,0.11562012531576918
Utah St.,Long Island,0.90053296166588,0.09946703833411998
Missouri,NC State,0.46950604425296466,0.5304939557470354
Missouri,Texas,0.5084227076605424,0.4915772923394575
Missouri,High Point,0.5491985308850414,0.4508014691149585
Missouri,Hawaii,0.6715070652187716,0.3284929347812285
Missouri,Kennesaw St.,0.7686321671982987,0.2313678328017013
Missouri,Queens (N.C.),0.8033287734154492,0.19667122658455072
Missouri,Long Island,0.8286109209633643,0.17138907903663575
NC State,Texas,0.5388767227572631,0.46112327724273694
NC State,High Point,0.5792171023219822,0.4207828976780178
NC State,Hawaii,0.6978618082432217,0.30213819175677825
NC State,Kennesaw St.,0.7896357360417781,0.21036426395822205
NC State,Queens (N.C.),0.8219123654139581,0.17808763458604196
NC State,Long Island,0.8452657327569578,0.15473426724304218
Texas,High Point,0.5408435229719117,0.4591564770280884
Texas,Hawaii,0.664032170788043,0.33596782921195695
Texas,Kennesaw St.,0.762585978403366,0.23741402159663408
Texas,Queens (N.C.),0.7979509451473706,0.20204905485262942
Texas,Long Island,0.8237727581312027,0.17622724186879746
High Point,Hawaii,0.6265808379385437,0.3734191620614563
High Point,Kennesaw St.,0.731681534353449,0.26831846564655104
High Point,Queens (N.C.),0.770263147082837,0.22973685291716286
High Point,Long Island,0.7987309304560322,0.20126906954396775
Hawaii,Kennesaw St.,0.6190680679260444,0.38093193207395565
Hawaii,Queens (N.C.),0.6664609104304058,0.33353908956959427
Hawaii,Long Island,0.7028288592527502,0.29717114074724976
Kennesaw St.,Queens (N.C.),0.5514737155242804,0.4485262844757196
Kennesaw St.,Long Island,0.5927174614283809,0.4072825385716191
Queens (N.C.),Long Island,0.5420464140049882,0.4579535859950117
